,_MEMBER_ENSG00000002079_14,_LogP_ENSG00000002079_14,GO,Description,_PATTERN_,_RANK_,GiniIndex
19_GO:0043491,1,-5.9,GO:0043491,protein kinase B signaling,M1,1,0
6_R-HSA-425393,1,-2.3,R-HSA-425393,Transport of inorganic cations/anions and amino acids/oligopeptides,M1,1,0
19_GO:0060986,1,-2.9,GO:0060986,endocrine hormone secretion,M1,1,0
6_R-HSA-1296053,1,-3.8,R-HSA-1296053,Classical Kir channels,M1,1,0
19_GO:0002027,1,-3,GO:0002027,regulation of heart rate,M1,1,0
19_GO:0044557,1,-2.4,GO:0044557,relaxation of smooth muscle,M1,1,0
19_GO:0010496,1,-4.6,GO:0010496,intercellular transport,M1,1,0
19_GO:0042594,1,-2.9,GO:0042594,response to starvation,M1,1,0
19_GO:0048732,1,-7.3,GO:0048732,gland development,M1,1,0
19_GO:0032755,1,-3.8,GO:0032755,positive regulation of interleukin-6 production,M1,1,0
19_GO:0030879,1,-2.7,GO:0030879,mammary gland development,M1,1,0
19_GO:0035282,1,-3.1,GO:0035282,segmentation,M1,1,0
6_R-HSA-5173214,1,-3.5,R-HSA-5173214,O-glycosylation of TSR domain-containing proteins,M1,1,0
19_GO:2000341,1,-2.1,GO:2000341,regulation of chemokine (C-X-C motif) ligand 2 production,M1,1,0
19_GO:2001236,1,-2.9,GO:2001236,regulation of extrinsic apoptotic signaling pathway,M1,1,0
11_M3008,1,-3.2,M3008,NABA ECM GLYCOPROTEINS,M1,1,0
19_GO:0030217,1,-3.4,GO:0030217,T cell differentiation,M1,1,0
19_GO:0051785,1,-4,GO:0051785,positive regulation of nuclear division,M1,1,0
19_GO:0034340,1,-4.3,GO:0034340,response to type I interferon,M1,1,0
19_GO:0040037,1,-3.1,GO:0040037,negative regulation of fibroblast growth factor receptor signaling pathway,M1,1,0
19_GO:0050863,1,-2.7,GO:0050863,regulation of T cell activation,M1,1,0
24_hsa05132,1,-2.5,hsa05132,Salmonella infection,M1,1,0
19_GO:0090596,1,-4.8,GO:0090596,sensory organ morphogenesis,M1,1,0
19_GO:0007610,1,-4,GO:0007610,behavior,M1,1,0
19_GO:0031667,1,-4.3,GO:0031667,response to nutrient levels,M1,1,0
19_GO:0051302,1,-2.6,GO:0051302,regulation of cell division,M1,1,0
19_GO:0072009,1,-4.5,GO:0072009,nephron epithelium development,M1,1,0
6_R-HSA-449147,1,-8.5,R-HSA-449147,Signaling by Interleukins,M1,1,0
24_hsa04072,1,-2.7,hsa04072,Phospholipase D signaling pathway,M1,1,0
19_GO:1904951,1,-3.6,GO:1904951,positive regulation of establishment of protein localization,M1,1,0
24_hsa04668,1,-6.6,hsa04668,TNF signaling pathway,M1,1,0
19_GO:1901342,1,-4.2,GO:1901342,regulation of vasculature development,M1,1,0
19_GO:0030947,1,-2.1,GO:0030947,regulation of vascular endothelial growth factor receptor signaling pathway,M1,1,0
6_R-HSA-9006931,1,-2.2,R-HSA-9006931,Signaling by Nuclear Receptors,M1,1,0
19_GO:0034698,1,-2.6,GO:0034698,response to gonadotropin,M1,1,0
19_GO:1901722,1,-2.8,GO:1901722,regulation of cell proliferation involved in kidney development,M1,1,0
19_GO:0051048,1,-4.3,GO:0051048,negative regulation of secretion,M1,1,0
19_GO:0048568,1,-6.6,GO:0048568,embryonic organ development,M1,1,0
19_GO:0001778,1,-2.1,GO:0001778,plasma membrane repair,M1,1,0
19_GO:0090288,1,-3.5,GO:0090288,negative regulation of cellular response to growth factor stimulus,M1,1,0
6_R-HSA-5173105,1,-2.7,R-HSA-5173105,O-linked glycosylation,M1,1,0
19_GO:0006979,1,-3.4,GO:0006979,response to oxidative stress,M1,1,0
19_GO:0032874,1,-3.4,GO:0032874,positive regulation of stress-activated MAPK cascade,M1,1,0
19_GO:0019433,1,-2.1,GO:0019433,triglyceride catabolic process,M1,1,0
19_GO:1901522,1,-2.2,GO:1901522,positive regulation of transcription from RNA polymerase II promoter involved in cellular response t,M1,1,0
19_GO:0022408,1,-3.1,GO:0022408,negative regulation of cell-cell adhesion,M1,1,0
19_GO:0003151,1,-3.3,GO:0003151,outflow tract morphogenesis,M1,1,0
19_GO:0021700,1,-4.5,GO:0021700,developmental maturation,M1,1,0
11_M5884,1,-4.7,M5884,NABA CORE MATRISOME,M1,1,0
19_GO:0001659,1,-6.6,GO:0001659,temperature homeostasis,M1,1,0
6_R-HSA-5576891,1,-2.8,R-HSA-5576891,Cardiac conduction,M1,1,0
19_GO:0071356,1,-2.7,GO:0071356,cellular response to tumor necrosis factor,M1,1,0
24_hsa04664,1,-2.6,hsa04664,Fc epsilon RI signaling pathway,M1,1,0
19_GO:0072672,1,-2.9,GO:0072672,neutrophil extravasation,M1,1,0
19_GO:1990830,1,-3.2,GO:1990830,cellular response to leukemia inhibitory factor,M1,1,0
19_GO:2000543,1,-2.1,GO:2000543,positive regulation of gastrulation,M1,1,0
19_GO:1903531,1,-4.1,GO:1903531,negative regulation of secretion by cell,M1,1,0
6_R-HSA-209822,1,-2.1,R-HSA-209822,Glycoprotein hormones,M1,1,0
19_GO:0070167,1,-4.6,GO:0070167,regulation of biomineral tissue development,M1,1,0
19_GO:0043542,1,-3.9,GO:0043542,endothelial cell migration,M1,1,0
19_GO:0043117,1,-3.4,GO:0043117,positive regulation of vascular permeability,M1,1,0
19_GO:0050890,1,-2.3,GO:0050890,cognition,M1,1,0
19_GO:0010563,1,-7.5,GO:0010563,negative regulation of phosphorus metabolic process,M1,1,0
19_GO:0045932,1,-2.6,GO:0045932,negative regulation of muscle contraction,M1,1,0
19_GO:0031669,1,-3.1,GO:0031669,cellular response to nutrient levels,M1,1,0
19_GO:0048048,1,-3.8,GO:0048048,embryonic eye morphogenesis,M1,1,0
19_GO:0050673,1,-7.5,GO:0050673,epithelial cell proliferation,M1,1,0
19_GO:0072593,1,-3.3,GO:0072593,reactive oxygen species metabolic process,M1,1,0
19_GO:0060445,1,-2.1,GO:0060445,branching involved in salivary gland morphogenesis,M1,1,0
19_GO:0071676,1,-2.7,GO:0071676,negative regulation of mononuclear cell migration,M1,1,0
19_GO:0045080,1,-3.2,GO:0045080,positive regulation of chemokine biosynthetic process,M1,1,0
19_GO:0097190,1,-4.2,GO:0097190,apoptotic signaling pathway,M1,1,0
19_GO:0090257,1,-3.8,GO:0090257,regulation of muscle system process,M1,1,0
19_GO:0010959,1,-3.4,GO:0010959,regulation of metal ion transport,M1,1,0
19_GO:1901950,1,-4,GO:1901950,dense core granule transport,M1,1,0
19_GO:0000904,1,-5.8,GO:0000904,cell morphogenesis involved in differentiation,M1,1,0
19_GO:0032103,1,-3.6,GO:0032103,positive regulation of response to external stimulus,M1,1,0
19_GO:0033032,1,-2.5,GO:0033032,regulation of myeloid cell apoptotic process,M1,1,0
6_R-HSA-114604,1,-2.9,R-HSA-114604,GPVI-mediated activation cascade,M1,1,0
24_hsa04950,1,-2.7,hsa04950,Maturity onset diabetes of the young,M1,1,0
19_GO:0021871,1,-2.9,GO:0021871,forebrain regionalization,M1,1,0
19_GO:0046850,1,-2.2,GO:0046850,regulation of bone remodeling,M1,1,0
19_GO:0042088,1,-2.4,GO:0042088,T-helper 1 type immune response,M1,1,0
19_GO:0021612,1,-2.5,GO:0021612,facial nerve structural organization,M1,1,0
19_GO:0009214,1,-2.9,GO:0009214,cyclic nucleotide catabolic process,M1,1,0
19_GO:0050808,1,-3.1,GO:0050808,synapse organization,M1,1,0
19_GO:0008406,1,-4,GO:0008406,gonad development,M1,1,0
19_GO:0072574,1,-3.5,GO:0072574,hepatocyte proliferation,M1,1,0
19_GO:0098542,1,-3.8,GO:0098542,defense response to other organism,M1,1,0
19_GO:0007423,1,-5.5,GO:0007423,sensory organ development,M1,1,0
19_GO:0001654,1,-4,GO:0001654,eye development,M1,1,0
19_GO:0038061,1,-2.6,GO:0038061,NIK/NF-kappaB signaling,M1,1,0
19_GO:0007623,1,-2.1,GO:0007623,circadian rhythm,M1,1,0
19_GO:0003013,1,-10,GO:0003013,circulatory system process,M1,1,0
19_GO:0050718,1,-3,GO:0050718,positive regulation of interleukin-1 beta secretion,M1,1,0
19_GO:0090130,1,-4.4,GO:0090130,tissue migration,M1,1,0
19_GO:0001781,1,-2.7,GO:0001781,neutrophil apoptotic process,M1,1,0
24_hsa05200,1,-4.4,hsa05200,Pathways in cancer,M1,1,0
19_GO:0022407,1,-5.9,GO:0022407,regulation of cell-cell adhesion,M1,1,0
19_GO:0001656,1,-3.5,GO:0001656,metanephros development,M1,1,0
19_GO:0051223,1,-4.6,GO:0051223,regulation of protein transport,M1,1,0
19_GO:0051047,1,-8,GO:0051047,positive regulation of secretion,M1,1,0
19_GO:0034405,1,-2,GO:0034405,response to fluid shear stress,M1,1,0
19_GO:0051051,1,-5.2,GO:0051051,negative regulation of transport,M1,1,0
19_GO:0034766,1,-2.4,GO:0034766,negative regulation of ion transmembrane transport,M1,1,0
19_GO:0050663,1,-5.7,GO:0050663,cytokine secretion,M1,1,0
19_GO:0086026,1,-2.3,GO:0086026,atrial cardiac muscle cell to AV node cell signaling,M1,1,0
19_GO:0061045,1,-2.8,GO:0061045,negative regulation of wound healing,M1,1,0
19_GO:0010001,1,-3.1,GO:0010001,glial cell differentiation,M1,1,0
19_GO:0030900,1,-3.2,GO:0030900,forebrain development,M1,1,0
19_GO:0002269,1,-2.2,GO:0002269,leukocyte activation involved in inflammatory response,M1,1,0
19_GO:0044057,1,-9.4,GO:0044057,regulation of system process,M1,1,0
19_GO:0071384,1,-5.1,GO:0071384,cellular response to corticosteroid stimulus,M1,1,0
19_GO:0001954,1,-2,GO:0001954,positive regulation of cell-matrix adhesion,M1,1,0
19_GO:0035335,1,-2.5,GO:0035335,peptidyl-tyrosine dephosphorylation,M1,1,0
19_GO:0010566,1,-3.8,GO:0010566,regulation of ketone biosynthetic process,M1,1,0
19_GO:0055092,1,-2.1,GO:0055092,sterol homeostasis,M1,1,0
19_GO:0061900,1,-3,GO:0061900,glial cell activation,M1,1,0
19_GO:0010718,1,-2.1,GO:0010718,positive regulation of epithelial to mesenchymal transition,M1,1,0
6_R-HSA-109582,1,-3.3,R-HSA-109582,Hemostasis,M1,1,0
24_hsa05140,1,-3,hsa05140,Leishmaniasis,M1,1,0
19_GO:0045576,1,-3.4,GO:0045576,mast cell activation,M1,1,0
19_GO:0001568,1,-11,GO:0001568,blood vessel development,M1,1,0
19_GO:0032526,1,-3.9,GO:0032526,response to retinoic acid,M1,1,0
19_GO:0019932,1,-4.7,GO:0019932,second-messenger-mediated signaling,M1,1,0
19_GO:0050755,1,-2.7,GO:0050755,chemokine metabolic process,M1,1,0
19_GO:0051896,1,-4.7,GO:0051896,regulation of protein kinase B signaling,M1,1,0
19_GO:0046632,1,-2.5,GO:0046632,alpha-beta T cell differentiation,M1,1,0
19_GO:0034763,1,-3.2,GO:0034763,negative regulation of transmembrane transport,M1,1,0
19_GO:0060992,1,-2.2,GO:0060992,response to fungicide,M1,1,0
19_GO:0035637,1,-3.9,GO:0035637,multicellular organismal signaling,M1,1,0
6_R-HSA-3781865,1,-2.3,R-HSA-3781865,Diseases of glycosylation,M1,1,0
19_GO:0002275,1,-2.6,GO:0002275,myeloid cell activation involved in immune response,M1,1,0
19_GO:0001817,1,-7.4,GO:0001817,regulation of cytokine production,M1,1,0
19_GO:0007599,1,-2.6,GO:0007599,hemostasis,M1,1,0
19_GO:0009267,1,-2.6,GO:0009267,cellular response to starvation,M1,1,0
19_GO:0072078,1,-2.9,GO:0072078,nephron tubule morphogenesis,M1,1,0
6_R-HSA-5638302,1,-4,R-HSA-5638302,Signaling by Overexpressed Wild-Type EGFR in Cancer,M1,1,0
19_GO:0048525,1,-2.1,GO:0048525,negative regulation of viral process,M1,1,0
19_GO:0048710,1,-2.4,GO:0048710,regulation of astrocyte differentiation,M1,1,0
24_hsa04380,1,-2.6,hsa04380,Osteoclast differentiation,M1,1,0
19_GO:0002274,1,-4.4,GO:0002274,myeloid leukocyte activation,M1,1,0
19_GO:1900077,1,-2.6,GO:1900077,negative regulation of cellular response to insulin stimulus,M1,1,0
19_GO:0046884,1,-2.9,GO:0046884,follicle-stimulating hormone secretion,M1,1,0
19_GO:0098659,1,-3.1,GO:0098659,inorganic cation import across plasma membrane,M1,1,0
19_GO:0072182,1,-2,GO:0072182,regulation of nephron tubule epithelial cell differentiation,M1,1,0
24_hsa05418,1,-4.9,hsa05418,Fluid shear stress and atherosclerosis,M1,1,0
19_GO:0002703,1,-2.6,GO:0002703,regulation of leukocyte mediated immunity,M1,1,0
19_GO:0071407,1,-4.6,GO:0071407,cellular response to organic cyclic compound,M1,1,0
19_GO:0045986,1,-2.7,GO:0045986,negative regulation of smooth muscle contraction,M1,1,0
19_GO:0032674,1,-4,GO:0032674,regulation of interleukin-5 production,M1,1,0
19_GO:0050870,1,-2.2,GO:0050870,positive regulation of T cell activation,M1,1,0
19_GO:0002700,1,-2.4,GO:0002700,regulation of production of molecular mediator of immune response,M1,1,0
19_GO:0046475,1,-2,GO:0046475,glycerophospholipid catabolic process,M1,1,0
19_GO:1990266,1,-4.1,GO:1990266,neutrophil migration,M1,1,0
19_GO:0045073,1,-2.8,GO:0045073,regulation of chemokine biosynthetic process,M1,1,0
19_GO:0033500,1,-4.2,GO:0033500,carbohydrate homeostasis,M1,1,0
11_M54,1,-2.8,M54,PID IL12 2PATHWAY,M1,1,0
19_GO:0051897,1,-4.2,GO:0051897,positive regulation of protein kinase B signaling,M1,1,0
19_GO:0002237,1,-9.8,GO:0002237,response to molecule of bacterial origin,M1,1,0
19_GO:0021879,1,-2.5,GO:0021879,forebrain neuron differentiation,M1,1,0
19_GO:0048754,1,-5.2,GO:0048754,branching morphogenesis of an epithelial tube,M1,1,0
19_GO:0042462,1,-2.1,GO:0042462,eye photoreceptor cell development,M1,1,0
19_GO:0007492,1,-2.3,GO:0007492,endoderm development,M1,1,0
19_GO:0050886,1,-4.4,GO:0050886,endocrine process,M1,1,0
19_GO:0003007,1,-2.6,GO:0003007,heart morphogenesis,M1,1,0
19_GO:0010634,1,-2.1,GO:0010634,positive regulation of epithelial cell migration,M1,1,0
19_GO:0097485,1,-5.6,GO:0097485,neuron projection guidance,M1,1,0
11_M255,1,-3.3,M255,PID HIF1 TFPATHWAY,M1,1,0
19_GO:0086009,1,-2.1,GO:0086009,membrane repolarization,M1,1,0
19_GO:1901222,1,-2.9,GO:1901222,regulation of NIK/NF-kappaB signaling,M1,1,0
11_M167,1,-3.1,M167,PID AP1 PATHWAY,M1,1,0
6_R-HSA-5638303,1,-4,R-HSA-5638303,Inhibition of Signaling by Overexpressed EGFR,M1,1,0
19_GO:0052547,1,-2.5,GO:0052547,regulation of peptidase activity,M1,1,0
19_GO:0035296,1,-3.7,GO:0035296,regulation of tube diameter,M1,1,0
19_GO:0032494,1,-2.2,GO:0032494,response to peptidoglycan,M1,1,0
6_R-HSA-4420097,1,-2.6,R-HSA-4420097,VEGFA-VEGFR2 Pathway,M1,1,0
19_GO:0002009,1,-6.5,GO:0002009,morphogenesis of an epithelium,M1,1,0
19_GO:0010717,1,-2.9,GO:0010717,regulation of epithelial to mesenchymal transition,M1,1,0
19_GO:0048871,1,-4.2,GO:0048871,multicellular organismal homeostasis,M1,1,0
6_R-HSA-182971,1,-3.2,R-HSA-182971,EGFR downregulation,M1,1,0
19_GO:0001525,1,-9.2,GO:0001525,angiogenesis,M1,1,0
19_GO:0048736,1,-2.3,GO:0048736,appendage development,M1,1,0
19_GO:0032609,1,-4.3,GO:0032609,interferon-gamma production,M1,1,0
19_GO:0001938,1,-4.4,GO:0001938,positive regulation of endothelial cell proliferation,M1,1,0
19_GO:0046434,1,-2.8,GO:0046434,organophosphate catabolic process,M1,1,0
19_GO:0042118,1,-2.1,GO:0042118,endothelial cell activation,M1,1,0
19_GO:0086018,1,-2.5,GO:0086018,SA node cell to atrial cardiac muscle cell signaling,M1,1,0
19_GO:0046328,1,-2.6,GO:0046328,regulation of JNK cascade,M1,1,0
19_GO:1901214,1,-2.7,GO:1901214,regulation of neuron death,M1,1,0
19_GO:1904938,1,-3.4,GO:1904938,planar cell polarity pathway involved in axon guidance,M1,1,0
19_GO:0071248,1,-2.1,GO:0071248,cellular response to metal ion,M1,1,0
19_GO:0070848,1,-8.2,GO:0070848,response to growth factor,M1,1,0
19_GO:0060070,1,-2,GO:0060070,canonical Wnt signaling pathway,M1,1,0
19_GO:0035690,1,-3.8,GO:0035690,cellular response to drug,M1,1,0
19_GO:0050922,1,-2.1,GO:0050922,negative regulation of chemotaxis,M1,1,0
19_GO:0051592,1,-2.2,GO:0051592,response to calcium ion,M1,1,0
19_GO:0022405,1,-2.4,GO:0022405,hair cycle process,M1,1,0
19_GO:0072077,1,-2.5,GO:0072077,renal vesicle morphogenesis,M1,1,0
19_GO:1904019,1,-3.1,GO:1904019,epithelial cell apoptotic process,M1,1,0
19_GO:0001893,1,-2.9,GO:0001893,maternal placenta development,M1,1,0
19_GO:0071277,1,-2.6,GO:0071277,cellular response to calcium ion,M1,1,0
19_GO:0006600,1,-2.7,GO:0006600,creatine metabolic process,M1,1,0
19_GO:0046880,1,-3.1,GO:0046880,regulation of follicle-stimulating hormone secretion,M1,1,0
19_GO:0010469,1,-2,GO:0010469,regulation of signaling receptor activity,M1,1,0
19_GO:0035051,1,-2.6,GO:0035051,cardiocyte differentiation,M1,1,0
6_R-HSA-425407,1,-4,R-HSA-425407,SLC-mediated transmembrane transport,M1,1,0
19_GO:0048660,1,-2.1,GO:0048660,regulation of smooth muscle cell proliferation,M1,1,0
19_GO:0006941,1,-2,GO:0006941,striated muscle contraction,M1,1,0
19_GO:0002551,1,-2.1,GO:0002551,mast cell chemotaxis,M1,1,0
19_GO:0002793,1,-6.8,GO:0002793,positive regulation of peptide secretion,M1,1,0
19_GO:0060135,1,-2.7,GO:0060135,maternal process involved in female pregnancy,M1,1,0
19_GO:0032722,1,-3.7,GO:0032722,positive regulation of chemokine production,M1,1,0
19_GO:1903391,1,-2,GO:1903391,regulation of adherens junction organization,M1,1,0
19_GO:0051091,1,-2.6,GO:0051091,positive regulation of DNA-binding transcription factor activity,M1,1,0
19_GO:2000116,1,-2.6,GO:2000116,regulation of cysteine-type endopeptidase activity,M1,1,0
6_R-HSA-2219528,1,-2,R-HSA-2219528,PI3K/AKT Signaling in Cancer,M1,1,0
19_GO:0071214,1,-2.4,GO:0071214,cellular response to abiotic stimulus,M1,1,0
19_GO:0007507,1,-3.5,GO:0007507,heart development,M1,1,0
6_R-HSA-190872,1,-2.4,R-HSA-190872,Transport of connexons to the plasma membrane,M1,1,0
19_GO:0097756,1,-3.1,GO:0097756,negative regulation of blood vessel diameter,M1,1,0
19_GO:0007611,1,-2.3,GO:0007611,learning or memory,M1,1,0
19_GO:0051962,1,-5.3,GO:0051962,positive regulation of nervous system development,M1,1,0
19_GO:0046890,1,-2.7,GO:0046890,regulation of lipid biosynthetic process,M1,1,0
19_GO:0099566,1,-2.1,GO:0099566,regulation of postsynaptic cytosolic calcium ion concentration,M1,1,0
19_GO:1900076,1,-2.3,GO:1900076,regulation of cellular response to insulin stimulus,M1,1,0
6_R-HSA-1296065,1,-2.4,R-HSA-1296065,Inwardly rectifying K+ channels,M1,1,0
19_GO:0002724,1,-2.4,GO:0002724,regulation of T cell cytokine production,M1,1,0
19_GO:0010761,1,-3.4,GO:0010761,fibroblast migration,M1,1,0
6_R-HSA-157858,1,-2.8,R-HSA-157858,Gap junction trafficking and regulation,M1,1,0
19_GO:0045598,1,-2.6,GO:0045598,regulation of fat cell differentiation,M1,1,0
19_GO:0071222,1,-7.7,GO:0071222,cellular response to lipopolysaccharide,M1,1,0
19_GO:0048103,1,-2.8,GO:0048103,somatic stem cell division,M1,1,0
19_GO:0032635,1,-3.2,GO:0032635,interleukin-6 production,M1,1,0
19_GO:0060389,1,-4,GO:0060389,pathway-restricted SMAD protein phosphorylation,M1,1,0
19_GO:0050730,1,-4.8,GO:0050730,regulation of peptidyl-tyrosine phosphorylation,M1,1,0
19_GO:1905332,1,-2.1,GO:1905332,positive regulation of morphogenesis of an epithelium,M1,1,0
19_GO:0097191,1,-2.9,GO:0097191,extrinsic apoptotic signaling pathway,M1,1,0
19_GO:0031018,1,-2.3,GO:0031018,endocrine pancreas development,M1,1,0
19_GO:0030324,1,-4.9,GO:0030324,lung development,M1,1,0
19_GO:0007272,1,-2.5,GO:0007272,ensheathment of neurons,M1,1,0
6_R-HSA-399956,1,-2.7,R-HSA-399956,CRMPs in Sema3A signaling,M1,1,0
19_GO:0048662,1,-3.2,GO:0048662,negative regulation of smooth muscle cell proliferation,M1,1,0
19_GO:0072111,1,-4,GO:0072111,cell proliferation involved in kidney development,M1,1,0
19_GO:0001503,1,-4.4,GO:0001503,ossification,M1,1,0
19_GO:0071696,1,-2,GO:0071696,ectodermal placode development,M1,1,0
19_GO:0034762,1,-5.9,GO:0034762,regulation of transmembrane transport,M1,1,0
19_GO:1902285,1,-2,GO:1902285,semaphorin-plexin signaling pathway involved in neuron projection guidance,M1,1,0
19_GO:0003416,1,-3.1,GO:0003416,endochondral bone growth,M1,1,0
19_GO:0001101,1,-7.6,GO:0001101,response to acid chemical,M1,1,0
19_GO:0001776,1,-3,GO:0001776,leukocyte homeostasis,M1,1,0
19_GO:0071233,1,-2.4,GO:0071233,cellular response to leucine,M1,1,0
19_GO:0034114,1,-2.6,GO:0034114,regulation of heterotypic cell-cell adhesion,M1,1,0
19_GO:0048608,1,-6.5,GO:0048608,reproductive structure development,M1,1,0
19_GO:0002279,1,-3.4,GO:0002279,mast cell activation involved in immune response,M1,1,0
19_GO:0042094,1,-2.2,GO:0042094,interleukin-2 biosynthetic process,M1,1,0
19_GO:0042033,1,-2.7,GO:0042033,chemokine biosynthetic process,M1,1,0
19_GO:0045667,1,-2.7,GO:0045667,regulation of osteoblast differentiation,M1,1,0
19_GO:0007249,1,-2.1,GO:0007249,I-kappaB kinase/NF-kappaB signaling,M1,1,0
24_hsa05162,1,-3,hsa05162,Measles,M1,1,0
19_GO:0032640,1,-3.1,GO:0032640,tumor necrosis factor production,M1,1,0
19_GO:0072576,1,-3.4,GO:0072576,liver morphogenesis,M1,1,0
19_GO:0003309,1,-2.8,GO:0003309,type B pancreatic cell differentiation,M1,1,0
19_GO:0046394,1,-2.3,GO:0046394,carboxylic acid biosynthetic process,M1,1,0
19_GO:0048514,1,-9.5,GO:0048514,blood vessel morphogenesis,M1,1,0
19_GO:0032872,1,-4.8,GO:0032872,regulation of stress-activated MAPK cascade,M1,1,0
19_GO:0051347,1,-6.1,GO:0051347,positive regulation of transferase activity,M1,1,0
19_GO:0007596,1,-2.3,GO:0007596,blood coagulation,M1,1,0
19_GO:0090287,1,-4.7,GO:0090287,regulation of cellular response to growth factor stimulus,M1,1,0
19_GO:0007187,1,-4.3,GO:0007187,"G protein-coupled receptor signaling pathway, coupled to cyclic nucleotide second messenger",M1,1,0
19_GO:0019933,1,-3.4,GO:0019933,cAMP-mediated signaling,M1,1,0
19_GO:0090184,1,-5.1,GO:0090184,positive regulation of kidney development,M1,1,0
19_GO:0046885,1,-4.5,GO:0046885,regulation of hormone biosynthetic process,M1,1,0
19_GO:0040013,1,-2.7,GO:0040013,negative regulation of locomotion,M1,1,0
19_GO:0009914,1,-4.8,GO:0009914,hormone transport,M1,1,0
19_GO:0070838,1,-3.5,GO:0070838,divalent metal ion transport,M1,1,0
19_GO:0002374,1,-2.3,GO:0002374,cytokine secretion involved in immune response,M1,1,0
19_GO:0072163,1,-3.7,GO:0072163,mesonephric epithelium development,M1,1,0
19_GO:0097475,1,-3.1,GO:0097475,motor neuron migration,M1,1,0
19_GO:0036294,1,-2.3,GO:0036294,cellular response to decreased oxygen levels,M1,1,0
19_GO:0048592,1,-4.1,GO:0048592,eye morphogenesis,M1,1,0
19_GO:1904018,1,-5.1,GO:1904018,positive regulation of vasculature development,M1,1,0
19_GO:0050900,1,-5.3,GO:0050900,leukocyte migration,M1,1,0
19_GO:0070169,1,-4.5,GO:0070169,positive regulation of biomineral tissue development,M1,1,0
19_GO:0003279,1,-4.4,GO:0003279,cardiac septum development,M1,1,0
19_GO:0042593,1,-4.2,GO:0042593,glucose homeostasis,M1,1,0
19_GO:0007264,1,-3.7,GO:0007264,small GTPase mediated signal transduction,M1,1,0
19_GO:0032970,1,-3.1,GO:0032970,regulation of actin filament-based process,M1,1,0
11_M45,1,-2.4,M45,PID CD40 PATHWAY,M1,1,0
19_GO:1902548,1,-2.8,GO:1902548,negative regulation of cellular response to vascular endothelial growth factor stimulus,M1,1,0
19_GO:2000508,1,-2.5,GO:2000508,regulation of dendritic cell chemotaxis,M1,1,0
19_GO:0097327,1,-2.7,GO:0097327,response to antineoplastic agent,M1,1,0
19_GO:0098801,1,-2.9,GO:0098801,regulation of renal system process,M1,1,0
19_GO:0007162,1,-3.9,GO:0007162,negative regulation of cell adhesion,M1,1,0
19_GO:0060993,1,-3.3,GO:0060993,kidney morphogenesis,M1,1,0
19_GO:0034765,1,-5.3,GO:0034765,regulation of ion transmembrane transport,M1,1,0
19_GO:1902547,1,-3.8,GO:1902547,regulation of cellular response to vascular endothelial growth factor stimulus,M1,1,0
19_GO:0002695,1,-2.4,GO:0002695,negative regulation of leukocyte activation,M1,1,0
19_GO:0003093,1,-2.2,GO:0003093,regulation of glomerular filtration,M1,1,0
19_GO:0030072,1,-2.1,GO:0030072,peptide hormone secretion,M1,1,0
19_GO:0033627,1,-3.2,GO:0033627,cell adhesion mediated by integrin,M1,1,0
19_GO:0008585,1,-2.7,GO:0008585,female gonad development,M1,1,0
24_hsa05202,1,-4.1,hsa05202,Transcriptional misregulation in cancer,M1,1,0
19_GO:0002694,1,-5.4,GO:0002694,regulation of leukocyte activation,M1,1,0
19_GO:0035107,1,-2.2,GO:0035107,appendage morphogenesis,M1,1,0
19_GO:0007254,1,-2.7,GO:0007254,JNK cascade,M1,1,0
19_GO:0050866,1,-4.5,GO:0050866,negative regulation of cell activation,M1,1,0
11_M65,1,-5.4,M65,PID FRA PATHWAY,M1,1,0
19_GO:0032651,1,-4.7,GO:0032651,regulation of interleukin-1 beta production,M1,1,0
19_GO:0034612,1,-2.7,GO:0034612,response to tumor necrosis factor,M1,1,0
19_GO:0030856,1,-5.5,GO:0030856,regulation of epithelial cell differentiation,M1,1,0
19_GO:0090183,1,-4.6,GO:0090183,regulation of kidney development,M1,1,0
19_GO:0003018,1,-6,GO:0003018,vascular process in circulatory system,M1,1,0
19_GO:0070059,1,-2.8,GO:0070059,intrinsic apoptotic signaling pathway in response to endoplasmic reticulum stress,M1,1,0
19_GO:1904469,1,-3.2,GO:1904469,positive regulation of tumor necrosis factor secretion,M1,1,0
19_GO:0099587,1,-3.1,GO:0099587,inorganic ion import across plasma membrane,M1,1,0
11_M60,1,-2.9,M60,PID NFAT TFPATHWAY,M1,1,0
19_GO:0009617,1,-8.6,GO:0009617,response to bacterium,M1,1,0
19_GO:0048644,1,-2.4,GO:0048644,muscle organ morphogenesis,M1,1,0
19_GO:0071347,1,-3.2,GO:0071347,cellular response to interleukin-1,M1,1,0
19_GO:0035787,1,-3.4,GO:0035787,cell migration involved in kidney development,M1,1,0
24_hsa04933,1,-3.1,hsa04933,AGE-RAGE signaling pathway in diabetic complications,M1,1,0
19_GO:0072006,1,-6.1,GO:0072006,nephron development,M1,1,0
19_GO:0001780,1,-2.7,GO:0001780,neutrophil homeostasis,M1,1,0
6_R-HSA-71288,1,-3.4,R-HSA-71288,Creatine metabolism,M1,1,0
19_GO:0018108,1,-4.7,GO:0018108,peptidyl-tyrosine phosphorylation,M1,1,0
19_GO:0060373,1,-2.5,GO:0060373,regulation of ventricular cardiac muscle cell membrane depolarization,M1,1,0
19_GO:0035725,1,-2.4,GO:0035725,sodium ion transmembrane transport,M1,1,0
19_GO:0021537,1,-3.5,GO:0021537,telencephalon development,M1,1,0
19_GO:0046886,1,-3.4,GO:0046886,positive regulation of hormone biosynthetic process,M1,1,0
19_GO:0043200,1,-2.2,GO:0043200,response to amino acid,M1,1,0
19_GO:0071379,1,-3.1,GO:0071379,cellular response to prostaglandin stimulus,M1,1,0
19_GO:0030593,1,-3.5,GO:0030593,neutrophil chemotaxis,M1,1,0
19_GO:0046545,1,-2.5,GO:0046545,development of primary female sexual characteristics,M1,1,0
19_GO:0090092,1,-2.2,GO:0090092,regulation of transmembrane receptor protein serine/threonine kinase signaling pathway,M1,1,0
19_GO:1903979,1,-2.9,GO:1903979,negative regulation of microglial cell activation,M1,1,0
19_GO:0001819,1,-5.3,GO:0001819,positive regulation of cytokine production,M1,1,0
19_GO:0050714,1,-6.4,GO:0050714,positive regulation of protein secretion,M1,1,0
6_R-HSA-2871796,1,-2.3,R-HSA-2871796,FCERI mediated MAPK activation,M1,1,0
19_GO:0009615,1,-4.3,GO:0009615,response to virus,M1,1,0
19_GO:2000027,1,-3.9,GO:2000027,regulation of animal organ morphogenesis,M1,1,0
19_GO:0001649,1,-3.3,GO:0001649,osteoblast differentiation,M1,1,0
19_GO:0051899,1,-6.1,GO:0051899,membrane depolarization,M1,1,0
19_GO:0086003,1,-3.8,GO:0086003,cardiac muscle cell contraction,M1,1,0
11_M272,1,-2.1,M272,PID CD8 TCR DOWNSTREAM PATHWAY,M1,1,0
19_GO:0030205,1,-2,GO:0030205,dermatan sulfate metabolic process,M1,1,0
19_GO:0032743,1,-3.2,GO:0032743,positive regulation of interleukin-2 production,M1,1,0
19_GO:0045071,1,-2.3,GO:0045071,negative regulation of viral genome replication,M1,1,0
19_GO:0070588,1,-3,GO:0070588,calcium ion transmembrane transport,M1,1,0
6_R-HSA-5083635,1,-3.5,R-HSA-5083635,Defective B3GALTL causes Peters-plus syndrome (PpS),M1,1,0
19_GO:0016053,1,-2.3,GO:0016053,organic acid biosynthetic process,M1,1,0
19_GO:0070252,1,-2.1,GO:0070252,actin-mediated cell contraction,M1,1,0
19_GO:0042398,1,-2.1,GO:0042398,cellular modified amino acid biosynthetic process,M1,1,0
19_GO:0051101,1,-2.3,GO:0051101,regulation of DNA binding,M1,1,0
19_GO:0086015,1,-2.5,GO:0086015,SA node cell action potential,M1,1,0
19_GO:0035265,1,-2.6,GO:0035265,organ growth,M1,1,0
19_GO:0010632,1,-2.7,GO:0010632,regulation of epithelial cell migration,M1,1,0
19_GO:0031077,1,-2.9,GO:0031077,post-embryonic camera-type eye development,M1,1,0
19_GO:0002521,1,-6.6,GO:0002521,leukocyte differentiation,M1,1,0
19_GO:0048738,1,-2,GO:0048738,cardiac muscle tissue development,M1,1,0
6_R-HSA-9027276,1,-2.1,R-HSA-9027276,Erythropoietin activates Phosphoinositide-3-kinase (PI3K),M1,1,0
19_GO:0031016,1,-2.8,GO:0031016,pancreas development,M1,1,0
19_GO:0010463,1,-3.1,GO:0010463,mesenchymal cell proliferation,M1,1,0
19_GO:0009913,1,-2,GO:0009913,epidermal cell differentiation,M1,1,0
19_GO:0001709,1,-2.6,GO:0001709,cell fate determination,M1,1,0
19_GO:0043406,1,-4.2,GO:0043406,positive regulation of MAP kinase activity,M1,1,0
19_GO:0007178,1,-3.4,GO:0007178,transmembrane receptor protein serine/threonine kinase signaling pathway,M1,1,0
19_GO:0043408,1,-9.5,GO:0043408,regulation of MAPK cascade,M1,1,0
19_GO:0046631,1,-2.4,GO:0046631,alpha-beta T cell activation,M1,1,0
19_GO:0050731,1,-4.2,GO:0050731,positive regulation of peptidyl-tyrosine phosphorylation,M1,1,0
11_M5883,1,-6.6,M5883,NABA SECRETED FACTORS,M1,1,0
6_R-HSA-190828,1,-2.9,R-HSA-190828,Gap junction trafficking,M1,1,0
19_GO:0036515,1,-3.8,GO:0036515,serotonergic neuron axon guidance,M1,1,0
6_R-HSA-382551,1,-3.9,R-HSA-382551,Transport of small molecules,M1,1,0
19_GO:0032623,1,-4.2,GO:0032623,interleukin-2 production,M1,1,0
6_R-HSA-194138,1,-2.8,R-HSA-194138,Signaling by VEGF,M1,1,0
19_GO:0042310,1,-2.8,GO:0042310,vasoconstriction,M1,1,0
24_hsa05231,1,-3.1,hsa05231,Choline metabolism in cancer,M1,1,0
19_GO:0032869,1,-3.1,GO:0032869,cellular response to insulin stimulus,M1,1,0
19_GO:0198738,1,-2.9,GO:0198738,cell-cell signaling by wnt,M1,1,0
19_GO:0061005,1,-3.2,GO:0061005,cell differentiation involved in kidney development,M1,1,0
19_GO:0042116,1,-5.2,GO:0042116,macrophage activation,M1,1,0
19_GO:0048708,1,-3.2,GO:0048708,astrocyte differentiation,M1,1,0
19_GO:0021756,1,-2.5,GO:0021756,striatum development,M1,1,0
19_GO:0006873,1,-2.8,GO:0006873,cellular ion homeostasis,M1,1,0
19_GO:0009792,1,-5.2,GO:0009792,embryo development ending in birth or egg hatching,M1,1,0
19_GO:0034599,1,-2.5,GO:0034599,cellular response to oxidative stress,M1,1,0
19_GO:0060537,1,-3.8,GO:0060537,muscle tissue development,M1,1,0
19_GO:0043409,1,-4,GO:0043409,negative regulation of MAPK cascade,M1,1,0
19_GO:0051607,1,-4.3,GO:0051607,defense response to virus,M1,1,0
19_GO:0006936,1,-3.3,GO:0006936,muscle contraction,M1,1,0
19_GO:0055091,1,-2.2,GO:0055091,phospholipid homeostasis,M1,1,0
19_GO:0032990,1,-5.2,GO:0032990,cell part morphogenesis,M1,1,0
19_GO:1901185,1,-2.6,GO:1901185,negative regulation of ERBB signaling pathway,M1,1,0
6_R-HSA-180292,1,-2.6,R-HSA-180292,GAB1 signalosome,M1,1,0
19_GO:0061337,1,-3.1,GO:0061337,cardiac conduction,M1,1,0
19_GO:0044060,1,-3.9,GO:0044060,regulation of endocrine process,M1,1,0
19_GO:0046881,1,-3.1,GO:0046881,positive regulation of follicle-stimulating hormone secretion,M1,1,0
19_GO:0032278,1,-2.9,GO:0032278,positive regulation of gonadotropin secretion,M1,1,0
19_GO:0032633,1,-2.2,GO:0032633,interleukin-4 production,M1,1,0
19_GO:1901654,1,-2.4,GO:1901654,response to ketone,M1,1,0
19_GO:0030278,1,-3.9,GO:0030278,regulation of ossification,M1,1,0
19_GO:0002062,1,-3.9,GO:0002062,chondrocyte differentiation,M1,1,0
19_GO:1902284,1,-2,GO:1902284,neuron projection extension involved in neuron projection guidance,M1,1,0
24_hsa04630,1,-2,hsa04630,Jak-STAT signaling pathway,M1,1,0
19_GO:0001541,1,-3.2,GO:0001541,ovarian follicle development,M1,1,0
19_GO:0007389,1,-4.9,GO:0007389,pattern specification process,M1,1,0
19_GO:2000243,1,-2.5,GO:2000243,positive regulation of reproductive process,M1,1,0
19_GO:0003044,1,-2.8,GO:0003044,regulation of systemic arterial blood pressure mediated by a chemical signal,M1,1,0
19_GO:0030098,1,-4.6,GO:0030098,lymphocyte differentiation,M1,1,0
19_GO:0001837,1,-3.3,GO:0001837,epithelial to mesenchymal transition,M1,1,0
19_GO:0008285,1,-5.9,GO:0008285,negative regulation of cell proliferation,M1,1,0
19_GO:1903708,1,-2.1,GO:1903708,positive regulation of hemopoiesis,M1,1,0
19_GO:0001822,1,-6.1,GO:0001822,kidney development,M1,1,0
19_GO:1901653,1,-2.5,GO:1901653,cellular response to peptide,M1,1,0
19_GO:0010893,1,-3.2,GO:0010893,positive regulation of steroid biosynthetic process,M1,1,0
19_GO:0034694,1,-3.2,GO:0034694,response to prostaglandin,M1,1,0
19_GO:0032350,1,-4.3,GO:0032350,regulation of hormone metabolic process,M1,1,0
19_GO:0050773,1,-2.2,GO:0050773,regulation of dendrite development,M1,1,0
19_GO:0021544,1,-2,GO:0021544,subpallium development,M1,1,0
19_GO:0002042,1,-2.1,GO:0002042,cell migration involved in sprouting angiogenesis,M1,1,0
19_GO:0050817,1,-2.2,GO:0050817,coagulation,M1,1,0
19_GO:2000379,1,-3.6,GO:2000379,positive regulation of reactive oxygen species metabolic process,M1,1,0
11_M103,1,-2.2,M103,PID S1P S1P1 PATHWAY,M1,1,0
19_GO:0006195,1,-2.3,GO:0006195,purine nucleotide catabolic process,M1,1,0
19_GO:0098662,1,-3.9,GO:0098662,inorganic cation transmembrane transport,M1,1,0
19_GO:0060219,1,-2.4,GO:0060219,camera-type eye photoreceptor cell differentiation,M1,1,0
19_GO:0030029,1,-4.3,GO:0030029,actin filament-based process,M1,1,0
19_GO:0022612,1,-4.6,GO:0022612,gland morphogenesis,M1,1,0
19_GO:1990823,1,-3.2,GO:1990823,response to leukemia inhibitory factor,M1,1,0
19_GO:0042326,1,-7.8,GO:0042326,negative regulation of phosphorylation,M1,1,0
19_GO:0071679,1,-2.1,GO:0071679,commissural neuron axon guidance,M1,1,0
19_GO:0072224,1,-2.7,GO:0072224,metanephric glomerulus development,M1,1,0
6_R-HSA-879518,1,-2.1,R-HSA-879518,Transport of organic anions,M1,1,0
19_GO:0060850,1,-2.6,GO:0060850,regulation of transcription involved in cell fate commitment,M1,1,0
19_GO:0040036,1,-3.6,GO:0040036,regulation of fibroblast growth factor receptor signaling pathway,M1,1,0
19_GO:0048704,1,-2.8,GO:0048704,embryonic skeletal system morphogenesis,M1,1,0
19_GO:0045765,1,-2.9,GO:0045765,regulation of angiogenesis,M1,1,0
19_GO:0010749,1,-2.4,GO:0010749,regulation of nitric oxide mediated signal transduction,M1,1,0
19_GO:0002067,1,-3.7,GO:0002067,glandular epithelial cell differentiation,M1,1,0
19_GO:0043065,1,-5.1,GO:0043065,positive regulation of apoptotic process,M1,1,0
19_GO:0051348,1,-4.5,GO:0051348,negative regulation of transferase activity,M1,1,0
19_GO:0090190,1,-2.5,GO:0090190,positive regulation of branching involved in ureteric bud morphogenesis,M1,1,0
6_R-HSA-9614085,1,-2.7,R-HSA-9614085,FOXO-mediated transcription,M1,1,0
19_GO:0072575,1,-3.5,GO:0072575,epithelial cell proliferation involved in liver morphogenesis,M1,1,0
19_GO:1990573,1,-2.4,GO:1990573,potassium ion import across plasma membrane,M1,1,0
19_GO:1901216,1,-2.2,GO:1901216,positive regulation of neuron death,M1,1,0
19_GO:0032760,1,-3,GO:0032760,positive regulation of tumor necrosis factor production,M1,1,0
19_GO:0046546,1,-2.9,GO:0046546,development of primary male sexual characteristics,M1,1,0
19_GO:0046879,1,-3.8,GO:0046879,hormone secretion,M1,1,0
19_GO:0021545,1,-2,GO:0021545,cranial nerve development,M1,1,0
19_GO:0001655,1,-6.5,GO:0001655,urogenital system development,M1,1,0
19_GO:1905114,1,-3.3,GO:1905114,cell surface receptor signaling pathway involved in cell-cell signaling,M1,1,0
19_GO:1990845,1,-5,GO:1990845,adaptive thermogenesis,M1,1,0
19_GO:0036514,1,-3.4,GO:0036514,dopaminergic neuron axon guidance,M1,1,0
19_GO:0052548,1,-2.3,GO:0052548,regulation of endopeptidase activity,M1,1,0
19_GO:0000302,1,-3.2,GO:0000302,response to reactive oxygen species,M1,1,0
19_GO:0045076,1,-2.4,GO:0045076,regulation of interleukin-2 biosynthetic process,M1,1,0
24_hsa05146,1,-4.5,hsa05146,Amoebiasis,M1,1,0
19_GO:0045785,1,-5.5,GO:0045785,positive regulation of cell adhesion,M1,1,0
19_GO:0104004,1,-2.4,GO:0104004,cellular response to environmental stimulus,M1,1,0
19_GO:0045859,1,-6.3,GO:0045859,regulation of protein kinase activity,M1,1,0
6_R-HSA-399955,1,-2.9,R-HSA-399955,SEMA3A-Plexin repulsion signaling by inhibiting Integrin adhesion,M1,1,0
6_R-HSA-190861,1,-3.6,R-HSA-190861,Gap junction assembly,M1,1,0
19_GO:0042048,1,-2.4,GO:0042048,olfactory behavior,M1,1,0
6_R-HSA-909733,1,-5.3,R-HSA-909733,Interferon alpha/beta signaling,M1,1,0
19_GO:0051146,1,-4.2,GO:0051146,striated muscle cell differentiation,M1,1,0
19_GO:0071300,1,-2.5,GO:0071300,cellular response to retinoic acid,M1,1,0
19_GO:0030195,1,-3.3,GO:0030195,negative regulation of blood coagulation,M1,1,0
19_GO:0030855,1,-8.9,GO:0030855,epithelial cell differentiation,M1,1,0
19_GO:0098771,1,-4.3,GO:0098771,inorganic ion homeostasis,M1,1,0
19_GO:0002573,1,-5.4,GO:0002573,myeloid leukocyte differentiation,M1,1,0
11_M53,1,-3.1,M53,PID INTEGRIN3 PATHWAY,M1,1,0
19_GO:0060349,1,-2.6,GO:0060349,bone morphogenesis,M1,1,0
19_GO:0032680,1,-3.2,GO:0032680,regulation of tumor necrosis factor production,M1,1,0
19_GO:0060541,1,-5.6,GO:0060541,respiratory system development,M1,1,0
19_GO:0008366,1,-2.5,GO:0008366,axon ensheathment,M1,1,0
19_GO:0046649,1,-5.7,GO:0046649,lymphocyte activation,M1,1,0
11_M91,1,-2.4,M91,PID TCPTP PATHWAY,M1,1,0
19_GO:0032729,1,-2.7,GO:0032729,positive regulation of interferon-gamma production,M1,1,0
19_GO:0035743,1,-3.2,GO:0035743,"CD4-positive, alpha-beta T cell cytokine production",M1,1,0
19_GO:0055119,1,-3.8,GO:0055119,relaxation of cardiac muscle,M1,1,0
19_GO:0090132,1,-4.5,GO:0090132,epithelium migration,M1,1,0
19_GO:0002931,1,-2.1,GO:0002931,response to ischemia,M1,1,0
19_GO:0051054,1,-2.1,GO:0051054,positive regulation of DNA metabolic process,M1,1,0
19_GO:0060395,1,-3.1,GO:0060395,SMAD protein signal transduction,M1,1,0
19_GO:0050702,1,-4,GO:0050702,interleukin-1 beta secretion,M1,1,0
19_GO:1903115,1,-2.2,GO:1903115,regulation of actin filament-based movement,M1,1,0
19_GO:0010763,1,-3.1,GO:0010763,positive regulation of fibroblast migration,M1,1,0
19_GO:1903706,1,-2.4,GO:1903706,regulation of hemopoiesis,M1,1,0
19_GO:0048593,1,-2.7,GO:0048593,camera-type eye morphogenesis,M1,1,0
19_GO:0055002,1,-2,GO:0055002,striated muscle cell development,M1,1,0
19_GO:0070373,1,-4.2,GO:0070373,negative regulation of ERK1 and ERK2 cascade,M1,1,0
19_GO:0007265,1,-3.4,GO:0007265,Ras protein signal transduction,M1,1,0
19_GO:0003012,1,-5.3,GO:0003012,muscle system process,M1,1,0
19_GO:0045446,1,-4.7,GO:0045446,endothelial cell differentiation,M1,1,0
19_GO:0035150,1,-3.7,GO:0035150,regulation of tube size,M1,1,0
19_GO:0072001,1,-6.6,GO:0072001,renal system development,M1,1,0
19_GO:0062012,1,-2.4,GO:0062012,regulation of small molecule metabolic process,M1,1,0
19_GO:0097193,1,-2.8,GO:0097193,intrinsic apoptotic signaling pathway,M1,1,0
19_GO:1904036,1,-2.2,GO:1904036,negative regulation of epithelial cell apoptotic process,M1,1,0
19_GO:0035883,1,-2.6,GO:0035883,enteroendocrine cell differentiation,M1,1,0
19_GO:0030224,1,-3.6,GO:0030224,monocyte differentiation,M1,1,0
6_R-HSA-8983711,1,-2.5,R-HSA-8983711,OAS antiviral response,M1,1,0
19_GO:0010544,1,-4.4,GO:0010544,negative regulation of platelet activation,M1,1,0
19_GO:0120161,1,-5.5,GO:0120161,regulation of cold-induced thermogenesis,M1,1,0
19_GO:0044344,1,-2.7,GO:0044344,cellular response to fibroblast growth factor stimulus,M1,1,0
19_GO:0006816,1,-3.4,GO:0006816,calcium ion transport,M1,1,0
19_GO:0048762,1,-3.9,GO:0048762,mesenchymal cell differentiation,M1,1,0
19_GO:0045137,1,-3.8,GO:0045137,development of primary sexual characteristics,M1,1,0
19_GO:0050818,1,-3.1,GO:0050818,regulation of coagulation,M1,1,0
6_R-HSA-397014,1,-2.1,R-HSA-397014,Muscle contraction,M1,1,0
19_GO:0061035,1,-3,GO:0061035,regulation of cartilage development,M1,1,0
19_GO:0010810,1,-4,GO:0010810,regulation of cell-substrate adhesion,M1,1,0
6_R-HSA-3906995,1,-2.6,R-HSA-3906995,Diseases associated with O-glycosylation of proteins,M1,1,0
19_GO:0002683,1,-3.9,GO:0002683,negative regulation of immune system process,M1,1,0
19_GO:0070201,1,-4.5,GO:0070201,regulation of establishment of protein localization,M1,1,0
19_GO:0090075,1,-4.1,GO:0090075,relaxation of muscle,M1,1,0
19_GO:0035850,1,-3.9,GO:0035850,epithelial cell differentiation involved in kidney development,M1,1,0
19_GO:0032652,1,-4.7,GO:0032652,regulation of interleukin-1 production,M1,1,0
19_GO:0016049,1,-3.2,GO:0016049,cell growth,M1,1,0
19_GO:0072087,1,-3.4,GO:0072087,renal vesicle development,M1,1,0
19_GO:0042533,1,-2.2,GO:0042533,tumor necrosis factor biosynthetic process,M1,1,0
19_GO:0086066,1,-2.3,GO:0086066,atrial cardiac muscle cell to AV node cell communication,M1,1,0
19_GO:0043500,1,-2.4,GO:0043500,muscle adaptation,M1,1,0
19_GO:0002367,1,-3.5,GO:0002367,cytokine production involved in immune response,M1,1,0
19_GO:0031649,1,-2.6,GO:0031649,heat generation,M1,1,0
19_GO:0072210,1,-3.3,GO:0072210,metanephric nephron development,M1,1,0
19_GO:0010811,1,-2.9,GO:0010811,positive regulation of cell-substrate adhesion,M1,1,0
19_GO:1904035,1,-3.4,GO:1904035,regulation of epithelial cell apoptotic process,M1,1,0
19_GO:0071383,1,-3.6,GO:0071383,cellular response to steroid hormone stimulus,M1,1,0
6_R-HSA-9634638,1,-2.9,R-HSA-9634638,Estrogen-dependent nuclear events downstream of ESR-membrane signaling,M1,1,0
19_GO:0050715,1,-5,GO:0050715,positive regulation of cytokine secretion,M1,1,0
19_GO:0001818,1,-3.7,GO:0001818,negative regulation of cytokine production,M1,1,0
19_GO:0070327,1,-2.7,GO:0070327,thyroid hormone transport,M1,1,0
19_GO:0050716,1,-2.7,GO:0050716,positive regulation of interleukin-1 secretion,M1,1,0
19_GO:0071453,1,-2,GO:0071453,cellular response to oxygen levels,M1,1,0
11_M5882,1,-2.9,M5882,NABA PROTEOGLYCANS,M1,1,0
19_GO:0043269,1,-4.9,GO:0043269,regulation of ion transport,M1,1,0
19_GO:0031960,1,-3.7,GO:0031960,response to corticosteroid,M1,1,0
24_hsa04540,1,-2.4,hsa04540,Gap junction,M1,1,0
19_GO:0045682,1,-2.5,GO:0045682,regulation of epidermis development,M1,1,0
19_GO:0061564,1,-4.7,GO:0061564,axon development,M1,1,0
19_GO:0042633,1,-2.2,GO:0042633,hair cycle,M1,1,0
19_GO:0042554,1,-2.8,GO:0042554,superoxide anion generation,M1,1,0
19_GO:0042180,1,-2.5,GO:0042180,cellular ketone metabolic process,M1,1,0
19_GO:1903034,1,-3.6,GO:1903034,regulation of response to wounding,M1,1,0
19_GO:0086002,1,-2.4,GO:0086002,cardiac muscle cell action potential involved in contraction,M1,1,0
11_M141,1,-2.8,M141,PID PI3KCI PATHWAY,M1,1,0
19_GO:0038065,1,-2,GO:0038065,collagen-activated signaling pathway,M1,1,0
19_GO:0048659,1,-2.5,GO:0048659,smooth muscle cell proliferation,M1,1,0
19_GO:0051591,1,-3.1,GO:0051591,response to cAMP,M1,1,0
19_GO:0045766,1,-3.9,GO:0045766,positive regulation of angiogenesis,M1,1,0
24_hsa05145,1,-2.6,hsa05145,Toxoplasmosis,M1,1,0
19_GO:0007517,1,-5.3,GO:0007517,muscle organ development,M1,1,0
19_GO:0120039,1,-5.2,GO:0120039,plasma membrane bounded cell projection morphogenesis,M1,1,0
24_hsa04010,1,-6.9,hsa04010,MAPK signaling pathway,M1,1,0
19_GO:0060348,1,-2.3,GO:0060348,bone development,M1,1,0
19_GO:0072239,1,-2.7,GO:0072239,metanephric glomerulus vasculature development,M1,1,0
19_GO:0002688,1,-2.1,GO:0002688,regulation of leukocyte chemotaxis,M1,1,0
19_GO:0001501,1,-4.6,GO:0001501,skeletal system development,M1,1,0
19_GO:0070555,1,-2.9,GO:0070555,response to interleukin-1,M1,1,0
19_GO:0090027,1,-3.1,GO:0090027,negative regulation of monocyte chemotaxis,M1,1,0
19_GO:0002281,1,-2,GO:0002281,macrophage activation involved in immune response,M1,1,0
19_GO:0007160,1,-2.5,GO:0007160,cell-matrix adhesion,M1,1,0
19_GO:0043252,1,-2.7,GO:0043252,sodium-independent organic anion transport,M1,1,0
19_GO:0002369,1,-2.6,GO:0002369,T cell cytokine production,M1,1,0
6_R-HSA-913531,1,-2.7,R-HSA-913531,Interferon Signaling,M1,1,0
19_GO:0035988,1,-2.6,GO:0035988,chondrocyte proliferation,M1,1,0
19_GO:1905954,1,-2.1,GO:1905954,positive regulation of lipid localization,M1,1,0
19_GO:0072215,1,-3,GO:0072215,regulation of metanephros development,M1,1,0
19_GO:0008207,1,-2.6,GO:0008207,C21-steroid hormone metabolic process,M1,1,0
24_hsa05222,1,-2.5,hsa05222,Small cell lung cancer,M1,1,0
19_GO:0072160,1,-2.8,GO:0072160,nephron tubule epithelial cell differentiation,M1,1,0
24_hsa05223,1,-3,hsa05223,Non-small cell lung cancer,M1,1,0
19_GO:0060371,1,-2.4,GO:0060371,regulation of atrial cardiac muscle cell membrane depolarization,M1,1,0
19_GO:0019221,1,-7.4,GO:0019221,cytokine-mediated signaling pathway,M1,1,0
19_GO:0071375,1,-2.2,GO:0071375,cellular response to peptide hormone stimulus,M1,1,0
19_GO:0086010,1,-5.4,GO:0086010,membrane depolarization during action potential,M1,1,0
19_GO:0008217,1,-5.1,GO:0008217,regulation of blood pressure,M1,1,0
19_GO:1904063,1,-2.8,GO:1904063,negative regulation of cation transmembrane transport,M1,1,0
19_GO:0061061,1,-8.4,GO:0061061,muscle structure development,M1,1,0
19_GO:0060602,1,-4.3,GO:0060602,branch elongation of an epithelium,M1,1,0
19_GO:0001774,1,-2.2,GO:0001774,microglial cell activation,M1,1,0
19_GO:0072164,1,-3.7,GO:0072164,mesonephric tubule development,M1,1,0
19_GO:0120162,1,-4.4,GO:0120162,positive regulation of cold-induced thermogenesis,M1,1,0
19_GO:0061458,1,-6.4,GO:0061458,reproductive system development,M1,1,0
19_GO:0042063,1,-3.1,GO:0042063,gliogenesis,M1,1,0
19_GO:0032754,1,-3.1,GO:0032754,positive regulation of interleukin-5 production,M1,1,0
19_GO:0072080,1,-4,GO:0072080,nephron tubule development,M1,1,0
24_hsa05164,1,-2.9,hsa05164,Influenza A,M1,1,0
19_GO:0061008,1,-3.9,GO:0061008,hepaticobiliary system development,M1,1,0
19_GO:0001890,1,-3.9,GO:0001890,placenta development,M1,1,0
19_GO:0042058,1,-2.5,GO:0042058,regulation of epidermal growth factor receptor signaling pathway,M1,1,0
19_GO:0010107,1,-2.2,GO:0010107,potassium ion import,M1,1,0
19_GO:0000187,1,-2.1,GO:0000187,activation of MAPK activity,M1,1,0
19_GO:0071887,1,-2.9,GO:0071887,leukocyte apoptotic process,M1,1,0
11_M201,1,-2.8,M201,PID ERBB NETWORK PATHWAY,M1,1,0
19_GO:0032731,1,-3.3,GO:0032731,positive regulation of interleukin-1 beta production,M1,1,0
19_GO:0009636,1,-2.4,GO:0009636,response to toxic substance,M1,1,0
19_GO:0032253,1,-4,GO:0032253,dense core granule localization,M1,1,0
19_GO:0050878,1,-3.5,GO:0050878,regulation of body fluid levels,M1,1,0
19_GO:2000778,1,-2.3,GO:2000778,positive regulation of interleukin-6 secretion,M1,1,0
19_GO:0048706,1,-3.8,GO:0048706,embryonic skeletal system development,M1,1,0
24_hsa05230,1,-2.1,hsa05230,Central carbon metabolism in cancer,M1,1,0
19_GO:0002366,1,-2.3,GO:0002366,leukocyte activation involved in immune response,M1,1,0
19_GO:0043407,1,-3.4,GO:0043407,negative regulation of MAP kinase activity,M1,1,0
19_GO:0061333,1,-3.4,GO:0061333,renal tubule morphogenesis,M1,1,0
6_R-HSA-381426,1,-2.3,R-HSA-381426,Regulation of Insulin-like Growth Factor (IGF) transport and uptake by Insulin-like Growth Factor Bi,M1,1,0
19_GO:0048813,1,-2.7,GO:0048813,dendrite morphogenesis,M1,1,0
19_GO:1902105,1,-2.4,GO:1902105,regulation of leukocyte differentiation,M1,1,0
24_hsa04014,1,-2.5,hsa04014,Ras signaling pathway,M1,1,0
19_GO:0032642,1,-3.2,GO:0032642,regulation of chemokine production,M1,1,0
19_GO:0032412,1,-3,GO:0032412,regulation of ion transmembrane transporter activity,M1,1,0
24_hsa05205,1,-3,hsa05205,Proteoglycans in cancer,M1,1,0
19_GO:0071402,1,-2.2,GO:0071402,cellular response to lipoprotein particle stimulus,M1,1,0
19_GO:0006469,1,-4.4,GO:0006469,negative regulation of protein kinase activity,M1,1,0
19_GO:0001889,1,-4,GO:0001889,liver development,M1,1,0
19_GO:0050919,1,-2.3,GO:0050919,negative chemotaxis,M1,1,0
19_GO:0002040,1,-2.6,GO:0002040,sprouting angiogenesis,M1,1,0
19_GO:0018212,1,-4.7,GO:0018212,peptidyl-tyrosine modification,M1,1,0
19_GO:0098742,1,-3.9,GO:0098742,cell-cell adhesion via plasma-membrane adhesion molecules,M1,1,0
19_GO:0061548,1,-3.8,GO:0061548,ganglion development,M1,1,0
19_GO:0048638,1,-2.8,GO:0048638,regulation of developmental growth,M1,1,0
19_GO:0006700,1,-2.7,GO:0006700,C21-steroid hormone biosynthetic process,M1,1,0
19_GO:0006875,1,-2.8,GO:0006875,cellular metal ion homeostasis,M1,1,0
19_GO:0070372,1,-4.4,GO:0070372,regulation of ERK1 and ERK2 cascade,M1,1,0
19_GO:0032649,1,-3.6,GO:0032649,regulation of interferon-gamma production,M1,1,0
19_GO:0030323,1,-4.8,GO:0030323,respiratory tube development,M1,1,0
19_GO:0001942,1,-2.5,GO:0001942,hair follicle development,M1,1,0
19_GO:0002726,1,-2.4,GO:0002726,positive regulation of T cell cytokine production,M1,1,0
24_hsa04150,1,-2.1,hsa04150,mTOR signaling pathway,M1,1,0
19_GO:0001892,1,-3,GO:0001892,embryonic placenta development,M1,1,0
19_GO:0090331,1,-2.1,GO:0090331,negative regulation of platelet aggregation,M1,1,0
19_GO:0060675,1,-2.7,GO:0060675,ureteric bud morphogenesis,M1,1,0
19_GO:0050769,1,-4,GO:0050769,positive regulation of neurogenesis,M1,1,0
19_GO:0031099,1,-2.3,GO:0031099,regeneration,M1,1,0
19_GO:0043586,1,-2.3,GO:0043586,tongue development,M1,1,0
19_GO:0033002,1,-2.3,GO:0033002,muscle cell proliferation,M1,1,0
19_GO:0042059,1,-2.8,GO:0042059,negative regulation of epidermal growth factor receptor signaling pathway,M1,1,0
19_GO:0009994,1,-2,GO:0009994,oocyte differentiation,M1,1,0
19_GO:0006925,1,-3.1,GO:0006925,inflammatory cell apoptotic process,M1,1,0
19_GO:0043301,1,-2,GO:0043301,negative regulation of leukocyte degranulation,M1,1,0
19_GO:0055067,1,-2,GO:0055067,monovalent inorganic cation homeostasis,M1,1,0
19_GO:0040008,1,-3.4,GO:0040008,regulation of growth,M1,1,0
19_GO:0010046,1,-2.9,GO:0010046,response to mycotoxin,M1,1,0
19_GO:0086004,1,-2.4,GO:0086004,regulation of cardiac muscle cell contraction,M1,1,0
19_GO:0060173,1,-2.3,GO:0060173,limb development,M1,1,0
19_GO:0071276,1,-2,GO:0071276,cellular response to cadmium ion,M1,1,0
6_R-HSA-210745,1,-2.2,R-HSA-210745,Regulation of gene expression in beta cells,M1,1,0
24_hsa04660,1,-3.5,hsa04660,T cell receptor signaling pathway,M1,1,0
19_GO:0051055,1,-3.1,GO:0051055,negative regulation of lipid biosynthetic process,M1,1,0
19_GO:0010675,1,-2.3,GO:0010675,regulation of cellular carbohydrate metabolic process,M1,1,0
19_GO:0098868,1,-2.9,GO:0098868,bone growth,M1,1,0
19_GO:0045601,1,-3.8,GO:0045601,regulation of endothelial cell differentiation,M1,1,0
19_GO:1902306,1,-3.1,GO:1902306,negative regulation of sodium ion transmembrane transport,M1,1,0
19_GO:0048841,1,-2.3,GO:0048841,regulation of axon extension involved in axon guidance,M1,1,0
19_GO:0046330,1,-2.4,GO:0046330,positive regulation of JNK cascade,M1,1,0
19_GO:0071774,1,-3,GO:0071774,response to fibroblast growth factor,M1,1,0
6_R-HSA-9617828,1,-2.6,R-HSA-9617828,FOXO-mediated transcription of cell cycle genes,M1,1,0
24_hsa04620,1,-2.4,hsa04620,Toll-like receptor signaling pathway,M1,1,0
19_GO:1900046,1,-3.3,GO:1900046,regulation of hemostasis,M1,1,0
19_GO:0050708,1,-7.7,GO:0050708,regulation of protein secretion,M1,1,0
19_GO:0045840,1,-2.6,GO:0045840,positive regulation of mitotic nuclear division,M1,1,0
19_GO:0007595,1,-2.2,GO:0007595,lactation,M1,1,0
19_GO:0097306,1,-2.4,GO:0097306,cellular response to alcohol,M1,1,0
19_GO:0006935,1,-11,GO:0006935,chemotaxis,M1,1,0
6_R-HSA-1296041,1,-2.8,R-HSA-1296041,Activation of G protein gated Potassium channels,M1,1,0
24_hsa05323,1,-4.1,hsa05323,Rheumatoid arthritis,M1,1,0
19_GO:0042472,1,-2.1,GO:0042472,inner ear morphogenesis,M1,1,0
19_GO:0009409,1,-2.1,GO:0009409,response to cold,M1,1,0
6_R-HSA-199418,1,-2.7,R-HSA-199418,Negative regulation of the PI3K/AKT network,M1,1,0
19_GO:0070542,1,-4.3,GO:0070542,response to fatty acid,M1,1,0
19_GO:0046888,1,-2.6,GO:0046888,negative regulation of hormone secretion,M1,1,0
19_GO:0021604,1,-2.2,GO:0021604,cranial nerve structural organization,M1,1,0
19_GO:0072511,1,-3.4,GO:0072511,divalent inorganic cation transport,M1,1,0
19_GO:1900047,1,-3.2,GO:1900047,negative regulation of hemostasis,M1,1,0
19_GO:1901897,1,-3.1,GO:1901897,regulation of relaxation of cardiac muscle,M1,1,0
19_GO:0060394,1,-2.1,GO:0060394,negative regulation of pathway-restricted SMAD protein phosphorylation,M1,1,0
24_hsa05142,1,-2.5,hsa05142,Chagas disease (American trypanosomiasis),M1,1,0
19_GO:0051235,1,-2.4,GO:0051235,maintenance of location,M1,1,0
19_GO:0007188,1,-4.8,GO:0007188,adenylate cyclase-modulating G protein-coupled receptor signaling pathway,M1,1,0
19_GO:0045669,1,-3.4,GO:0045669,positive regulation of osteoblast differentiation,M1,1,0
24_hsa04750,1,-2.1,hsa04750,Inflammatory mediator regulation of TRP channels,M1,1,0
19_GO:0034330,1,-3.1,GO:0034330,cell junction organization,M1,1,0
19_GO:0061213,1,-2.2,GO:0061213,positive regulation of mesonephros development,M1,1,0
19_GO:0062013,1,-2.5,GO:0062013,positive regulation of small molecule metabolic process,M1,1,0
19_GO:0032612,1,-6.1,GO:0032612,interleukin-1 production,M1,1,0
19_GO:0042471,1,-2,GO:0042471,ear morphogenesis,M1,1,0
19_GO:0060350,1,-3,GO:0060350,endochondral bone morphogenesis,M1,1,0
19_GO:0050706,1,-3.6,GO:0050706,regulation of interleukin-1 beta secretion,M1,1,0
19_GO:0071772,1,-2.1,GO:0071772,response to BMP,M1,1,0
19_GO:0045055,1,-2.4,GO:0045055,regulated exocytosis,M1,1,0
19_GO:0007548,1,-3.6,GO:0007548,sex differentiation,M1,1,0
19_GO:0048839,1,-2.1,GO:0048839,inner ear development,M1,1,0
19_GO:1903524,1,-3.6,GO:1903524,positive regulation of blood circulation,M1,1,0
19_GO:0045602,1,-2,GO:0045602,negative regulation of endothelial cell differentiation,M1,1,0
19_GO:0006937,1,-3.4,GO:0006937,regulation of muscle contraction,M1,1,0
19_GO:0097529,1,-6.2,GO:0097529,myeloid leukocyte migration,M1,1,0
19_GO:0033673,1,-4.3,GO:0033673,negative regulation of kinase activity,M1,1,0
19_GO:0060688,1,-2.4,GO:0060688,regulation of morphogenesis of a branching structure,M1,1,0
19_GO:0008016,1,-4.9,GO:0008016,regulation of heart contraction,M1,1,0
19_GO:2001233,1,-2.8,GO:2001233,regulation of apoptotic signaling pathway,M1,1,0
19_GO:0051403,1,-5.8,GO:0051403,stress-activated MAPK cascade,M1,1,0
19_GO:0071773,1,-2.1,GO:0071773,cellular response to BMP stimulus,M1,1,0
19_GO:0060048,1,-2.9,GO:0060048,cardiac muscle contraction,M1,1,0
19_GO:0021516,1,-2.2,GO:0021516,dorsal spinal cord development,M1,1,0
19_GO:0007369,1,-2.2,GO:0007369,gastrulation,M1,1,0
19_GO:0007435,1,-2.9,GO:0007435,salivary gland morphogenesis,M1,1,0
19_GO:0046651,1,-2.7,GO:0046651,lymphocyte proliferation,M1,1,0
11_M18,1,-3.3,M18,PID INTEGRIN1 PATHWAY,M1,1,0
19_GO:0031644,1,-2,GO:0031644,regulation of neurological system process,M1,1,0
19_GO:0035113,1,-2.3,GO:0035113,embryonic appendage morphogenesis,M1,1,0
19_GO:0002718,1,-3.1,GO:0002718,regulation of cytokine production involved in immune response,M1,1,0
19_GO:0002720,1,-2.5,GO:0002720,positive regulation of cytokine production involved in immune response,M1,1,0
19_GO:0046661,1,-2.8,GO:0046661,male sex differentiation,M1,1,0
6_R-HSA-451927,1,-3.1,R-HSA-451927,Interleukin-2 family signaling,M1,1,0
19_GO:1990253,1,-2.4,GO:1990253,cellular response to leucine starvation,M1,1,0
19_GO:0060707,1,-2.1,GO:0060707,trophoblast giant cell differentiation,M1,1,0
19_GO:0016264,1,-2.2,GO:0016264,gap junction assembly,M1,1,0
19_GO:0033028,1,-2.2,GO:0033028,myeloid cell apoptotic process,M1,1,0
19_GO:0001678,1,-2.5,GO:0001678,cellular glucose homeostasis,M1,1,0
19_GO:0070661,1,-3.3,GO:0070661,leukocyte proliferation,M1,1,0
6_R-HSA-6783783,1,-3.6,R-HSA-6783783,Interleukin-10 signaling,M1,1,0
19_GO:0031098,1,-5,GO:0031098,stress-activated protein kinase signaling cascade,M1,1,0
24_hsa04060,1,-6.4,hsa04060,Cytokine-cytokine receptor interaction,M1,1,0
19_GO:1901699,1,-5.4,GO:1901699,cellular response to nitrogen compound,M1,1,0
19_GO:0032757,1,-2.1,GO:0032757,positive regulation of interleukin-8 production,M1,1,0
19_GO:0017157,1,-2.2,GO:0017157,regulation of exocytosis,M1,1,0
19_GO:0070482,1,-2.4,GO:0070482,response to oxygen levels,M1,1,0
19_GO:0002263,1,-2.3,GO:0002263,cell activation involved in immune response,M1,1,0
19_GO:0051963,1,-2.3,GO:0051963,regulation of synapse assembly,M1,1,0
6_R-HSA-1474244,1,-4.5,R-HSA-1474244,Extracellular matrix organization,M1,1,0
19_GO:0046660,1,-3.1,GO:0046660,female sex differentiation,M1,1,0
19_GO:0010817,1,-5.1,GO:0010817,regulation of hormone levels,M1,1,0
19_GO:0030517,1,-3.2,GO:0030517,negative regulation of axon extension,M1,1,0
19_GO:0060612,1,-2.4,GO:0060612,adipose tissue development,M1,1,0
19_GO:1902287,1,-2.1,GO:1902287,semaphorin-plexin signaling pathway involved in axon guidance,M1,1,0
19_GO:0045647,1,-2.5,GO:0045647,negative regulation of erythrocyte differentiation,M1,1,0
19_GO:0046697,1,-2.9,GO:0046697,decidualization,M1,1,0
19_GO:1903039,1,-2.3,GO:1903039,positive regulation of leukocyte cell-cell adhesion,M1,1,0
19_GO:0150077,1,-3.3,GO:0150077,regulation of neuroinflammatory response,M1,1,0
19_GO:0071695,1,-2.6,GO:0071695,anatomical structure maturation,M1,1,0
19_GO:0010631,1,-4.6,GO:0010631,epithelial cell migration,M1,1,0
19_GO:0007189,1,-4.4,GO:0007189,adenylate cyclase-activating G protein-coupled receptor signaling pathway,M1,1,0
19_GO:0032276,1,-2.2,GO:0032276,regulation of gonadotropin secretion,M1,1,0
19_GO:0032330,1,-2.6,GO:0032330,regulation of chondrocyte differentiation,M1,1,0
19_GO:0002065,1,-3.8,GO:0002065,columnar/cuboidal epithelial cell differentiation,M1,1,0
19_GO:0060441,1,-2.5,GO:0060441,epithelial tube branching involved in lung morphogenesis,M1,1,0
19_GO:0048545,1,-3.2,GO:0048545,response to steroid hormone,M1,1,0
19_GO:0007498,1,-2.1,GO:0007498,mesoderm development,M1,1,0
19_GO:0032928,1,-2.2,GO:0032928,regulation of superoxide anion generation,M1,1,0
19_GO:0060337,1,-4.5,GO:0060337,type I interferon signaling pathway,M1,1,0
19_GO:0030595,1,-6.3,GO:0030595,leukocyte chemotaxis,M1,1,0
6_R-HSA-9607240,1,-2.1,R-HSA-9607240,FLT3 Signaling,M1,1,0
19_GO:0097530,1,-4.3,GO:0097530,granulocyte migration,M1,1,0
19_GO:0070528,1,-2.4,GO:0070528,protein kinase C signaling,M1,1,0
19_GO:0060047,1,-4.6,GO:0060047,heart contraction,M1,1,0
19_GO:0014706,1,-3.4,GO:0014706,striated muscle tissue development,M1,1,0
19_GO:0032370,1,-2.2,GO:0032370,positive regulation of lipid transport,M1,1,0
19_GO:0001935,1,-5,GO:0001935,endothelial cell proliferation,M1,1,0
19_GO:0010720,1,-2.8,GO:0010720,positive regulation of cell development,M1,1,0
19_GO:0032905,1,-2.1,GO:0032905,transforming growth factor beta1 production,M1,1,0
19_GO:0046627,1,-2,GO:0046627,negative regulation of insulin receptor signaling pathway,M1,1,0
19_GO:0031668,1,-2.8,GO:0031668,cellular response to extracellular stimulus,M1,1,0
19_GO:0150079,1,-2.5,GO:0150079,negative regulation of neuroinflammatory response,M1,1,0
19_GO:0019216,1,-4.1,GO:0019216,regulation of lipid metabolic process,M1,1,0
19_GO:0003170,1,-2.9,GO:0003170,heart valve development,M1,1,0
19_GO:0042108,1,-2.6,GO:0042108,positive regulation of cytokine biosynthetic process,M1,1,0
19_GO:0051480,1,-2,GO:0051480,regulation of cytosolic calcium ion concentration,M1,1,0
19_GO:1990349,1,-3.4,GO:1990349,gap junction-mediated intercellular transport,M1,1,0
11_M164,1,-2.9,M164,PID ERBB1 DOWNSTREAM PATHWAY,M1,1,0
19_GO:0048771,1,-2.3,GO:0048771,tissue remodeling,M1,1,0
19_GO:0071216,1,-7.6,GO:0071216,cellular response to biotic stimulus,M1,1,0
19_GO:0072171,1,-3.3,GO:0072171,mesonephric tubule morphogenesis,M1,1,0
19_GO:0008015,1,-11,GO:0008015,blood circulation,M1,1,0
19_GO:0009952,1,-4.9,GO:0009952,anterior/posterior pattern specification,M1,1,0
19_GO:0051153,1,-2.5,GO:0051153,regulation of striated muscle cell differentiation,M1,1,0
19_GO:0060627,1,-2.7,GO:0060627,regulation of vesicle-mediated transport,M1,1,0
19_GO:0043405,1,-5.7,GO:0043405,regulation of MAP kinase activity,M1,1,0
19_GO:0001952,1,-3,GO:0001952,regulation of cell-matrix adhesion,M1,1,0
19_GO:0045596,1,-4.7,GO:0045596,negative regulation of cell differentiation,M1,1,0
24_hsa05224,1,-3.2,hsa05224,Breast cancer,M1,1,0
6_R-HSA-5576892,1,-2.3,R-HSA-5576892,Phase 0 - rapid depolarisation,M1,1,0
19_GO:0003206,1,-2.2,GO:0003206,cardiac chamber morphogenesis,M1,1,0
19_GO:0046683,1,-2.5,GO:0046683,response to organophosphorus,M1,1,0
6_R-HSA-9006934,1,-4.1,R-HSA-9006934,Signaling by Receptor Tyrosine Kinases,M1,1,0
19_GO:0003158,1,-5.7,GO:0003158,endothelium development,M1,1,0
19_GO:0032868,1,-3.5,GO:0032868,response to insulin,M1,1,0
19_GO:0060562,1,-3.6,GO:0060562,epithelial tube morphogenesis,M1,1,0
19_GO:0048880,1,-4.2,GO:0048880,sensory system development,M1,1,0
19_GO:0032602,1,-2.9,GO:0032602,chemokine production,M1,1,0
19_GO:0030282,1,-3.1,GO:0030282,bone mineralization,M1,1,0
11_M5885,1,-6.8,M5885,NABA MATRISOME ASSOCIATED,M1,1,0
6_R-HSA-1433557,1,-2.4,R-HSA-1433557,Signaling by SCF-KIT,M1,1,0
19_GO:0070663,1,-3.4,GO:0070663,regulation of leukocyte proliferation,M1,1,0
19_GO:1900449,1,-2.1,GO:1900449,regulation of glutamate receptor signaling pathway,M1,1,0
19_GO:0048010,1,-3.2,GO:0048010,vascular endothelial growth factor receptor signaling pathway,M1,1,0
19_GO:0048705,1,-3.4,GO:0048705,skeletal system morphogenesis,M1,1,0
19_GO:0055001,1,-2.2,GO:0055001,muscle cell development,M1,1,0
19_GO:0021872,1,-3.2,GO:0021872,forebrain generation of neurons,M1,1,0
19_GO:0072028,1,-3.4,GO:0072028,nephron morphogenesis,M1,1,0
19_GO:0033004,1,-2,GO:0033004,negative regulation of mast cell activation,M1,1,0
19_GO:0042303,1,-2.2,GO:0042303,molting cycle,M1,1,0
19_GO:0050819,1,-3.1,GO:0050819,negative regulation of coagulation,M1,1,0
19_GO:0008584,1,-2.9,GO:0008584,male gonad development,M1,1,0
11_M166,1,-3,M166,PID ATF2 PATHWAY,M1,1,0
19_GO:0060065,1,-3.1,GO:0060065,uterus development,M1,1,0
19_GO:0045833,1,-2.8,GO:0045833,negative regulation of lipid metabolic process,M1,1,0
19_GO:2000179,1,-2.6,GO:2000179,positive regulation of neural precursor cell proliferation,M1,1,0
19_GO:0042107,1,-5.7,GO:0042107,cytokine metabolic process,M1,1,0
19_GO:1900744,1,-4.3,GO:1900744,regulation of p38MAPK cascade,M1,1,0
19_GO:0032341,1,-2.4,GO:0032341,aldosterone metabolic process,M1,1,0
19_GO:0030099,1,-3.3,GO:0030099,myeloid cell differentiation,M1,1,0
19_GO:1901724,1,-2.7,GO:1901724,positive regulation of cell proliferation involved in kidney development,M1,1,0
19_GO:0003254,1,-2.1,GO:0003254,regulation of membrane depolarization,M1,1,0
19_GO:0045444,1,-6.3,GO:0045444,fat cell differentiation,M1,1,0
19_GO:0006705,1,-2,GO:0006705,mineralocorticoid biosynthetic process,M1,1,0
19_GO:0030308,1,-4.4,GO:0030308,negative regulation of cell growth,M1,1,0
19_GO:0002053,1,-2.8,GO:0002053,positive regulation of mesenchymal cell proliferation,M1,1,0
19_GO:0070302,1,-4.7,GO:0070302,regulation of stress-activated protein kinase signaling cascade,M1,1,0
19_GO:2000650,1,-3.2,GO:2000650,negative regulation of sodium ion transmembrane transporter activity,M1,1,0
19_GO:0002407,1,-2,GO:0002407,dendritic cell chemotaxis,M1,1,0
19_GO:0071621,1,-3.9,GO:0071621,granulocyte chemotaxis,M1,1,0
19_GO:0099519,1,-4,GO:0099519,dense core granule cytoskeletal transport,M1,1,0
19_GO:0032835,1,-4.9,GO:0032835,glomerulus development,M1,1,0
19_GO:0071549,1,-2.4,GO:0071549,cellular response to dexamethasone stimulus,M1,1,0
19_GO:0035924,1,-3.9,GO:0035924,cellular response to vascular endothelial growth factor stimulus,M1,1,0
19_GO:0048562,1,-4.4,GO:0048562,embryonic organ morphogenesis,M1,1,0
19_GO:0036293,1,-2.8,GO:0036293,response to decreased oxygen levels,M1,1,0
19_GO:0106106,1,-5.5,GO:0106106,cold-induced thermogenesis,M1,1,0
19_GO:0110110,1,-3.2,GO:0110110,positive regulation of animal organ morphogenesis,M1,1,0
19_GO:0032007,1,-2,GO:0032007,negative regulation of TOR signaling,M1,1,0
19_GO:0090087,1,-4.8,GO:0090087,regulation of peptide transport,M1,1,0
19_GO:0086012,1,-3,GO:0086012,membrane depolarization during cardiac muscle cell action potential,M1,1,0
6_R-HSA-2473224,1,-3.8,R-HSA-2473224,Antagonism of Activin by Follistatin,M1,1,0
19_GO:0007159,1,-2,GO:0007159,leukocyte cell-cell adhesion,M1,1,0
19_GO:0061437,1,-2.6,GO:0061437,renal system vasculature development,M1,1,0
19_GO:0003401,1,-4.1,GO:0003401,axis elongation,M1,1,0
19_GO:1903522,1,-6,GO:1903522,regulation of blood circulation,M1,1,0
24_hsa05166,1,-3.5,hsa05166,HTLV-I infection,M1,1,0
19_GO:0007169,1,-7.4,GO:0007169,transmembrane receptor protein tyrosine kinase signaling pathway,M1,1,0
24_hsa04550,1,-2.9,hsa04550,Signaling pathways regulating pluripotency of stem cells,M1,1,0
19_GO:0050880,1,-3.7,GO:0050880,regulation of blood vessel size,M1,1,0
19_GO:1903131,1,-3.6,GO:1903131,mononuclear cell differentiation,M1,1,0
19_GO:0061138,1,-5.7,GO:0061138,morphogenesis of a branching epithelium,M1,1,0
19_GO:0009612,1,-3.3,GO:0009612,response to mechanical stimulus,M1,1,0
6_R-HSA-449836,1,-2.1,R-HSA-449836,Other interleukin signaling,M1,1,0
19_GO:0045776,1,-2.3,GO:0045776,negative regulation of blood pressure,M1,1,0
19_GO:0032611,1,-6.2,GO:0032611,interleukin-1 beta production,M1,1,0
19_GO:0001936,1,-3.5,GO:0001936,regulation of endothelial cell proliferation,M1,1,0
19_GO:0072088,1,-3.5,GO:0072088,nephron epithelium morphogenesis,M1,1,0
19_GO:0008544,1,-3.5,GO:0008544,epidermis development,M1,1,0
19_GO:1901379,1,-2.3,GO:1901379,regulation of potassium ion transmembrane transport,M1,1,0
19_GO:0097746,1,-3.7,GO:0097746,regulation of blood vessel diameter,M1,1,0
19_GO:0071706,1,-3,GO:0071706,tumor necrosis factor superfamily cytokine production,M1,1,0
19_GO:0010837,1,-2.2,GO:0010837,regulation of keratinocyte proliferation,M1,1,0
19_GO:0055080,1,-4.1,GO:0055080,cation homeostasis,M1,1,0
19_GO:0032944,1,-2.5,GO:0032944,regulation of mononuclear cell proliferation,M1,1,0
19_GO:0007431,1,-2.7,GO:0007431,salivary gland development,M1,1,0
11_M99,1,-3.1,M99,PID TXA2PATHWAY,M1,1,0
19_GO:1904062,1,-4.4,GO:1904062,regulation of cation transmembrane transport,M1,1,0
19_GO:0010565,1,-3.1,GO:0010565,regulation of cellular ketone metabolic process,M1,1,0
19_GO:0030198,1,-5,GO:0030198,extracellular matrix organization,M1,1,0
19_GO:0014902,1,-3.1,GO:0014902,myotube differentiation,M1,1,0
19_GO:0048711,1,-3.1,GO:0048711,positive regulation of astrocyte differentiation,M1,1,0
19_GO:0002791,1,-7.8,GO:0002791,regulation of peptide secretion,M1,1,0
19_GO:0001754,1,-3,GO:0001754,eye photoreceptor cell differentiation,M1,1,0
19_GO:1903555,1,-3.1,GO:1903555,regulation of tumor necrosis factor superfamily cytokine production,M1,1,0
19_GO:0048569,1,-2.8,GO:0048569,post-embryonic animal organ development,M1,1,0
6_R-HSA-9009391,1,-2.8,R-HSA-9009391,Extra-nuclear estrogen signaling,M1,1,0
19_GO:2000377,1,-2.4,GO:2000377,regulation of reactive oxygen species metabolic process,M1,1,0
19_GO:0008212,1,-2,GO:0008212,mineralocorticoid metabolic process,M1,1,0
19_GO:0035744,1,-2.7,GO:0035744,T-helper 1 cell cytokine production,M1,1,0
19_GO:0003002,1,-5.5,GO:0003002,regionalization,M1,1,0
19_GO:0051222,1,-3.6,GO:0051222,positive regulation of protein transport,M1,1,0
19_GO:0046530,1,-2.2,GO:0046530,photoreceptor cell differentiation,M1,1,0
19_GO:0003306,1,-2,GO:0003306,Wnt signaling pathway involved in heart development,M1,1,0
19_GO:0030501,1,-4.2,GO:0030501,positive regulation of bone mineralization,M1,1,0
19_GO:0023061,1,-3.8,GO:0023061,signal release,M1,1,0
19_GO:0061549,1,-2.5,GO:0061549,sympathetic ganglion development,M1,1,0
19_GO:0034695,1,-2.1,GO:0034695,response to prostaglandin E,M1,1,0
19_GO:0046883,1,-4.4,GO:0046883,regulation of hormone secretion,M1,1,0
19_GO:0060485,1,-4.2,GO:0060485,mesenchyme development,M1,1,0
19_GO:1903530,1,-11,GO:1903530,regulation of secretion by cell,M1,1,0
19_GO:0061440,1,-2.6,GO:0061440,kidney vasculature development,M1,1,0
19_GO:0031646,1,-2.8,GO:0031646,positive regulation of neurological system process,M1,1,0
6_R-HSA-2219530,1,-2.9,R-HSA-2219530,Constitutive Signaling by Aberrant PI3K in Cancer,M1,1,0
19_GO:0001667,1,-5,GO:0001667,ameboidal-type cell migration,M1,1,0
6_R-HSA-6785807,1,-4.5,R-HSA-6785807,Interleukin-4 and Interleukin-13 signaling,M1,1,0
19_GO:0072073,1,-5,GO:0072073,kidney epithelium development,M1,1,0
6_R-HSA-997272,1,-2.8,R-HSA-997272,Inhibition  of voltage gated Ca2+ channels via Gbeta/gamma subunits,M1,1,0
19_GO:0051272,1,-7.1,GO:0051272,positive regulation of cellular component movement,M1,1,0
19_GO:0043062,1,-5.4,GO:0043062,extracellular structure organization,M1,1,0
19_GO:0051098,1,-2.7,GO:0051098,regulation of binding,M1,1,0
19_GO:0044062,1,-2,GO:0044062,regulation of excretion,M1,1,0
19_GO:0051147,1,-2.6,GO:0051147,regulation of muscle cell differentiation,M1,1,0
19_GO:0001933,1,-8,GO:0001933,negative regulation of protein phosphorylation,M1,1,0
19_GO:0030193,1,-3.3,GO:0030193,regulation of blood coagulation,M1,1,0
19_GO:0046626,1,-2,GO:0046626,regulation of insulin receptor signaling pathway,M1,1,0
19_GO:0032102,1,-3.2,GO:0032102,negative regulation of response to external stimulus,M1,1,0
19_GO:0060425,1,-2.1,GO:0060425,lung morphogenesis,M1,1,0
19_GO:1904262,1,-2.5,GO:1904262,negative regulation of TORC1 signaling,M1,1,0
19_GO:0043030,1,-2.5,GO:0043030,regulation of macrophage activation,M1,1,0
19_GO:1901652,1,-4.5,GO:1901652,response to peptide,M1,1,0
19_GO:0038084,1,-3.1,GO:0038084,vascular endothelial growth factor signaling pathway,M1,1,0
19_GO:2000106,1,-3.8,GO:2000106,regulation of leukocyte apoptotic process,M1,1,0
19_GO:0071260,1,-3.3,GO:0071260,cellular response to mechanical stimulus,M1,1,0
11_M186,1,-4.3,M186,PID PDGFRB PATHWAY,M1,1,0
19_GO:0061041,1,-3.6,GO:0061041,regulation of wound healing,M1,1,0
19_GO:0072124,1,-2.2,GO:0072124,regulation of glomerular mesangial cell proliferation,M1,1,0
19_GO:0022898,1,-3.2,GO:0022898,regulation of transmembrane transporter activity,M1,1,0
19_GO:0021783,1,-2.6,GO:0021783,preganglionic parasympathetic fiber development,M1,1,0
19_GO:0051249,1,-2.9,GO:0051249,regulation of lymphocyte activation,M1,1,0
19_GO:1900745,1,-4,GO:1900745,positive regulation of p38MAPK cascade,M1,1,0
19_GO:0032675,1,-3.5,GO:0032675,regulation of interleukin-6 production,M1,1,0
19_GO:0071466,1,-2.3,GO:0071466,cellular response to xenobiotic stimulus,M1,1,0
19_GO:0071496,1,-5.3,GO:0071496,cellular response to external stimulus,M1,1,0
19_GO:0019935,1,-3.1,GO:0019935,cyclic-nucleotide-mediated signaling,M1,1,0
19_GO:0003015,1,-4.4,GO:0003015,heart process,M1,1,0
19_GO:0060322,1,-3.8,GO:0060322,head development,M1,1,0
19_GO:0071557,1,-3.4,GO:0071557,histone H3-K27 demethylation,M1,1,0
19_GO:0032418,1,-2.8,GO:0032418,lysosome localization,M1,1,0
19_GO:0090276,1,-2.5,GO:0090276,regulation of peptide hormone secretion,M1,1,0
19_GO:0030168,1,-3.9,GO:0030168,platelet activation,M1,1,0
19_GO:0072110,1,-2.1,GO:0072110,glomerular mesangial cell proliferation,M1,1,0
19_GO:0006198,1,-2.5,GO:0006198,cAMP catabolic process,M1,1,0
19_GO:0030178,1,-2.4,GO:0030178,negative regulation of Wnt signaling pathway,M1,1,0
19_GO:0009611,1,-6.7,GO:0009611,response to wounding,M1,1,0
19_GO:0043201,1,-4.2,GO:0043201,response to leucine,M1,1,0
19_GO:0042534,1,-2.2,GO:0042534,regulation of tumor necrosis factor biosynthetic process,M1,1,0
19_GO:0071385,1,-4.5,GO:0071385,cellular response to glucocorticoid stimulus,M1,1,0
6_R-HSA-1502540,1,-2,R-HSA-1502540,Signaling by Activin,M1,1,0
19_GO:0032352,1,-2.8,GO:0032352,positive regulation of hormone metabolic process,M1,1,0
19_GO:0086014,1,-2.3,GO:0086014,atrial cardiac muscle cell action potential,M1,1,0
19_GO:0051589,1,-2.1,GO:0051589,negative regulation of neurotransmitter transport,M1,1,0
19_GO:0086070,1,-2.4,GO:0086070,SA node cell to atrial cardiac muscle cell communication,M1,1,0
19_GO:0071902,1,-4.1,GO:0071902,positive regulation of protein serine/threonine kinase activity,M1,1,0
19_GO:0002761,1,-3,GO:0002761,regulation of myeloid leukocyte differentiation,M1,1,0
19_GO:0002448,1,-3.3,GO:0002448,mast cell mediated immunity,M1,1,0
19_GO:1990774,1,-2.9,GO:1990774,tumor necrosis factor secretion,M1,1,0
19_GO:0050810,1,-2.2,GO:0050810,regulation of steroid biosynthetic process,M1,1,0
19_GO:0150063,1,-3.9,GO:0150063,visual system development,M1,1,0
19_GO:0021978,1,-2,GO:0021978,telencephalon regionalization,M1,1,0
19_GO:0090189,1,-2.2,GO:0090189,regulation of branching involved in ureteric bud morphogenesis,M1,1,0
19_GO:0042110,1,-4.9,GO:0042110,T cell activation,M1,1,0
19_GO:0043410,1,-6.7,GO:0043410,positive regulation of MAPK cascade,M1,1,0
19_GO:2000047,1,-2.5,GO:2000047,regulation of cell-cell adhesion mediated by cadherin,M1,1,0
19_GO:0071456,1,-2.5,GO:0071456,cellular response to hypoxia,M1,1,0
19_GO:0003073,1,-5.3,GO:0003073,regulation of systemic arterial blood pressure,M1,1,0
19_GO:0048144,1,-3.1,GO:0048144,fibroblast proliferation,M1,1,0
19_GO:0032943,1,-2.7,GO:0032943,mononuclear cell proliferation,M1,1,0
19_GO:0071396,1,-9.5,GO:0071396,cellular response to lipid,M1,1,0
19_GO:1902107,1,-2.2,GO:1902107,positive regulation of leukocyte differentiation,M1,1,0
19_GO:0033034,1,-2.7,GO:0033034,positive regulation of myeloid cell apoptotic process,M1,1,0
19_GO:1901224,1,-2.8,GO:1901224,positive regulation of NIK/NF-kappaB signaling,M1,1,0
19_GO:0061551,1,-3.4,GO:0061551,trigeminal ganglion development,M1,1,0
19_GO:0050707,1,-5.2,GO:0050707,regulation of cytokine secretion,M1,1,0
24_hsa04640,1,-2.1,hsa04640,Hematopoietic cell lineage,M1,1,0
19_GO:0050701,1,-3.5,GO:0050701,interleukin-1 secretion,M1,1,0
19_GO:0032495,1,-4.3,GO:0032495,response to muramyl dipeptide,M1,1,0
24_hsa04930,1,-2.3,hsa04930,Type II diabetes mellitus,M1,1,0
19_GO:0010862,1,-2.2,GO:0010862,positive regulation of pathway-restricted SMAD protein phosphorylation,M1,1,0
19_GO:0048858,1,-5.2,GO:0048858,cell projection morphogenesis,M1,1,0
19_GO:0045664,1,-3.7,GO:0045664,regulation of neuron differentiation,M1,1,0
19_GO:0030111,1,-3.2,GO:0030111,regulation of Wnt signaling pathway,M1,1,0
19_GO:0038066,1,-5.6,GO:0038066,p38MAPK cascade,M1,1,0
19_GO:0030036,1,-2.8,GO:0030036,actin cytoskeleton organization,M1,1,0
19_GO:0086001,1,-2.3,GO:0086001,cardiac muscle cell action potential,M1,1,0
19_GO:0043300,1,-2.1,GO:0043300,regulation of leukocyte degranulation,M1,1,0
19_GO:2000147,1,-6.7,GO:2000147,positive regulation of cell motility,M1,1,0
19_GO:0050727,1,-3.4,GO:0050727,regulation of inflammatory response,M1,1,0
19_GO:0071357,1,-4.5,GO:0071357,cellular response to type I interferon,M1,1,0
19_GO:0060560,1,-4,GO:0060560,developmental growth involved in morphogenesis,M1,1,0
19_GO:0045637,1,-3.1,GO:0045637,regulation of myeloid cell differentiation,M1,1,0
19_GO:1903035,1,-2.3,GO:1903035,negative regulation of response to wounding,M1,1,0
19_GO:0050670,1,-2.5,GO:0050670,regulation of lymphocyte proliferation,M1,1,0
19_GO:0033029,1,-2.9,GO:0033029,regulation of neutrophil apoptotic process,M1,1,0
19_GO:0048872,1,-2.9,GO:0048872,homeostasis of number of cells,M1,1,0
19_GO:0070371,1,-4.9,GO:0070371,ERK1 and ERK2 cascade,M1,1,0
6_R-HSA-212718,1,-3.8,R-HSA-212718,EGFR interacts with phospholipase C-gamma,M1,1,0
19_GO:0090009,1,-2.4,GO:0090009,primitive streak formation,M1,1,0
19_GO:0032252,1,-4.4,GO:0032252,secretory granule localization,M1,1,0
19_GO:0046887,1,-3.6,GO:0046887,positive regulation of hormone secretion,M1,1,0
24_hsa01521,1,-2.2,hsa01521,EGFR tyrosine kinase inhibitor resistance,M1,1,0
19_GO:0061178,1,-2.4,GO:0061178,regulation of insulin secretion involved in cellular response to glucose stimulus,M1,1,0
6_R-HSA-6811558,1,-2.4,R-HSA-6811558,"PI5P, PP2A and IER3 Regulate PI3K/AKT Signaling",M1,1,0
19_GO:0043588,1,-3.6,GO:0043588,skin development,M1,1,0
19_GO:0033674,1,-4,GO:0033674,positive regulation of kinase activity,M1,1,0
19_GO:0001558,1,-3.6,GO:0001558,regulation of cell growth,M1,1,0
19_GO:0035108,1,-2.2,GO:0035108,limb morphogenesis,M1,1,0
19_GO:1990048,1,-4.3,GO:1990048,anterograde neuronal dense core vesicle transport,M1,1,0
19_GO:0050865,1,-6.8,GO:0050865,regulation of cell activation,M1,1,0
19_GO:0045666,1,-2.4,GO:0045666,positive regulation of neuron differentiation,M1,1,0
19_GO:0001666,1,-2.9,GO:0001666,response to hypoxia,M1,1,0
19_GO:0006109,1,-2.2,GO:0006109,regulation of carbohydrate metabolic process,M1,1,0
19_GO:0051090,1,-3.1,GO:0051090,regulation of DNA-binding transcription factor activity,M1,1,0
19_GO:0048145,1,-3.1,GO:0048145,regulation of fibroblast proliferation,M1,1,0
19_GO:2000146,1,-2.1,GO:2000146,negative regulation of cell motility,M1,1,0
19_GO:0001763,1,-6.3,GO:0001763,morphogenesis of a branching structure,M1,1,0
19_GO:0072604,1,-2.2,GO:0072604,interleukin-6 secretion,M1,1,0
19_GO:0006942,1,-2.1,GO:0006942,regulation of striated muscle contraction,M1,1,0
19_GO:0043009,1,-4.4,GO:0043009,chordate embryonic development,M1,1,0
19_GO:0071229,1,-7.5,GO:0071229,cellular response to acid chemical,M1,1,0
19_GO:0003205,1,-3.4,GO:0003205,cardiac chamber development,M1,1,0
19_GO:0048598,1,-5.5,GO:0048598,embryonic morphogenesis,M1,1,0
19_GO:0071363,1,-7.2,GO:0071363,cellular response to growth factor stimulus,M1,1,0
19_GO:0002696,1,-2.9,GO:0002696,positive regulation of leukocyte activation,M1,1,0
19_GO:0030010,1,-2,GO:0030010,establishment of cell polarity,M1,1,0
19_GO:0061029,1,-2,GO:0061029,eyelid development in camera-type eye,M1,1,0
19_GO:0055117,1,-2.6,GO:0055117,regulation of cardiac muscle contraction,M1,1,0
24_hsa01522,1,-2.1,hsa01522,Endocrine resistance,M1,1,0
19_GO:0048486,1,-2.4,GO:0048486,parasympathetic nervous system development,M1,1,0
19_GO:0048747,1,-2,GO:0048747,muscle fiber development,M1,1,0
19_GO:0042089,1,-5.1,GO:0042089,cytokine biosynthetic process,M1,1,0
19_GO:1903305,1,-2.3,GO:1903305,regulation of regulated secretory pathway,M1,1,0
19_GO:0098773,1,-2.4,GO:0098773,skin epidermis development,M1,1,0
19_GO:0003230,1,-2.1,GO:0003230,cardiac atrium development,M1,1,0
24_hsa04657,1,-4.6,hsa04657,IL-17 signaling pathway,M1,1,0
19_GO:0001658,1,-2.3,GO:0001658,branching involved in ureteric bud morphogenesis,M1,1,0
19_GO:0014074,1,-2.6,GO:0014074,response to purine-containing compound,M1,1,0
19_GO:0009991,1,-4.1,GO:0009991,response to extracellular stimulus,M1,1,0
19_GO:0046503,1,-3.4,GO:0046503,glycerolipid catabolic process,M1,1,0
19_GO:0010766,1,-2.5,GO:0010766,negative regulation of sodium ion transport,M1,1,0
19_GO:0030335,1,-6.4,GO:0030335,positive regulation of cell migration,M1,1,0
19_GO:0060326,1,-7.3,GO:0060326,cell chemotaxis,M1,1,0
19_GO:0055088,1,-2.1,GO:0055088,lipid homeostasis,M1,1,0
24_hsa04360,1,-2.8,hsa04360,Axon guidance,M1,1,0
24_hsa04370,1,-3.7,hsa04370,VEGF signaling pathway,M1,1,0
19_GO:0042330,1,-11,GO:0042330,taxis,M1,1,0
19_GO:0042181,1,-2.5,GO:0042181,ketone biosynthetic process,M1,1,0
19_GO:0048589,1,-5.4,GO:0048589,developmental growth,M1,1,0
19_GO:0045638,1,-2.8,GO:0045638,negative regulation of myeloid cell differentiation,M1,1,0
19_GO:0048640,1,-3.2,GO:0048640,negative regulation of developmental growth,M1,1,0
24_hsa_M00047,1,-2.9,hsa_M00047,Creatine pathway,M1,1,0
19_GO:0090066,1,-3.5,GO:0090066,regulation of anatomical structure size,M1,1,0
19_GO:0035272,1,-3.6,GO:0035272,exocrine system development,M1,1,0
6_R-HSA-977444,1,-2.6,R-HSA-977444,GABA B receptor activation,M1,1,0
19_GO:0061448,1,-5.7,GO:0061448,connective tissue development,M1,1,0
19_GO:0010638,1,-2,GO:0010638,positive regulation of organelle organization,M1,1,0
19_GO:0030155,1,-11,GO:0030155,regulation of cell adhesion,M1,1,0
19_GO:0001706,1,-2.1,GO:0001706,endoderm formation,M1,1,0
19_GO:0060393,1,-4.2,GO:0060393,regulation of pathway-restricted SMAD protein phosphorylation,M1,1,0
19_GO:0030500,1,-4.8,GO:0030500,regulation of bone mineralization,M1,1,0
19_GO:0060600,1,-3.6,GO:0060600,dichotomous subdivision of an epithelial terminal unit,M1,1,0
19_GO:0048146,1,-4.2,GO:0048146,positive regulation of fibroblast proliferation,M1,1,0
19_GO:0044273,1,-2.5,GO:0044273,sulfur compound catabolic process,M1,1,0
19_GO:0097755,1,-3.7,GO:0097755,positive regulation of blood vessel diameter,M1,1,0
19_GO:0048812,1,-5.1,GO:0048812,neuron projection morphogenesis,M1,1,0
19_GO:0007416,1,-2.8,GO:0007416,synapse assembly,M1,1,0
19_GO:0010975,1,-2.2,GO:0010975,regulation of neuron projection development,M1,1,0
19_GO:0040015,1,-2.2,GO:0040015,negative regulation of multicellular organism growth,M1,1,0
24_hsa04066,1,-2.5,hsa04066,HIF-1 signaling pathway,M1,1,0
24_M00047,1,-2.9,M00047,Creatine pathway,M1,1,0
19_GO:0009791,1,-3,GO:0009791,post-embryonic development,M1,1,0
19_GO:0045936,1,-7.5,GO:0045936,negative regulation of phosphate metabolic process,M1,1,0
19_GO:0042632,1,-2.1,GO:0042632,cholesterol homeostasis,M1,1,0
19_GO:0021561,1,-2.2,GO:0021561,facial nerve development,M1,1,0
19_GO:0032689,1,-2.1,GO:0032689,negative regulation of interferon-gamma production,M1,1,0
19_GO:0045926,1,-4.1,GO:0045926,negative regulation of growth,M1,1,0
19_GO:0044262,1,-2.1,GO:0044262,cellular carbohydrate metabolic process,M1,1,0
19_GO:0060700,1,-2.5,GO:0060700,regulation of ribonuclease activity,M1,1,0
19_GO:0043303,1,-3.5,GO:0043303,mast cell degranulation,M1,1,0
19_GO:0002064,1,-3.7,GO:0002064,epithelial cell development,M1,1,0
19_GO:0045913,1,-2,GO:0045913,positive regulation of carbohydrate metabolic process,M1,1,0
19_GO:0043010,1,-3.4,GO:0043010,camera-type eye development,M1,1,0
19_GO:0051271,1,-2.5,GO:0051271,negative regulation of cellular component movement,M1,1,0
19_GO:0050678,1,-5.9,GO:0050678,regulation of epithelial cell proliferation,M1,1,0
19_GO:0060042,1,-2.8,GO:0060042,retina morphogenesis in camera-type eye,M1,1,0
19_GO:0016358,1,-2.8,GO:0016358,dendrite development,M1,1,0
19_GO:0007409,1,-4.1,GO:0007409,axonogenesis,M1,1,0
19_GO:0050679,1,-4.8,GO:0050679,positive regulation of epithelial cell proliferation,M1,1,0
19_GO:0051384,1,-3.6,GO:0051384,response to glucocorticoid,M1,1,0
6_R-HSA-8939246,1,-2.9,R-HSA-8939246,RUNX1 regulates transcription of genes involved in differentiation of myeloid cells,M1,1,0
19_GO:0001657,1,-3.8,GO:0001657,ureteric bud development,M1,1,0
19_GO:0031214,1,-2.3,GO:0031214,biomineral tissue development,M1,1,0
11_M177,1,-2.2,M177,PID EPHA FWDPATHWAY,M1,1,0
19_GO:0034142,1,-2.7,GO:0034142,toll-like receptor 4 signaling pathway,M1,1,0
19_GO:0051924,1,-2.4,GO:0051924,regulation of calcium ion transport,M1,1,0
19_GO:0045995,1,-2.6,GO:0045995,regulation of embryonic development,M1,1,0
19_GO:0070997,1,-2.8,GO:0070997,neuron death,M1,1,0
19_GO:0098739,1,-3.8,GO:0098739,import across plasma membrane,M1,1,0
19_GO:1904467,1,-3.1,GO:1904467,regulation of tumor necrosis factor secretion,M1,1,0
19_GO:0031400,1,-5.7,GO:0031400,negative regulation of protein modification process,M1,1,0
19_GO:0032496,1,-8.6,GO:0032496,response to lipopolysaccharide,M1,1,0
19_GO:0071219,1,-8,GO:0071219,cellular response to molecule of bacterial origin,M1,1,0
19_GO:0009306,1,-8.6,GO:0009306,protein secretion,M1,1,0
19_GO:0051092,1,-2.6,GO:0051092,positive regulation of NF-kappaB transcription factor activity,M1,1,0
19_GO:0070304,1,-3.3,GO:0070304,positive regulation of stress-activated protein kinase signaling cascade,M1,1,0
24_hsa05133,1,-3.5,hsa05133,Pertussis,M1,1,0
19_GO:0010543,1,-4.1,GO:0010543,regulation of platelet activation,M1,1,0
19_GO:0042035,1,-5.6,GO:0042035,regulation of cytokine biosynthetic process,M1,1,0
19_GO:0001944,1,-13,GO:0001944,vasculature development,M1,1,0
19_GO:0032409,1,-2.9,GO:0032409,regulation of transporter activity,M1,1,0
19_GO:1902532,1,-6.3,GO:1902532,negative regulation of intracellular signal transduction,M1,1,0
6_R-HSA-180336,1,-2.9,R-HSA-180336,SHC1 events in EGFR signaling,M1,1,0
19_GO:0050729,1,-2.9,GO:0050729,positive regulation of inflammatory response,M1,1,0
19_GO:1901184,1,-2.2,GO:1901184,regulation of ERBB signaling pathway,M1,1,0
19_GO:0042692,1,-4.2,GO:0042692,muscle cell differentiation,M1,1,0
19_GO:0003006,1,-5.3,GO:0003006,developmental process involved in reproduction,M1,1,0
19_GO:0001816,1,-10,GO:0001816,cytokine production,M1,1,0
19_GO:0097531,1,-2.1,GO:0097531,mast cell migration,M1,1,0
19_GO:0032732,1,-3,GO:0032732,positive regulation of interleukin-1 production,M1,1,0
19_GO:0001508,1,-2.5,GO:0001508,action potential,M1,1,0
24_hsa05211,1,-2.1,hsa05211,Renal cell carcinoma,M1,1,0
19_GO:1900746,1,-3,GO:1900746,regulation of vascular endothelial growth factor signaling pathway,M1,1,0
19_GO:0007229,1,-3.5,GO:0007229,integrin-mediated signaling pathway,M1,1,0
19_GO:1901077,1,-2.2,GO:1901077,regulation of relaxation of muscle,M1,1,0
6_R-HSA-422475,1,-2.3,R-HSA-422475,Axon guidance,M1,1,0
19_GO:0010464,1,-2.2,GO:0010464,regulation of mesenchymal cell proliferation,M1,1,0
19_GO:0002011,1,-4.6,GO:0002011,morphogenesis of an epithelial sheet,M1,1,0
19_GO:0061326,1,-3.9,GO:0061326,renal tubule development,M1,1,0
19_GO:0009743,1,-2.4,GO:0009743,response to carbohydrate,M1,1,0
19_GO:0048483,1,-2.3,GO:0048483,autonomic nervous system development,M1,1,0
19_GO:0055065,1,-4.1,GO:0055065,metal ion homeostasis,M1,1,0
19_GO:0032663,1,-4.8,GO:0032663,regulation of interleukin-2 production,M1,1,0
19_GO:0034309,1,-2.1,GO:0034309,primary alcohol biosynthetic process,M1,1,0
19_GO:0031344,1,-2.3,GO:0031344,regulation of cell projection organization,M1,1,0
19_GO:0071398,1,-3.8,GO:0071398,cellular response to fatty acid,M1,1,0
19_GO:0060411,1,-2.8,GO:0060411,cardiac septum morphogenesis,M1,1,0
19_GO:0032634,1,-3.9,GO:0032634,interleukin-5 production,M1,1,0
19_GO:0048667,1,-5.6,GO:0048667,cell morphogenesis involved in neuron differentiation,M1,1,0
19_GO:0021610,1,-2.2,GO:0021610,facial nerve morphogenesis,M1,1,0
19_GO:0010594,1,-2.1,GO:0010594,regulation of endothelial cell migration,M1,1,0
19_GO:2000510,1,-2.7,GO:2000510,positive regulation of dendritic cell chemotaxis,M1,1,0
6_R-HSA-1296059,1,-2.8,R-HSA-1296059,G protein gated Potassium channels,M1,1,0
24_hsa05214,1,-2.7,hsa05214,Glioma,M1,1,0
19_GO:0043434,1,-3,GO:0043434,response to peptide hormone,M1,1,0
19_GO:0031643,1,-2.6,GO:0031643,positive regulation of myelination,M1,1,0
19_GO:1901655,1,-4,GO:1901655,cellular response to ketone,M1,1,0
19_GO:0030326,1,-2.3,GO:0030326,embryonic limb morphogenesis,M1,1,0
6_R-HSA-177929,1,-2.1,R-HSA-177929,Signaling by EGFR,M1,1,0
19_GO:0030336,1,-2.4,GO:0030336,negative regulation of cell migration,M1,1,0
19_GO:1903978,1,-2.3,GO:1903978,regulation of microglial cell activation,M1,1,0
6_R-HSA-3000171,1,-2.3,R-HSA-3000171,Non-integrin membrane-ECM interactions,M1,1,0
19_GO:0001823,1,-3.6,GO:0001823,mesonephros development,M1,1,0
19_GO:0090277,1,-2.1,GO:0090277,positive regulation of peptide hormone secretion,M1,1,0
19_GO:0043616,1,-2.4,GO:0043616,keratinocyte proliferation,M1,1,0
24_hsa05134,1,-2.5,hsa05134,Legionellosis,M1,1,0
19_GO:0043116,1,-2,GO:0043116,negative regulation of vascular permeability,M1,1,0
19_GO:2000108,1,-3.4,GO:2000108,positive regulation of leukocyte apoptotic process,M1,1,0
19_GO:1901861,1,-2,GO:1901861,regulation of muscle tissue development,M1,1,0
19_GO:0022404,1,-2.4,GO:0022404,molting cycle process,M1,1,0
19_GO:0043114,1,-2.7,GO:0043114,regulation of vascular permeability,M1,1,0
19_GO:0010942,1,-6.8,GO:0010942,positive regulation of cell death,M1,1,0
19_GO:0045860,1,-4.4,GO:0045860,positive regulation of protein kinase activity,M1,1,0
19_GO:0022409,1,-3.1,GO:0022409,positive regulation of cell-cell adhesion,M1,1,0
19_GO:0060306,1,-2.6,GO:0060306,regulation of membrane repolarization,M1,1,0
19_GO:0050867,1,-2.7,GO:0050867,positive regulation of cell activation,M1,1,0
19_GO:0050704,1,-3.2,GO:0050704,regulation of interleukin-1 secretion,M1,1,0
19_GO:0036342,1,-2.4,GO:0036342,post-anal tail morphogenesis,M1,1,0
19_GO:0007411,1,-5.7,GO:0007411,axon guidance,M1,1,0
19_GO:0042060,1,-4.1,GO:0042060,wound healing,M1,1,0
24_hsa04510,1,-3.1,hsa04510,Focal adhesion,M1,1,0
19_GO:0032342,1,-2.4,GO:0032342,aldosterone biosynthetic process,M1,1,0
19_GO:0150076,1,-3.5,GO:0150076,neuroinflammatory response,M1,1,0
24_hsa04621,1,-3.4,hsa04621,NOD-like receptor signaling pathway,M1,1,0
19_GO:0031952,1,-2.2,GO:0031952,regulation of protein autophosphorylation,M1,1,0
19_GO:0050921,1,-2.1,GO:0050921,positive regulation of chemotaxis,M1,1,0
19_GO:0071900,1,-5,GO:0071900,regulation of protein serine/threonine kinase activity,M1,1,0
19_GO:0045740,1,-2.1,GO:0045740,positive regulation of DNA replication,M1,1,0
19_GO:0042098,1,-2.2,GO:0042098,T cell proliferation,M1,1,0
11_M7,1,-2.2,M7,PID FCER1 PATHWAY,M1,1,0
19_GO:0072330,1,-2.2,GO:0072330,monocarboxylic acid biosynthetic process,M1,1,0
19_GO:0009154,1,-2.3,GO:0009154,purine ribonucleotide catabolic process,M1,1,0
19_GO:0007350,1,-2.4,GO:0007350,blastoderm segmentation,M1,1,0
19_GO:1903557,1,-3,GO:1903557,positive regulation of tumor necrosis factor superfamily cytokine production,M1,1,0
19_GO:0045165,1,-4,GO:0045165,cell fate commitment,M1,1,0
19_GO:0071895,1,-3.1,GO:0071895,odontoblast differentiation,M1,1,0
19_GO:1903532,1,-8.3,GO:1903532,positive regulation of secretion by cell,M1,1,0
19_GO:0006022,1,-2.1,GO:0006022,aminoglycan metabolic process,M1,1,0
19_GO:0072216,1,-4.1,GO:0072216,positive regulation of metanephros development,M1,1,0
19_GO:0071417,1,-5.1,GO:0071417,cellular response to organonitrogen compound,M1,1,0
19_GO:0045778,1,-4.8,GO:0045778,positive regulation of ossification,M1,1,0
19_GO:0031349,1,-2.7,GO:0031349,positive regulation of defense response,M1,1,0
19_GO:0061550,1,-3.1,GO:0061550,cranial ganglion development,M1,1,0
19_GO:0001764,1,-6.1,GO:0001764,neuron migration,M1,1,0
19_GO:0045940,1,-2.4,GO:0045940,positive regulation of steroid metabolic process,M1,1,0
19_GO:0030003,1,-2.7,GO:0030003,cellular cation homeostasis,M1,1,0
19_GO:0071901,1,-2.7,GO:0071901,negative regulation of protein serine/threonine kinase activity,M1,1,0
24_hsa04012,1,-3,hsa04012,ErbB signaling pathway,M1,1,0
11_M145,1,-4,M145,PID P53 DOWNSTREAM PATHWAY,M1,1,0
19_GO:0048729,1,-6.8,GO:0048729,tissue morphogenesis,M1,1,0
19_GO:0002790,1,-8.3,GO:0002790,peptide secretion,M1,1,0
19_GO:0019233,1,-3.5,GO:0019233,sensory perception of pain,M1,1,0
24_hsa04921,1,-4,hsa04921,Oxytocin signaling pathway,M1,1,0
19_GO:0050920,1,-3.1,GO:0050920,regulation of chemotaxis,M1,1,0
19_GO:0072203,1,-2.4,GO:0072203,cell proliferation involved in metanephros development,M1,1,0
19_GO:0035773,1,-2.1,GO:0035773,insulin secretion involved in cellular response to glucose stimulus,M1,1,0
19_GO:0048846,1,-2,GO:0048846,axon extension involved in axon guidance,M1,1,0
19_GO:1903432,1,-2,GO:1903432,regulation of TORC1 signaling,M1,1,0
19_GO:0043068,1,-4.9,GO:0043068,positive regulation of programmed cell death,M1,1,0
19_GO:0042552,1,-2.6,GO:0042552,myelination,M1,1,0
19_GO:0051216,1,-3.3,GO:0051216,cartilage development,M1,1,0
19_GO:0016055,1,-3,GO:0016055,Wnt signaling pathway,M1,1,0
19_GO:0040017,1,-6.8,GO:0040017,positive regulation of locomotion,M1,1,0
6_R-HSA-991365,1,-2.6,R-HSA-991365,Activation of GABAB receptors,M1,1,0
19_GO:2001257,1,-2.7,GO:2001257,regulation of cation channel activity,M1,1,0
19_GO:0032870,1,-7.4,GO:0032870,cellular response to hormone stimulus,M1,1,0
19_GO:0009261,1,-2.2,GO:0009261,ribonucleotide catabolic process,M1,1,0
19_GO:1901136,1,-2.4,GO:1901136,carbohydrate derivative catabolic process,M1,1,0
19_GO:0010762,1,-2.4,GO:0010762,regulation of fibroblast migration,M1,1,0
6_R-HSA-179812,1,-3.1,R-HSA-179812,GRB2 events in EGFR signaling,M1,1,0
19_GO:0031589,1,-3.7,GO:0031589,cell-substrate adhesion,M1,1,0
6_R-HSA-373760,1,-2,R-HSA-373760,L1CAM interactions,M1,1,0
19_GO:0032147,1,-2.7,GO:0032147,activation of protein kinase activity,M1,1,0
19_GO:0007420,1,-3.5,GO:0007420,brain development,M1,1,0
19_GO:0051781,1,-3,GO:0051781,positive regulation of cell division,M1,1,0
