,_MEMBER_hits,_LogP_hits,GO,Description,_PATTERN_,_RANK_,GiniIndex
19_GO:0043491,1,-2.1,GO:0043491,protein kinase B signaling,M1,1,0
19_GO:0000904,1,-5.5,GO:0000904,cell morphogenesis involved in differentiation,M1,1,0
6_R-HSA-449147,1,-3.8,R-HSA-449147,Signaling by Interleukins,M1,1,0
19_GO:0072009,1,-2.6,GO:0072009,nephron epithelium development,M1,1,0
19_GO:0001773,1,-3.4,GO:0001773,myeloid dendritic cell activation,M1,1,0
19_GO:0007610,1,-3.7,GO:0007610,behavior,M1,1,0
6_R-HSA-216083,1,-3.2,R-HSA-216083,Integrin cell surface interactions,M1,1,0
19_GO:0090596,1,-2.8,GO:0090596,sensory organ morphogenesis,M1,1,0
19_GO:0019098,1,-2.2,GO:0019098,reproductive behavior,M1,1,0
24_hsa04668,1,-2.6,hsa04668,TNF signaling pathway,M1,1,0
19_GO:0050755,1,-3,GO:0050755,chemokine metabolic process,M1,1,0
6_R-HSA-2129379,1,-2.9,R-HSA-2129379,Molecules associated with elastic fibres,M1,1,0
19_GO:0032526,1,-2.6,GO:0032526,response to retinoic acid,M1,1,0
19_GO:0001568,1,-7.4,GO:0001568,blood vessel development,M1,1,0
19_GO:0010718,1,-5.5,GO:0010718,positive regulation of epithelial to mesenchymal transition,M1,1,0
19_GO:0009100,1,-2.6,GO:0009100,glycoprotein metabolic process,M1,1,0
19_GO:0032922,1,-2.1,GO:0032922,circadian regulation of gene expression,M1,1,0
19_GO:1901342,1,-3,GO:1901342,regulation of vasculature development,M1,1,0
6_R-HSA-112409,1,-2.5,R-HSA-112409,RAF-independent MAPK1/3 activation,M1,1,0
6_R-HSA-1566948,1,-3.6,R-HSA-1566948,Elastic fibre formation,M1,1,0
19_GO:0061217,1,-2.4,GO:0061217,regulation of mesonephros development,M1,1,0
19_GO:0010563,1,-3.3,GO:0010563,negative regulation of phosphorus metabolic process,M1,1,0
19_GO:0043542,1,-2.1,GO:0043542,endothelial cell migration,M1,1,0
11_M256,1,-2.3,M256,PID TAP63 PATHWAY,M1,1,0
19_GO:0048568,1,-4.5,GO:0048568,embryonic organ development,M1,1,0
11_M3008,1,-3.7,M3008,NABA ECM GLYCOPROTEINS,M1,1,0
19_GO:0030879,1,-3.3,GO:0030879,mammary gland development,M1,1,0
19_GO:0030947,1,-3,GO:0030947,regulation of vascular endothelial growth factor receptor signaling pathway,M1,1,0
19_GO:0032755,1,-2.1,GO:0032755,positive regulation of interleukin-6 production,M1,1,0
19_GO:0048732,1,-8.1,GO:0048732,gland development,M1,1,0
19_GO:0060840,1,-2.8,GO:0060840,artery development,M1,1,0
19_GO:0034394,1,-2.9,GO:0034394,protein localization to cell surface,M1,1,0
19_GO:0034340,1,-4.4,GO:0034340,response to type I interferon,M1,1,0
19_GO:0042044,1,-3.4,GO:0042044,fluid transport,M1,1,0
19_GO:0010566,1,-3,GO:0010566,regulation of ketone biosynthetic process,M1,1,0
19_GO:0045779,1,-3.3,GO:0045779,negative regulation of bone resorption,M1,1,0
19_GO:0051962,1,-4.2,GO:0051962,positive regulation of nervous system development,M1,1,0
19_GO:0010715,1,-2.9,GO:0010715,regulation of extracellular matrix disassembly,M1,1,0
19_GO:0060420,1,-2.4,GO:0060420,regulation of heart growth,M1,1,0
19_GO:0044057,1,-2.7,GO:0044057,regulation of system process,M1,1,0
19_GO:0030900,1,-3.4,GO:0030900,forebrain development,M1,1,0
19_GO:0010001,1,-3.3,GO:0010001,glial cell differentiation,M1,1,0
19_GO:0003177,1,-2.7,GO:0003177,pulmonary valve development,M1,1,0
19_GO:0034405,1,-2.9,GO:0034405,response to fluid shear stress,M1,1,0
19_GO:0051047,1,-2.9,GO:0051047,positive regulation of secretion,M1,1,0
19_GO:0072574,1,-2.9,GO:0072574,hepatocyte proliferation,M1,1,0
24_hsa05200,1,-5.5,hsa05200,Pathways in cancer,M1,1,0
19_GO:0034104,1,-2.7,GO:0034104,negative regulation of tissue remodeling,M1,1,0
19_GO:0032925,1,-2.4,GO:0032925,regulation of activin receptor signaling pathway,M1,1,0
19_GO:0060479,1,-2.5,GO:0060479,lung cell differentiation,M1,1,0
24_hsa05202,1,-4,hsa05202,Transcriptional misregulation in cancer,M1,1,0
19_GO:0048762,1,-3.3,GO:0048762,mesenchymal cell differentiation,M1,1,0
19_GO:0046850,1,-2.5,GO:0046850,regulation of bone remodeling,M1,1,0
19_GO:0001894,1,-3.8,GO:0001894,tissue homeostasis,M1,1,0
11_M3005,1,-2.7,M3005,NABA COLLAGENS,M1,1,0
19_GO:0001704,1,-2.4,GO:0001704,formation of primary germ layer,M1,1,0
19_GO:0048511,1,-2.9,GO:0048511,rhythmic process,M1,1,0
19_GO:0032637,1,-2.4,GO:0032637,interleukin-8 production,M1,1,0
19_GO:0002274,1,-2.4,GO:0002274,myeloid leukocyte activation,M1,1,0
19_GO:0043011,1,-2.9,GO:0043011,myeloid dendritic cell differentiation,M1,1,0
19_GO:0048710,1,-4.4,GO:0048710,regulation of astrocyte differentiation,M1,1,0
6_R-HSA-6806834,1,-5.2,R-HSA-6806834,Signaling by MET,M1,1,0
19_GO:0001817,1,-2.3,GO:0001817,regulation of cytokine production,M1,1,0
19_GO:0050808,1,-4.7,GO:0050808,synapse organization,M1,1,0
19_GO:0007623,1,-2.3,GO:0007623,circadian rhythm,M1,1,0
11_M5887,1,-2.8,M5887,NABA BASEMENT MEMBRANES,M1,1,0
19_GO:0001654,1,-3.7,GO:0001654,eye development,M1,1,0
19_GO:0007423,1,-4.6,GO:0007423,sensory organ development,M1,1,0
19_GO:1902305,1,-2.1,GO:1902305,regulation of sodium ion transmembrane transport,M1,1,0
19_GO:0098542,1,-3,GO:0098542,defense response to other organism,M1,1,0
19_GO:0050673,1,-6.6,GO:0050673,epithelial cell proliferation,M1,1,0
19_GO:0021983,1,-3.8,GO:0021983,pituitary gland development,M1,1,0
19_GO:0010959,1,-2.8,GO:0010959,regulation of metal ion transport,M1,1,0
6_R-HSA-2691232,1,-3.1,R-HSA-2691232,Constitutive Signaling by NOTCH1 HD Domain Mutants,M1,1,0
19_GO:0048871,1,-6,GO:0048871,multicellular organismal homeostasis,M1,1,0
19_GO:0010717,1,-5.7,GO:0010717,regulation of epithelial to mesenchymal transition,M1,1,0
19_GO:0002009,1,-7,GO:0002009,morphogenesis of an epithelium,M1,1,0
6_R-HSA-5683057,1,-4,R-HSA-5683057,MAPK family signaling cascades,M1,1,0
6_R-HSA-421270,1,-2.1,R-HSA-421270,Cell-cell junction organization,M1,1,0
19_GO:0050900,1,-3.2,GO:0050900,leukocyte migration,M1,1,0
19_GO:0050803,1,-3.8,GO:0050803,regulation of synapse structure or activity,M1,1,0
19_GO:0001525,1,-4.7,GO:0001525,angiogenesis,M1,1,0
19_GO:0007044,1,-2.1,GO:0007044,cell-substrate junction assembly,M1,1,0
19_GO:0072163,1,-2.1,GO:0072163,mesonephric epithelium development,M1,1,0
19_GO:0009914,1,-2.1,GO:0009914,hormone transport,M1,1,0
19_GO:0043900,1,-2.3,GO:0043900,regulation of multi-organism process,M1,1,0
19_GO:0035904,1,-2.2,GO:0035904,aorta development,M1,1,0
6_R-HSA-936440,1,-2.1,R-HSA-936440,Negative regulators of DDX58/IFIH1 signaling,M1,1,0
6_R-HSA-182971,1,-2.2,R-HSA-182971,EGFR downregulation,M1,1,0
6_R-HSA-1500931,1,-2.9,R-HSA-1500931,Cell-Cell communication,M1,1,0
19_GO:0090288,1,-2.3,GO:0090288,negative regulation of cellular response to growth factor stimulus,M1,1,0
19_GO:0048754,1,-2.5,GO:0048754,branching morphogenesis of an epithelial tube,M1,1,0
19_GO:0007507,1,-3.8,GO:0007507,heart development,M1,1,0
11_M212,1,-2.9,M212,PID INTEGRIN5 PATHWAY,M1,1,0
11_M167,1,-2.7,M167,PID AP1 PATHWAY,M1,1,0
19_GO:0097485,1,-2.6,GO:0097485,neuron projection guidance,M1,1,0
19_GO:0003007,1,-2.2,GO:0003007,heart morphogenesis,M1,1,0
19_GO:0002690,1,-2.3,GO:0002690,positive regulation of leukocyte chemotaxis,M1,1,0
19_GO:0002237,1,-4.5,GO:0002237,response to molecule of bacterial origin,M1,1,0
19_GO:0030878,1,-2.6,GO:0030878,thyroid gland development,M1,1,0
19_GO:0070570,1,-2.1,GO:0070570,regulation of neuron projection regeneration,M1,1,0
19_GO:0045073,1,-3.1,GO:0045073,regulation of chemokine biosynthetic process,M1,1,0
19_GO:1903053,1,-2.8,GO:1903053,regulation of extracellular matrix organization,M1,1,0
19_GO:0010812,1,-3.7,GO:0010812,negative regulation of cell-substrate adhesion,M1,1,0
24_hsa04350,1,-3.2,hsa04350,TGF-beta signaling pathway,M1,1,0
19_GO:0097205,1,-3.8,GO:0097205,renal filtration,M1,1,0
19_GO:0046885,1,-2.3,GO:0046885,regulation of hormone biosynthetic process,M1,1,0
19_GO:0090287,1,-5.3,GO:0090287,regulation of cellular response to growth factor stimulus,M1,1,0
19_GO:0003279,1,-3.3,GO:0003279,cardiac septum development,M1,1,0
19_GO:0042033,1,-3,GO:0042033,chemokine biosynthetic process,M1,1,0
19_GO:0060389,1,-2,GO:0060389,pathway-restricted SMAD protein phosphorylation,M1,1,0
19_GO:0034762,1,-3,GO:0034762,regulation of transmembrane transport,M1,1,0
19_GO:0072576,1,-2.8,GO:0072576,liver morphogenesis,M1,1,0
19_GO:0006814,1,-4.7,GO:0006814,sodium ion transport,M1,1,0
19_GO:0045667,1,-5.4,GO:0045667,regulation of osteoblast differentiation,M1,1,0
19_GO:0002544,1,-2.8,GO:0002544,chronic inflammatory response,M1,1,0
19_GO:0048608,1,-2.9,GO:0048608,reproductive structure development,M1,1,0
6_R-HSA-9006936,1,-2.7,R-HSA-9006936,Signaling by TGF-beta family members,M1,1,0
19_GO:0034114,1,-2.3,GO:0034114,regulation of heterotypic cell-cell adhesion,M1,1,0
6_R-HSA-5576891,1,-2.1,R-HSA-5576891,Cardiac conduction,M1,1,0
19_GO:0001659,1,-2.8,GO:0001659,temperature homeostasis,M1,1,0
11_M5884,1,-6.3,M5884,NABA CORE MATRISOME,M1,1,0
19_GO:0022408,1,-2.1,GO:0022408,negative regulation of cell-cell adhesion,M1,1,0
6_R-HSA-5173105,1,-2.5,R-HSA-5173105,O-linked glycosylation,M1,1,0
19_GO:0050730,1,-2.3,GO:0050730,regulation of peptidyl-tyrosine phosphorylation,M1,1,0
19_GO:0032635,1,-2.4,GO:0032635,interleukin-6 production,M1,1,0
11_M240,1,-3.1,M240,PID SYNDECAN 2 PATHWAY,M1,1,0
19_GO:1905332,1,-2,GO:1905332,positive regulation of morphogenesis of an epithelium,M1,1,0
24_hsa05160,1,-2.2,hsa05160,Hepatitis C,M1,1,0
19_GO:0030324,1,-4.9,GO:0030324,lung development,M1,1,0
19_GO:0035148,1,-3.2,GO:0035148,tube formation,M1,1,0
19_GO:0048662,1,-2.8,GO:0048662,negative regulation of smooth muscle cell proliferation,M1,1,0
19_GO:0030902,1,-3.9,GO:0030902,hindbrain development,M1,1,0
19_GO:0045408,1,-2.3,GO:0045408,regulation of interleukin-6 biosynthetic process,M1,1,0
19_GO:0001503,1,-5.5,GO:0001503,ossification,M1,1,0
19_GO:0048514,1,-6.2,GO:0048514,blood vessel morphogenesis,M1,1,0
19_GO:0051347,1,-2.1,GO:0051347,positive regulation of transferase activity,M1,1,0
19_GO:0060043,1,-2.2,GO:0060043,regulation of cardiac muscle cell proliferation,M1,1,0
19_GO:0098801,1,-2,GO:0098801,regulation of renal system process,M1,1,0
19_GO:0034765,1,-2.9,GO:0034765,regulation of ion transmembrane transport,M1,1,0
19_GO:0007162,1,-4.7,GO:0007162,negative regulation of cell adhesion,M1,1,0
19_GO:0044344,1,-2,GO:0044344,cellular response to fibroblast growth factor stimulus,M1,1,0
19_GO:0120161,1,-2.7,GO:0120161,regulation of cold-induced thermogenesis,M1,1,0
6_R-HSA-8983711,1,-3.8,R-HSA-8983711,OAS antiviral response,M1,1,0
24_hsa04933,1,-2.1,hsa04933,AGE-RAGE signaling pathway in diabetic complications,M1,1,0
19_GO:0045648,1,-2.1,GO:0045648,positive regulation of erythrocyte differentiation,M1,1,0
11_M60,1,-3.5,M60,PID NFAT TFPATHWAY,M1,1,0
19_GO:0090183,1,-2.3,GO:0090183,regulation of kidney development,M1,1,0
11_M65,1,-2.9,M65,PID FRA PATHWAY,M1,1,0
19_GO:0014015,1,-4.4,GO:0014015,positive regulation of gliogenesis,M1,1,0
19_GO:0044788,1,-2.3,GO:0044788,modulation by host of viral process,M1,1,0
6_R-HSA-375165,1,-2.1,R-HSA-375165,NCAM signaling for neurite out-growth,M1,1,0
19_GO:0009615,1,-3.6,GO:0009615,response to virus,M1,1,0
19_GO:0050714,1,-2.1,GO:0050714,positive regulation of protein secretion,M1,1,0
19_GO:0090092,1,-4.2,GO:0090092,regulation of transmembrane receptor protein serine/threonine kinase signaling pathway,M1,1,0
19_GO:1902893,1,-2.7,GO:1902893,regulation of pri-miRNA transcription by RNA polymerase II,M1,1,0
19_GO:0035725,1,-4.1,GO:0035725,sodium ion transmembrane transport,M1,1,0
19_GO:0021537,1,-2.3,GO:0021537,telencephalon development,M1,1,0
19_GO:0198738,1,-4.4,GO:0198738,cell-cell signaling by wnt,M1,1,0
19_GO:0009617,1,-5,GO:0009617,response to bacterium,M1,1,0
19_GO:0072006,1,-5.7,GO:0072006,nephron development,M1,1,0
19_GO:0001649,1,-6.7,GO:0001649,osteoblast differentiation,M1,1,0
19_GO:0050731,1,-3.1,GO:0050731,positive regulation of peptidyl-tyrosine phosphorylation,M1,1,0
19_GO:0050770,1,-2.6,GO:0050770,regulation of axonogenesis,M1,1,0
19_GO:0048738,1,-2,GO:0048738,cardiac muscle tissue development,M1,1,0
19_GO:0050869,1,-2.2,GO:0050869,negative regulation of B cell activation,M1,1,0
19_GO:0097421,1,-2.2,GO:0097421,liver regeneration,M1,1,0
19_GO:0044089,1,-2.8,GO:0044089,positive regulation of cellular component biogenesis,M1,1,0
11_M5883,1,-5.7,M5883,NABA SECRETED FACTORS,M1,1,0
6_R-HSA-201451,1,-2.3,R-HSA-201451,Signaling by BMP,M1,1,0
19_GO:0002687,1,-2.3,GO:0002687,positive regulation of leukocyte migration,M1,1,0
19_GO:0007178,1,-4.4,GO:0007178,transmembrane receptor protein serine/threonine kinase signaling pathway,M1,1,0
19_GO:0043408,1,-2.7,GO:0043408,regulation of MAPK cascade,M1,1,0
6_R-HSA-1474228,1,-4.9,R-HSA-1474228,Degradation of the extracellular matrix,M1,1,0
19_GO:0009913,1,-3.2,GO:0009913,epidermal cell differentiation,M1,1,0
19_GO:0045880,1,-2.2,GO:0045880,positive regulation of smoothened signaling pathway,M1,1,0
19_GO:2000027,1,-6.8,GO:2000027,regulation of animal organ morphogenesis,M1,1,0
19_GO:0042326,1,-3.5,GO:0042326,negative regulation of phosphorylation,M1,1,0
19_GO:0022612,1,-3.1,GO:0022612,gland morphogenesis,M1,1,0
19_GO:0030029,1,-2.4,GO:0030029,actin filament-based process,M1,1,0
19_GO:0061614,1,-3.5,GO:0061614,pri-miRNA transcription by RNA polymerase II,M1,1,0
19_GO:0060537,1,-3.6,GO:0060537,muscle tissue development,M1,1,0
19_GO:0009792,1,-4.6,GO:0009792,embryo development ending in birth or egg hatching,M1,1,0
19_GO:2000649,1,-2.4,GO:2000649,regulation of sodium ion transmembrane transporter activity,M1,1,0
19_GO:0048708,1,-3.3,GO:0048708,astrocyte differentiation,M1,1,0
19_GO:0061005,1,-2.3,GO:0061005,cell differentiation involved in kidney development,M1,1,0
19_GO:0045685,1,-4.4,GO:0045685,regulation of glial cell differentiation,M1,1,0
19_GO:0001822,1,-5.6,GO:0001822,kidney development,M1,1,0
19_GO:0098662,1,-2.2,GO:0098662,inorganic cation transmembrane transport,M1,1,0
19_GO:1903708,1,-2.6,GO:1903708,positive regulation of hemopoiesis,M1,1,0
19_GO:0008285,1,-8.6,GO:0008285,negative regulation of cell proliferation,M1,1,0
19_GO:0001837,1,-4.1,GO:0001837,epithelial to mesenchymal transition,M1,1,0
19_GO:0007200,1,-3.6,GO:0007200,phospholipase C-activating G protein-coupled receptor signaling pathway,M1,1,0
19_GO:0060428,1,-3,GO:0060428,lung epithelium development,M1,1,0
19_GO:0002062,1,-2.3,GO:0002062,chondrocyte differentiation,M1,1,0
19_GO:0043409,1,-2.1,GO:0043409,negative regulation of MAPK cascade,M1,1,0
19_GO:1903055,1,-2.7,GO:1903055,positive regulation of extracellular matrix organization,M1,1,0
19_GO:0051607,1,-4.9,GO:0051607,defense response to virus,M1,1,0
19_GO:0032990,1,-4.7,GO:0032990,cell part morphogenesis,M1,1,0
19_GO:0048639,1,-2.1,GO:0048639,positive regulation of developmental growth,M1,1,0
19_GO:0032350,1,-2.9,GO:0032350,regulation of hormone metabolic process,M1,1,0
19_GO:0003171,1,-2.4,GO:0003171,atrioventricular valve development,M1,1,0
19_GO:0090091,1,-4,GO:0090091,positive regulation of extracellular matrix disassembly,M1,1,0
19_GO:0043065,1,-2.3,GO:0043065,positive regulation of apoptotic process,M1,1,0
19_GO:0045765,1,-2.4,GO:0045765,regulation of angiogenesis,M1,1,0
19_GO:0072575,1,-2.9,GO:0072575,epithelial cell proliferation involved in liver morphogenesis,M1,1,0
19_GO:0001655,1,-6,GO:0001655,urogenital system development,M1,1,0
19_GO:0048704,1,-2.2,GO:0048704,embryonic skeletal system morphogenesis,M1,1,0
19_GO:0003179,1,-3.3,GO:0003179,heart valve morphogenesis,M1,1,0
19_GO:0046579,1,-2.1,GO:0046579,positive regulation of Ras protein signal transduction,M1,1,0
19_GO:0002042,1,-2.1,GO:0002042,cell migration involved in sprouting angiogenesis,M1,1,0
19_GO:2000345,1,-3.2,GO:2000345,regulation of hepatocyte proliferation,M1,1,0
19_GO:1905114,1,-3.9,GO:1905114,cell surface receptor signaling pathway involved in cell-cell signaling,M1,1,0
19_GO:1990845,1,-2.5,GO:1990845,adaptive thermogenesis,M1,1,0
19_GO:0030224,1,-4.1,GO:0030224,monocyte differentiation,M1,1,0
19_GO:0051482,1,-2.2,GO:0051482,positive regulation of cytosolic calcium ion concentration involved in phospholipase C-activating G ,M1,1,0
19_GO:0002573,1,-2.9,GO:0002573,myeloid leukocyte differentiation,M1,1,0
19_GO:0030177,1,-2.1,GO:0030177,positive regulation of Wnt signaling pathway,M1,1,0
19_GO:0002931,1,-2.4,GO:0002931,response to ischemia,M1,1,0
19_GO:0090504,1,-2.1,GO:0090504,epiboly,M1,1,0
19_GO:0060541,1,-4.4,GO:0060541,respiratory system development,M1,1,0
19_GO:0010811,1,-3.1,GO:0010811,positive regulation of cell-substrate adhesion,M1,1,0
19_GO:0072164,1,-2.1,GO:0072164,mesonephric tubule development,M1,1,0
19_GO:0045785,1,-2.3,GO:0045785,positive regulation of cell adhesion,M1,1,0
19_GO:0061061,1,-5.3,GO:0061061,muscle structure development,M1,1,0
19_GO:0097435,1,-3.4,GO:0097435,supramolecular fiber organization,M1,1,0
19_GO:0006029,1,-2.9,GO:0006029,proteoglycan metabolic process,M1,1,0
19_GO:0034341,1,-3,GO:0034341,response to interferon-gamma,M1,1,0
19_GO:0019221,1,-4.5,GO:0019221,cytokine-mediated signaling pathway,M1,1,0
19_GO:0008207,1,-2.8,GO:0008207,C21-steroid hormone metabolic process,M1,1,0
19_GO:0043954,1,-2.3,GO:0043954,cellular component maintenance,M1,1,0
24_hsa05146,1,-4.5,hsa05146,Amoebiasis,M1,1,0
19_GO:0070373,1,-2.6,GO:0070373,negative regulation of ERK1 and ERK2 cascade,M1,1,0
19_GO:0030216,1,-2.8,GO:0030216,keratinocyte differentiation,M1,1,0
19_GO:0072001,1,-6,GO:0072001,renal system development,M1,1,0
24_hsa00910,1,-4.3,hsa00910,Nitrogen metabolism,M1,1,0
19_GO:0045446,1,-3.1,GO:0045446,endothelial cell differentiation,M1,1,0
6_R-HSA-8875878,1,-2.8,R-HSA-8875878,MET promotes cell motility,M1,1,0
6_R-HSA-977068,1,-2.5,R-HSA-977068,Termination of O-glycan biosynthesis,M1,1,0
19_GO:0060359,1,-2.1,GO:0060359,response to ammonium ion,M1,1,0
19_GO:0043368,1,-2.1,GO:0043368,positive T cell selection,M1,1,0
6_R-HSA-909733,1,-5.6,R-HSA-909733,Interferon alpha/beta signaling,M1,1,0
19_GO:0016049,1,-2.4,GO:0016049,cell growth,M1,1,0
19_GO:0035850,1,-2.7,GO:0035850,epithelial cell differentiation involved in kidney development,M1,1,0
19_GO:0048546,1,-5.6,GO:0048546,digestive tract morphogenesis,M1,1,0
24_hsa04310,1,-2,hsa04310,Wnt signaling pathway,M1,1,0
19_GO:0010810,1,-7,GO:0010810,regulation of cell-substrate adhesion,M1,1,0
19_GO:0030855,1,-7.7,GO:0030855,epithelial cell differentiation,M1,1,0
19_GO:0060487,1,-2.6,GO:0060487,lung epithelial cell differentiation,M1,1,0
19_GO:0072215,1,-2.5,GO:0072215,regulation of metanephros development,M1,1,0
6_R-HSA-2691230,1,-3.1,R-HSA-2691230,Signaling by NOTCH1 HD Domain Mutants in Cancer,M1,1,0
19_GO:0007160,1,-5.9,GO:0007160,cell-matrix adhesion,M1,1,0
19_GO:0043269,1,-2.8,GO:0043269,regulation of ion transport,M1,1,0
19_GO:0001818,1,-2.3,GO:0001818,negative regulation of cytokine production,M1,1,0
19_GO:0014910,1,-2.4,GO:0014910,regulation of smooth muscle cell migration,M1,1,0
19_GO:0048659,1,-4.2,GO:0048659,smooth muscle cell proliferation,M1,1,0
19_GO:0140115,1,-2.1,GO:0140115,export across plasma membrane,M1,1,0
19_GO:0043252,1,-3,GO:0043252,sodium-independent organic anion transport,M1,1,0
19_GO:0001501,1,-3.5,GO:0001501,skeletal system development,M1,1,0
19_GO:0120162,1,-3.7,GO:0120162,positive regulation of cold-induced thermogenesis,M1,1,0
19_GO:0043583,1,-2.7,GO:0043583,ear development,M1,1,0
19_GO:0045661,1,-2.4,GO:0045661,regulation of myoblast differentiation,M1,1,0
19_GO:0120039,1,-4.9,GO:0120039,plasma membrane bounded cell projection morphogenesis,M1,1,0
19_GO:0007517,1,-4.2,GO:0007517,muscle organ development,M1,1,0
19_GO:0035025,1,-2.3,GO:0035025,positive regulation of Rho protein signal transduction,M1,1,0
6_R-HSA-913709,1,-2.1,R-HSA-913709,O-linked glycosylation of mucins,M1,1,0
6_R-HSA-2022090,1,-3.9,R-HSA-2022090,Assembly of collagen fibrils and other multimeric structures,M1,1,0
19_GO:0002028,1,-2.4,GO:0002028,regulation of sodium ion transport,M1,1,0
19_GO:0061564,1,-4,GO:0061564,axon development,M1,1,0
19_GO:1903034,1,-4,GO:1903034,regulation of response to wounding,M1,1,0
19_GO:0010721,1,-3.9,GO:0010721,negative regulation of cell development,M1,1,0
6_R-HSA-913531,1,-4.3,R-HSA-913531,Interferon Signaling,M1,1,0
19_GO:0002763,1,-2.3,GO:0002763,positive regulation of myeloid leukocyte differentiation,M1,1,0
19_GO:0072080,1,-2.2,GO:0072080,nephron tubule development,M1,1,0
19_GO:0042058,1,-2.3,GO:0042058,regulation of epidermal growth factor receptor signaling pathway,M1,1,0
19_GO:1902903,1,-2.3,GO:1902903,regulation of supramolecular fiber organization,M1,1,0
19_GO:0009636,1,-3.9,GO:0009636,response to toxic substance,M1,1,0
19_GO:0050878,1,-4.6,GO:0050878,regulation of body fluid levels,M1,1,0
24_hsa05217,1,-2.3,hsa05217,Basal cell carcinoma,M1,1,0
6_R-HSA-5684996,1,-4.7,R-HSA-5684996,MAPK1/MAPK3 signaling,M1,1,0
19_GO:0014009,1,-2.4,GO:0014009,glial cell proliferation,M1,1,0
19_GO:0061458,1,-2.9,GO:0061458,reproductive system development,M1,1,0
19_GO:0042063,1,-4.1,GO:0042063,gliogenesis,M1,1,0
19_GO:0048520,1,-2.3,GO:0048520,positive regulation of behavior,M1,1,0
19_GO:0072079,1,-2.9,GO:0072079,nephron tubule formation,M1,1,0
19_GO:0042107,1,-2.3,GO:0042107,cytokine metabolic process,M1,1,0
19_GO:0033002,1,-5.7,GO:0033002,muscle cell proliferation,M1,1,0
19_GO:0031345,1,-2,GO:0031345,negative regulation of cell projection organization,M1,1,0
19_GO:0032412,1,-2.2,GO:0032412,regulation of ion transmembrane transporter activity,M1,1,0
19_GO:0032642,1,-2.4,GO:0032642,regulation of chemokine production,M1,1,0
19_GO:1901880,1,-2,GO:1901880,negative regulation of protein depolymerization,M1,1,0
19_GO:0048638,1,-4.4,GO:0048638,regulation of developmental growth,M1,1,0
6_R-HSA-3000157,1,-2.2,R-HSA-3000157,Laminin interactions,M1,1,0
19_GO:0045655,1,-2.7,GO:0045655,regulation of monocyte differentiation,M1,1,0
19_GO:0098742,1,-5.6,GO:0098742,cell-cell adhesion via plasma-membrane adhesion molecules,M1,1,0
19_GO:0031099,1,-3,GO:0031099,regeneration,M1,1,0
19_GO:0042226,1,-2.3,GO:0042226,interleukin-6 biosynthetic process,M1,1,0
19_GO:0050769,1,-2.5,GO:0050769,positive regulation of neurogenesis,M1,1,0
19_GO:0060675,1,-2,GO:0060675,ureteric bud morphogenesis,M1,1,0
19_GO:0060249,1,-3.8,GO:0060249,anatomical structure homeostasis,M1,1,0
19_GO:0015672,1,-2.9,GO:0015672,monovalent inorganic cation transport,M1,1,0
19_GO:0002040,1,-2.6,GO:0002040,sprouting angiogenesis,M1,1,0
19_GO:0006700,1,-2.4,GO:0006700,C21-steroid hormone biosynthetic process,M1,1,0
19_GO:0030323,1,-4.8,GO:0030323,respiratory tube development,M1,1,0
19_GO:0034329,1,-3,GO:0034329,cell junction assembly,M1,1,0
19_GO:0010837,1,-2.1,GO:0010837,regulation of keratinocyte proliferation,M1,1,0
19_GO:0120035,1,-3.7,GO:0120035,regulation of plasma membrane bounded cell projection organization,M1,1,0
6_R-HSA-9607240,1,-3.8,R-HSA-9607240,FLT3 Signaling,M1,1,0
19_GO:0034446,1,-2,GO:0034446,substrate adhesion-dependent cell spreading,M1,1,0
19_GO:0042755,1,-2.1,GO:0042755,eating behavior,M1,1,0
19_GO:0040008,1,-5.2,GO:0040008,regulation of growth,M1,1,0
19_GO:0003382,1,-2.1,GO:0003382,epithelial cell morphogenesis,M1,1,0
19_GO:0050708,1,-2.1,GO:0050708,regulation of protein secretion,M1,1,0
19_GO:1904064,1,-2,GO:1904064,positive regulation of cation transmembrane transport,M1,1,0
24_hsa05323,1,-3,hsa05323,Rheumatoid arthritis,M1,1,0
19_GO:0006935,1,-4.6,GO:0006935,chemotaxis,M1,1,0
19_GO:0032677,1,-2.6,GO:0032677,regulation of interleukin-8 production,M1,1,0
19_GO:0007595,1,-2.5,GO:0007595,lactation,M1,1,0
11_M181,1,-3.8,M181,PID BMP PATHWAY,M1,1,0
11_M160,1,-2.6,M160,PID AVB3 INTEGRIN PATHWAY,M1,1,0
19_GO:0034754,1,-2.2,GO:0034754,cellular hormone metabolic process,M1,1,0
6_R-HSA-9013507,1,-2.4,R-HSA-9013507,NOTCH3 Activation and Transmission of Signal to the Nucleus,M1,1,0
19_GO:0007369,1,-2,GO:0007369,gastrulation,M1,1,0
19_GO:0034330,1,-2.9,GO:0034330,cell junction organization,M1,1,0
24_hsa04750,1,-2.1,hsa04750,Inflammatory mediator regulation of TRP channels,M1,1,0
6_R-HSA-373076,1,-3.1,R-HSA-373076,Class A/1 (Rhodopsin-like receptors),M1,1,0
19_GO:0001838,1,-2.3,GO:0001838,embryonic epithelial tube formation,M1,1,0
19_GO:0048679,1,-2.3,GO:0048679,regulation of axon regeneration,M1,1,0
11_M18,1,-2,M18,PID INTEGRIN1 PATHWAY,M1,1,0
19_GO:0071773,1,-3.5,GO:0071773,cellular response to BMP stimulus,M1,1,0
19_GO:0071772,1,-3.5,GO:0071772,response to BMP,M1,1,0
19_GO:0050807,1,-3.3,GO:0050807,regulation of synapse organization,M1,1,0
19_GO:0016266,1,-2.1,GO:0016266,O-glycan processing,M1,1,0
19_GO:0061326,1,-2.2,GO:0061326,renal tubule development,M1,1,0
19_GO:0002011,1,-2.3,GO:0002011,morphogenesis of an epithelial sheet,M1,1,0
19_GO:0045639,1,-3.8,GO:0045639,positive regulation of myeloid cell differentiation,M1,1,0
19_GO:0003006,1,-2.6,GO:0003006,developmental process involved in reproduction,M1,1,0
6_R-HSA-1980145,1,-2.1,R-HSA-1980145,Signaling by NOTCH2,M1,1,0
19_GO:0042445,1,-2.6,GO:0042445,hormone metabolic process,M1,1,0
19_GO:0009953,1,-2.3,GO:0009953,dorsal/ventral pattern formation,M1,1,0
6_R-HSA-6783783,1,-4.6,R-HSA-6783783,Interleukin-10 signaling,M1,1,0
19_GO:0003181,1,-2.5,GO:0003181,atrioventricular valve morphogenesis,M1,1,0
19_GO:0010817,1,-3.8,GO:0010817,regulation of hormone levels,M1,1,0
19_GO:0045687,1,-2.7,GO:0045687,positive regulation of glial cell differentiation,M1,1,0
6_R-HSA-1474244,1,-6.5,R-HSA-1474244,Extracellular matrix organization,M1,1,0
19_GO:0032757,1,-2.5,GO:0032757,positive regulation of interleukin-8 production,M1,1,0
19_GO:0060612,1,-2.7,GO:0060612,adipose tissue development,M1,1,0
24_hsa04060,1,-2.6,hsa04060,Cytokine-cytokine receptor interaction,M1,1,0
19_GO:0060041,1,-2,GO:0060041,retina development in camera-type eye,M1,1,0
19_GO:0060337,1,-4.6,GO:0060337,type I interferon signaling pathway,M1,1,0
19_GO:0030595,1,-2.1,GO:0030595,leukocyte chemotaxis,M1,1,0
6_R-HSA-375276,1,-2.5,R-HSA-375276,Peptide ligand-binding receptors,M1,1,0
19_GO:0035270,1,-5.3,GO:0035270,endocrine system development,M1,1,0
6_R-HSA-3000178,1,-2.6,R-HSA-3000178,ECM proteoglycans,M1,1,0
19_GO:0030509,1,-2.4,GO:0030509,BMP signaling pathway,M1,1,0
19_GO:1904062,1,-2.4,GO:1904062,regulation of cation transmembrane transport,M1,1,0
19_GO:0030198,1,-7.3,GO:0030198,extracellular matrix organization,M1,1,0
19_GO:0002791,1,-2.7,GO:0002791,regulation of peptide secretion,M1,1,0
19_GO:0045596,1,-5.4,GO:0045596,negative regulation of cell differentiation,M1,1,0
19_GO:0060562,1,-3.6,GO:0060562,epithelial tube morphogenesis,M1,1,0
19_GO:0048880,1,-3.6,GO:0048880,sensory system development,M1,1,0
19_GO:0003281,1,-2.6,GO:0003281,ventricular septum development,M1,1,0
19_GO:0003158,1,-4.2,GO:0003158,endothelium development,M1,1,0
6_R-HSA-9006934,1,-4,R-HSA-9006934,Signaling by Receptor Tyrosine Kinases,M1,1,0
19_GO:0043254,1,-2.2,GO:0043254,regulation of protein complex assembly,M1,1,0
19_GO:0001952,1,-2.4,GO:0001952,regulation of cell-matrix adhesion,M1,1,0
19_GO:0072171,1,-2,GO:0072171,mesonephric tubule morphogenesis,M1,1,0
6_R-HSA-2122948,1,-2.2,R-HSA-2122948,Activated NOTCH1 Transmits Signal to the Nucleus,M1,1,0
19_GO:0106106,1,-2.7,GO:0106106,cold-induced thermogenesis,M1,1,0
19_GO:0110110,1,-3.3,GO:0110110,positive regulation of animal organ morphogenesis,M1,1,0
19_GO:0008045,1,-2.3,GO:0008045,motor neuron axon guidance,M1,1,0
19_GO:0001738,1,-2.7,GO:0001738,morphogenesis of a polarized epithelium,M1,1,0
19_GO:0061311,1,-2.1,GO:0061311,cell surface receptor signaling pathway involved in heart development,M1,1,0
19_GO:0032602,1,-2.3,GO:0032602,chemokine production,M1,1,0
19_GO:0014706,1,-2.8,GO:0014706,striated muscle tissue development,M1,1,0
19_GO:0001936,1,-2.1,GO:0001936,regulation of endothelial cell proliferation,M1,1,0
19_GO:0003094,1,-3.9,GO:0003094,glomerular filtration,M1,1,0
11_M166,1,-3.1,M166,PID ATF2 PATHWAY,M1,1,0
19_GO:0021549,1,-2,GO:0021549,cerebellum development,M1,1,0
19_GO:0070050,1,-2.1,GO:0070050,neuron cellular homeostasis,M1,1,0
19_GO:0042391,1,-2,GO:0042391,regulation of membrane potential,M1,1,0
19_GO:0048562,1,-3.5,GO:0048562,embryonic organ morphogenesis,M1,1,0
19_GO:0032835,1,-5.9,GO:0032835,glomerulus development,M1,1,0
6_R-HSA-8876384,1,-2.7,R-HSA-8876384,Listeria monocytogenes entry into host cells,M1,1,0
19_GO:0051261,1,-2.6,GO:0051261,protein depolymerization,M1,1,0
19_GO:0045444,1,-2.1,GO:0045444,fat cell differentiation,M1,1,0
19_GO:0030099,1,-2.6,GO:0030099,myeloid cell differentiation,M1,1,0
11_M5885,1,-6.5,M5885,NABA MATRISOME ASSOCIATED,M1,1,0
19_GO:0008015,1,-2.1,GO:0008015,blood circulation,M1,1,0
19_GO:0003170,1,-3,GO:0003170,heart valve development,M1,1,0
19_GO:0038127,1,-2.7,GO:0038127,ERBB signaling pathway,M1,1,0
24_hsa04974,1,-2.3,hsa04974,Protein digestion and absorption,M1,1,0
19_GO:0061440,1,-2.3,GO:0061440,kidney vasculature development,M1,1,0
19_GO:1903530,1,-3.2,GO:1903530,regulation of secretion by cell,M1,1,0
19_GO:0061437,1,-2.3,GO:0061437,renal system vasculature development,M1,1,0
6_R-HSA-449836,1,-4.1,R-HSA-449836,Other interleukin signaling,M1,1,0
19_GO:0003184,1,-2.9,GO:0003184,pulmonary valve morphogenesis,M1,1,0
19_GO:0061138,1,-3.3,GO:0061138,morphogenesis of a branching epithelium,M1,1,0
19_GO:1903131,1,-4.1,GO:1903131,mononuclear cell differentiation,M1,1,0
24_hsa04151,1,-2.4,hsa04151,PI3K-Akt signaling pathway,M1,1,0
19_GO:0007169,1,-4.3,GO:0007169,transmembrane receptor protein tyrosine kinase signaling pathway,M1,1,0
19_GO:0003401,1,-2.2,GO:0003401,axis elongation,M1,1,0
19_GO:0060485,1,-3.1,GO:0060485,mesenchyme development,M1,1,0
19_GO:0048566,1,-4.2,GO:0048566,embryonic digestive tract development,M1,1,0
19_GO:0030534,1,-2,GO:0030534,adult behavior,M1,1,0
19_GO:0030279,1,-3.2,GO:0030279,negative regulation of ossification,M1,1,0
19_GO:0090087,1,-2.3,GO:0090087,regulation of peptide transport,M1,1,0
19_GO:0008544,1,-3.6,GO:0008544,epidermis development,M1,1,0
6_R-HSA-936837,1,-2.2,R-HSA-936837,Ion transport by P-type ATPases,M1,1,0
19_GO:0015711,1,-3.4,GO:0015711,organic anion transport,M1,1,0
19_GO:0051272,1,-3.8,GO:0051272,positive regulation of cellular component movement,M1,1,0
19_GO:0043062,1,-6.3,GO:0043062,extracellular structure organization,M1,1,0
19_GO:0051098,1,-2.1,GO:0051098,regulation of binding,M1,1,0
19_GO:0007589,1,-2.9,GO:0007589,body fluid secretion,M1,1,0
19_GO:0072073,1,-3.4,GO:0072073,kidney epithelium development,M1,1,0
19_GO:0001933,1,-3.9,GO:0001933,negative regulation of protein phosphorylation,M1,1,0
6_R-HSA-2979096,1,-2.6,R-HSA-2979096,NOTCH2 Activation and Transmission of Signal to the Nucleus,M1,1,0
19_GO:0032102,1,-2.2,GO:0032102,negative regulation of response to external stimulus,M1,1,0
19_GO:0045445,1,-2.4,GO:0045445,myoblast differentiation,M1,1,0
19_GO:0043393,1,-2.7,GO:0043393,regulation of protein binding,M1,1,0
19_GO:1900120,1,-2.4,GO:1900120,regulation of receptor binding,M1,1,0
19_GO:0007015,1,-2.3,GO:0007015,actin filament organization,M1,1,0
19_GO:0003002,1,-2.3,GO:0003002,regionalization,M1,1,0
24_hsa04015,1,-2.3,hsa04015,Rap1 signaling pathway,M1,1,0
19_GO:0090090,1,-4.1,GO:0090090,negative regulation of canonical Wnt signaling pathway,M1,1,0
19_GO:0001701,1,-2.5,GO:0001701,in utero embryonic development,M1,1,0
19_GO:1901184,1,-2.2,GO:1901184,regulation of ERBB signaling pathway,M1,1,0
24_hsa04810,1,-2.3,hsa04810,Regulation of actin cytoskeleton,M1,1,0
19_GO:0016338,1,-2.5,GO:0016338,calcium-independent cell-cell adhesion via plasma membrane cell-adhesion molecules,M1,1,0
19_GO:0055024,1,-2.1,GO:0055024,regulation of cardiac muscle tissue development,M1,1,0
19_GO:0032352,1,-3.1,GO:0032352,positive regulation of hormone metabolic process,M1,1,0
19_GO:0009651,1,-2.3,GO:0009651,response to salt stress,M1,1,0
19_GO:0007156,1,-2.2,GO:0007156,homophilic cell adhesion via plasma membrane adhesion molecules,M1,1,0
11_M236,1,-2.5,M236,PID DELTA NP63 PATHWAY,M1,1,0
19_GO:0009611,1,-6.2,GO:0009611,response to wounding,M1,1,0
19_GO:0043009,1,-4.3,GO:0043009,chordate embryonic development,M1,1,0
19_GO:0045216,1,-2.4,GO:0045216,cell-cell junction organization,M1,1,0
19_GO:0072175,1,-2.2,GO:0072175,epithelial tube formation,M1,1,0
6_R-HSA-418594,1,-3.2,R-HSA-418594,G alpha (i) signalling events,M1,1,0
19_GO:0090066,1,-2.3,GO:0090066,regulation of anatomical structure size,M1,1,0
19_GO:0048589,1,-3.4,GO:0048589,developmental growth,M1,1,0
19_GO:0042330,1,-5.1,GO:0042330,taxis,M1,1,0
19_GO:0060326,1,-2.8,GO:0060326,cell chemotaxis,M1,1,0
19_GO:0045665,1,-3.9,GO:0045665,negative regulation of neuron differentiation,M1,1,0
19_GO:1901879,1,-2.4,GO:1901879,regulation of protein depolymerization,M1,1,0
19_GO:0150063,1,-3.6,GO:0150063,visual system development,M1,1,0
19_GO:0060560,1,-2.5,GO:0060560,developmental growth involved in morphogenesis,M1,1,0
19_GO:0003231,1,-2.2,GO:0003231,cardiac ventricle development,M1,1,0
19_GO:2000147,1,-3.9,GO:2000147,positive regulation of cell motility,M1,1,0
19_GO:0045664,1,-5.5,GO:0045664,regulation of neuron differentiation,M1,1,0
19_GO:0090189,1,-2.6,GO:0090189,regulation of branching involved in ureteric bud morphogenesis,M1,1,0
19_GO:0060322,1,-4.7,GO:0060322,head development,M1,1,0
19_GO:0032675,1,-2.5,GO:0032675,regulation of interleukin-6 production,M1,1,0
19_GO:0015893,1,-2.2,GO:0015893,drug transport,M1,1,0
19_GO:0022898,1,-2.7,GO:0022898,regulation of transmembrane transporter activity,M1,1,0
19_GO:0044319,1,-2.1,GO:0044319,"wound healing, spreading of cells",M1,1,0
19_GO:0061041,1,-3.2,GO:0061041,regulation of wound healing,M1,1,0
6_R-HSA-500792,1,-2.3,R-HSA-500792,GPCR ligand binding,M1,1,0
19_GO:0001975,1,-2.1,GO:0001975,response to amphetamine,M1,1,0
19_GO:0014013,1,-4.6,GO:0014013,regulation of gliogenesis,M1,1,0
19_GO:0051259,1,-3,GO:0051259,protein complex oligomerization,M1,1,0
19_GO:0030178,1,-4.8,GO:0030178,negative regulation of Wnt signaling pathway,M1,1,0
19_GO:0030335,1,-4.2,GO:0030335,positive regulation of cell migration,M1,1,0
19_GO:0061448,1,-6.3,GO:0061448,connective tissue development,M1,1,0
19_GO:0030155,1,-6.1,GO:0030155,regulation of cell adhesion,M1,1,0
19_GO:0003205,1,-2.2,GO:0003205,cardiac chamber development,M1,1,0
19_GO:0014909,1,-2.2,GO:0014909,smooth muscle cell migration,M1,1,0
24_hsa04657,1,-2.2,hsa04657,IL-17 signaling pathway,M1,1,0
24_hsa04512,1,-2.4,hsa04512,ECM-receptor interaction,M1,1,0
19_GO:0042089,1,-2.3,GO:0042089,cytokine biosynthetic process,M1,1,0
19_GO:0071363,1,-6.5,GO:0071363,cellular response to growth factor stimulus,M1,1,0
19_GO:0048598,1,-4.7,GO:0048598,embryonic morphogenesis,M1,1,0
19_GO:1902895,1,-2.2,GO:1902895,positive regulation of pri-miRNA transcription by RNA polymerase II,M1,1,0
19_GO:0060317,1,-3,GO:0060317,cardiac epithelial to mesenchymal transition,M1,1,0
19_GO:0048706,1,-3,GO:0048706,embryonic skeletal system development,M1,1,0
19_GO:0060828,1,-4.1,GO:0060828,regulation of canonical Wnt signaling pathway,M1,1,0
19_GO:0060070,1,-4.6,GO:0060070,canonical Wnt signaling pathway,M1,1,0
19_GO:0070848,1,-6.6,GO:0070848,response to growth factor,M1,1,0
19_GO:0048660,1,-4.2,GO:0048660,regulation of smooth muscle cell proliferation,M1,1,0
19_GO:0022617,1,-2.4,GO:0022617,extracellular matrix disassembly,M1,1,0
19_GO:0071229,1,-2.3,GO:0071229,cellular response to acid chemical,M1,1,0
19_GO:1902253,1,-2.2,GO:1902253,regulation of intrinsic apoptotic signaling pathway by p53 class mediator,M1,1,0
19_GO:0043588,1,-3,GO:0043588,skin development,M1,1,0
19_GO:0001558,1,-2.6,GO:0001558,regulation of cell growth,M1,1,0
19_GO:0055123,1,-4.8,GO:0055123,digestive system development,M1,1,0
19_GO:0051090,1,-2.1,GO:0051090,regulation of DNA-binding transcription factor activity,M1,1,0
19_GO:0001763,1,-3.1,GO:0001763,morphogenesis of a branching structure,M1,1,0
19_GO:0001658,1,-2.2,GO:0001658,branching involved in ureteric bud morphogenesis,M1,1,0
19_GO:0060393,1,-2.1,GO:0060393,regulation of pathway-restricted SMAD protein phosphorylation,M1,1,0
6_R-HSA-8874081,1,-3.3,R-HSA-8874081,MET activates PTK2 signaling,M1,1,0
19_GO:0060333,1,-2.2,GO:0060333,interferon-gamma-mediated signaling pathway,M1,1,0
19_GO:0001706,1,-2.4,GO:0001706,endoderm formation,M1,1,0
19_GO:0048812,1,-4.6,GO:0048812,neuron projection morphogenesis,M1,1,0
19_GO:0045668,1,-4.4,GO:0045668,negative regulation of osteoblast differentiation,M1,1,0
19_GO:0045936,1,-3.3,GO:0045936,negative regulation of phosphate metabolic process,M1,1,0
19_GO:0010975,1,-3.7,GO:0010975,regulation of neuron projection development,M1,1,0
19_GO:0007416,1,-2.1,GO:0007416,synapse assembly,M1,1,0
19_GO:0071357,1,-4.6,GO:0071357,cellular response to type I interferon,M1,1,0
19_GO:0045637,1,-2.3,GO:0045637,regulation of myeloid cell differentiation,M1,1,0
19_GO:0032092,1,-2.2,GO:0032092,positive regulation of protein binding,M1,1,0
19_GO:0050920,1,-2.2,GO:0050920,regulation of chemotaxis,M1,1,0
19_GO:0042035,1,-2.5,GO:0042035,regulation of cytokine biosynthetic process,M1,1,0
24_hsa05161,1,-2,hsa05161,Hepatitis B,M1,1,0
19_GO:0031400,1,-4.4,GO:0031400,negative regulation of protein modification process,M1,1,0
19_GO:0071219,1,-2.3,GO:0071219,cellular response to molecule of bacterial origin,M1,1,0
19_GO:0032496,1,-4.1,GO:0032496,response to lipopolysaccharide,M1,1,0
6_R-HSA-3000171,1,-2.2,R-HSA-3000171,Non-integrin membrane-ECM interactions,M1,1,0
19_GO:0002790,1,-2.2,GO:0002790,peptide secretion,M1,1,0
6_R-HSA-1474290,1,-3,R-HSA-1474290,Collagen formation,M1,1,0
19_GO:0048729,1,-6.3,GO:0048729,tissue morphogenesis,M1,1,0
19_GO:0046851,1,-3.1,GO:0046851,negative regulation of bone remodeling,M1,1,0
19_GO:0043068,1,-2.2,GO:0043068,positive regulation of programmed cell death,M1,1,0
19_GO:0007420,1,-4.7,GO:0007420,brain development,M1,1,0
19_GO:0031589,1,-11,GO:0031589,cell-substrate adhesion,M1,1,0
19_GO:0031333,1,-2.1,GO:0031333,negative regulation of protein complex assembly,M1,1,0
19_GO:0001944,1,-8.2,GO:0001944,vasculature development,M1,1,0
19_GO:0032409,1,-2.5,GO:0032409,regulation of transporter activity,M1,1,0
19_GO:1903035,1,-2.3,GO:1903035,negative regulation of response to wounding,M1,1,0
19_GO:0050679,1,-3.5,GO:0050679,positive regulation of epithelial cell proliferation,M1,1,0
19_GO:0048667,1,-3.3,GO:0048667,cell morphogenesis involved in neuron differentiation,M1,1,0
19_GO:0060411,1,-2.6,GO:0060411,cardiac septum morphogenesis,M1,1,0
19_GO:0031344,1,-3.6,GO:0031344,regulation of cell projection organization,M1,1,0
6_R-HSA-446728,1,-3,R-HSA-446728,Cell junction organization,M1,1,0
6_R-HSA-8948216,1,-2.7,R-HSA-8948216,Collagen chain trimerization,M1,1,0
19_GO:0001657,1,-2.1,GO:0001657,ureteric bud development,M1,1,0
19_GO:0007409,1,-3.5,GO:0007409,axonogenesis,M1,1,0
19_GO:0090505,1,-2.1,GO:0090505,epiboly involved in wound healing,M1,1,0
19_GO:0050678,1,-5,GO:0050678,regulation of epithelial cell proliferation,M1,1,0
19_GO:0007173,1,-2.4,GO:0007173,epidermal growth factor receptor signaling pathway,M1,1,0
19_GO:0043010,1,-3.2,GO:0043010,camera-type eye development,M1,1,0
19_GO:0002064,1,-2.3,GO:0002064,epithelial cell development,M1,1,0
19_GO:0051961,1,-3.7,GO:0051961,negative regulation of nervous system development,M1,1,0
19_GO:0050768,1,-4,GO:0050768,negative regulation of neurogenesis,M1,1,0
19_GO:0006820,1,-3.4,GO:0006820,anion transport,M1,1,0
19_GO:0040017,1,-3.7,GO:0040017,positive regulation of locomotion,M1,1,0
6_R-HSA-202733,1,-3.4,R-HSA-202733,Cell surface interactions at the vascular wall,M1,1,0
19_GO:0007163,1,-2.3,GO:0007163,establishment or maintenance of cell polarity,M1,1,0
11_M115,1,-2.4,M115,PID REG GR PATHWAY,M1,1,0
19_GO:0050921,1,-2.8,GO:0050921,positive regulation of chemotaxis,M1,1,0
24_hsa04621,1,-2.8,hsa04621,NOD-like receptor signaling pathway,M1,1,0
19_GO:0032682,1,-2.7,GO:0032682,negative regulation of chemokine production,M1,1,0
19_GO:0048565,1,-5.1,GO:0048565,digestive tract development,M1,1,0
19_GO:0045214,1,-2.4,GO:0045214,sarcomere organization,M1,1,0
19_GO:0110111,1,-4.1,GO:0110111,negative regulation of animal organ morphogenesis,M1,1,0
19_GO:0016055,1,-4.4,GO:0016055,Wnt signaling pathway,M1,1,0
19_GO:0043410,1,-2,GO:0043410,positive regulation of MAPK cascade,M1,1,0
19_GO:0048858,1,-4.9,GO:0048858,cell projection morphogenesis,M1,1,0
19_GO:0030111,1,-4.8,GO:0030111,regulation of Wnt signaling pathway,M1,1,0
19_GO:1905330,1,-4,GO:1905330,regulation of morphogenesis of an epithelium,M1,1,0
19_GO:0048661,1,-2.8,GO:0048661,positive regulation of smooth muscle cell proliferation,M1,1,0
19_GO:0070371,1,-2.1,GO:0070371,ERK1 and ERK2 cascade,M1,1,0
19_GO:0045165,1,-3.2,GO:0045165,cell fate commitment,M1,1,0
19_GO:1903532,1,-2.8,GO:1903532,positive regulation of secretion by cell,M1,1,0
6_R-HSA-877300,1,-2.2,R-HSA-877300,Interferon gamma signaling,M1,1,0
19_GO:0014855,1,-2.5,GO:0014855,striated muscle cell proliferation,M1,1,0
19_GO:0042060,1,-4.4,GO:0042060,wound healing,M1,1,0
19_GO:0001823,1,-2,GO:0001823,mesonephros development,M1,1,0
19_GO:0007411,1,-2.6,GO:0007411,axon guidance,M1,1,0
19_GO:0043616,1,-3.7,GO:0043616,keratinocyte proliferation,M1,1,0
19_GO:1901861,1,-2.5,GO:1901861,regulation of muscle tissue development,M1,1,0
19_GO:0021536,1,-3.4,GO:0021536,diencephalon development,M1,1,0
19_GO:0010942,1,-3,GO:0010942,positive regulation of cell death,M1,1,0
6_R-HSA-5673001,1,-4.1,R-HSA-5673001,RAF/MAP kinase cascade,M1,1,0
19_GO:0010769,1,-2.3,GO:0010769,regulation of cell morphogenesis involved in differentiation,M1,1,0
19_GO:0010977,1,-2.5,GO:0010977,negative regulation of neuron projection development,M1,1,0
19_GO:0022604,1,-2.9,GO:0022604,regulation of cell morphogenesis,M1,1,0
19_GO:0072012,1,-2.4,GO:0072012,glomerulus vasculature development,M1,1,0
19_GO:0051216,1,-2.9,GO:0051216,cartilage development,M1,1,0
19_GO:0030278,1,-5.7,GO:0030278,regulation of ossification,M1,1,0
