Category,CategoryID,GO,Description,LogP,Enrichment,Z-score,#TotalGeneInLibrary,#GeneInGO,#GeneInHitList,#GeneInGOAndHitList,%InGO,STDV %InGO,GeneID,Hits,Log(q-value),GeneList
GO Biological Processes,19,GO:0018108,peptidyl-tyrosine phosphorylation,-4.6,4.3,5.6,24155,364,185,12,6.5,1.8,920|2046|3059|3595|3932|4058|4916|6098|7070|7075|11009|653361,CD4|EPHA8|HCLS1|IL12RB2|LCK|LTK|NTRK3|ROS1|THY1|TIE1|IL24|NCF1,-0.68,hits
GO Biological Processes,19,GO:0018212,peptidyl-tyrosine modification,-4.6,4.3,5.5,24155,367,185,12,6.5,1.8,920|2046|3059|3595|3932|4058|4916|6098|7070|7075|11009|653361,CD4|EPHA8|HCLS1|IL12RB2|LCK|LTK|NTRK3|ROS1|THY1|TIE1|IL24|NCF1,-0.68,hits
GO Biological Processes,19,GO:0043269,regulation of ion transport,-4.5,3.2,5.1,24155,701,185,17,9.2,2.1,117|288|920|1520|2917|3785|5071|5999|6098|6347|7070|10369|51393|53826|116444|150094|246329,ADCYAP1R1|ANK3|CD4|CTSS|GRM7|KCNQ2|PRKN|RGS4|ROS1|CCL2|THY1|CACNG2|TRPV2|FXYD6|GRIN3B|SIK1|STAC3,-0.68,hits
GO Biological Processes,19,GO:0032526,response to retinoic acid,-3.7,7.3,5.7,24155,108,185,6,3.2,1.3,19|3490|4058|4916|6899|7075,ABCA1|IGFBP7|LTK|NTRK3|TBX1|TIE1,-0.077,hits
GO Biological Processes,19,GO:2001259,positive regulation of cation channel activity,-3.7,9.3,6.1,24155,70,185,5,2.7,1.2,288|1520|6347|10369|246329,ANK3|CTSS|CCL2|CACNG2|STAC3,-0.077,hits
GO Biological Processes,19,GO:0010959,regulation of metal ion transport,-3.6,3.6,4.7,24155,394,185,11,5.9,1.7,117|288|920|5999|6347|7070|51393|53826|116444|150094|246329,ADCYAP1R1|ANK3|CD4|RGS4|CCL2|THY1|TRPV2|FXYD6|GRIN3B|SIK1|STAC3,-0.077,hits
GO Biological Processes,19,GO:0043270,positive regulation of ion transport,-3.5,4.3,4.8,24155,275,185,9,4.9,1.6,117|288|920|1520|6347|7070|10369|51393|246329,ADCYAP1R1|ANK3|CD4|CTSS|CCL2|THY1|CACNG2|TRPV2|STAC3,-0.075,hits
GO Biological Processes,19,GO:0051928,positive regulation of calcium ion transport,-3.4,6.4,5.2,24155,123,185,6,3.2,1.3,117|920|6347|7070|51393|246329,ADCYAP1R1|CD4|CCL2|THY1|TRPV2|STAC3,-0.0094,hits
GO Biological Processes,19,GO:0006816,calcium ion transport,-3.3,3.3,4.3,24155,434,185,11,5.9,1.7,117|920|3932|5999|6347|7070|10369|51393|116444|168507|246329,ADCYAP1R1|CD4|LCK|RGS4|CCL2|THY1|CACNG2|TRPV2|GRIN3B|PKD1L1|STAC3,0,hits
GO Biological Processes,19,GO:0051924,regulation of calcium ion transport,-3.1,4.1,4.4,24155,254,185,8,4.3,1.5,117|920|5999|6347|7070|51393|116444|246329,ADCYAP1R1|CD4|RGS4|CCL2|THY1|TRPV2|GRIN3B|STAC3,0,hits
GO Biological Processes,19,GO:0044273,sulfur compound catabolic process,-3.1,9.5,5.5,24155,55,185,4,2.2,1.1,176|2678|3373|728441,ACAN|GGT1|HYAL1|GGT2,0,hits
GO Biological Processes,19,GO:1904064,positive regulation of cation transmembrane transport,-3.1,5.4,4.7,24155,144,185,6,3.2,1.3,288|1520|6347|7070|10369|246329,ANK3|CTSS|CCL2|THY1|CACNG2|STAC3,0,hits
GO Biological Processes,19,GO:0019054,modulation by virus of host process,-3,16,6.4,24155,25,185,3,1.6,0.93,920|4916|5071,CD4|NTRK3|PRKN,0,hits
GO Biological Processes,19,GO:0051953,negative regulation of amine transport,-2.9,15,6.2,24155,27,185,3,1.6,0.93,1113|2917|5999,CHGA|GRM7|RGS4,0,hits
GO Biological Processes,19,GO:0032414,positive regulation of ion transmembrane transporter activity,-2.9,6.3,4.7,24155,104,185,5,2.7,1.2,288|1520|6347|10369|246329,ANK3|CTSS|CCL2|CACNG2|STAC3,0,hits
GO Biological Processes,19,GO:0070838,divalent metal ion transport,-2.9,3,3.8,24155,483,185,11,5.9,1.7,117|920|3932|5999|6347|7070|10369|51393|116444|168507|246329,ADCYAP1R1|CD4|LCK|RGS4|CCL2|THY1|CACNG2|TRPV2|GRIN3B|PKD1L1|STAC3,0,hits
GO Biological Processes,19,GO:0034767,positive regulation of ion transmembrane transport,-2.9,5,4.4,24155,156,185,6,3.2,1.3,288|1520|6347|7070|10369|246329,ANK3|CTSS|CCL2|THY1|CACNG2|STAC3,0,hits
KEGG Pathway,24,hsa04080,Neuroactive ligand-receptor interaction,-2.9,3.8,4.1,24155,277,185,8,4.3,1.5,117|1145|2151|2357|2917|3972|8001|116444,ADCYAP1R1|CHRNE|F2RL2|FPR1|GRM7|LHB|GLRA3|GRIN3B,0,hits
GO Biological Processes,19,GO:0044068,modulation by symbiont of host cellular process,-2.9,14,5.9,24155,29,185,3,1.6,0.93,920|4916|5071,CD4|NTRK3|PRKN,0,hits
GO Biological Processes,19,GO:0072511,divalent inorganic cation transport,-2.8,2.9,3.8,24155,489,185,11,5.9,1.7,117|920|3932|5999|6347|7070|10369|51393|116444|168507|246329,ADCYAP1R1|CD4|LCK|RGS4|CCL2|THY1|CACNG2|TRPV2|GRIN3B|PKD1L1|STAC3,0,hits
GO Biological Processes,19,GO:0043062,extracellular structure organization,-2.8,3.1,3.8,24155,425,185,10,5.4,1.7,19|176|1301|1520|3373|3936|4241|4629|8174|8785,ABCA1|ACAN|COL11A1|CTSS|HYAL1|LCP1|MELTF|MYH11|MADCAM1|MATN4,0,hits
GO Biological Processes,19,GO:0032411,positive regulation of transporter activity,-2.8,5.8,4.5,24155,112,185,5,2.7,1.2,288|1520|6347|10369|246329,ANK3|CTSS|CCL2|CACNG2|STAC3,0,hits
GO Biological Processes,19,GO:0006023,aminoglycan biosynthetic process,-2.7,5.7,4.4,24155,115,185,5,2.7,1.2,176|2262|3373|8534|374907,ACAN|GPC5|HYAL1|CHST1|B3GNT8,0,hits
GO Biological Processes,19,GO:0071300,cellular response to retinoic acid,-2.7,7.6,4.8,24155,69,185,4,2.2,1.1,19|4058|4916|6899,ABCA1|LTK|NTRK3|TBX1,0,hits
GO Biological Processes,19,GO:0006690,icosanoid metabolic process,-2.7,5.6,4.4,24155,116,185,5,2.7,1.2,1646|2678|29785|59344|728441,AKR1C2|GGT1|CYP2S1|ALOXE3|GGT2,0,hits
GO Biological Processes,19,GO:0097305,response to alcohol,-2.6,3.9,3.9,24155,234,185,7,3.8,1.4,19|117|1365|1646|3490|4916|5999,ABCA1|ADCYAP1R1|CLDN3|AKR1C2|IGFBP7|NTRK3|RGS4,0,hits
KEGG Pathway,24,hsa05340,Primary immunodeficiency,-2.5,11,5.1,24155,37,185,3,1.6,0.93,920|973|3932,CD4|CD79A|LCK,0,hits
GO Biological Processes,19,GO:2000273,positive regulation of signaling receptor activity,-2.5,11,5.1,24155,37,185,3,1.6,0.93,6347|10369|653361,CCL2|CACNG2|NCF1,0,hits
Canonical Pathways,11,M196,PID IL23 PATHWAY,-2.5,11,5.1,24155,37,185,3,1.6,0.93,920|6347|11009,CD4|CCL2|IL24,0,hits
GO Biological Processes,19,GO:0072657,protein localization to membrane,-2.5,2.5,3.4,24155,623,185,12,6.5,1.8,288|2262|5071|6165|7070|8174|9053|10369|116444|131578|246329|653361,ANK3|GPC5|PRKN|RPL35A|THY1|MADCAM1|MAP7|CACNG2|GRIN3B|LRRC15|STAC3|NCF1,0,hits
GO Biological Processes,19,GO:1905475,regulation of protein localization to membrane,-2.5,4.2,3.8,24155,187,185,6,3.2,1.3,288|2262|5071|10369|131578|246329,ANK3|GPC5|PRKN|CACNG2|LRRC15|STAC3,0,hits
GO Biological Processes,19,GO:0019048,modulation by virus of host morphology or physiology,-2.5,10,5,24155,39,185,3,1.6,0.93,920|4916|5071,CD4|NTRK3|PRKN,0,hits
GO Biological Processes,19,GO:0016485,protein processing,-2.4,3.2,3.5,24155,330,185,8,4.3,1.5,721|1520|2678|3972|4241|7850|8530|728441,C4B|CTSS|GGT1|LHB|MELTF|IL1R2|CST7|GGT2,0,hits
GO Biological Processes,19,GO:0014068,positive regulation of phosphatidylinositol 3-kinase signaling,-2.3,6,4.1,24155,87,185,4,2.2,1.1,3059|4916|10870|653361,HCLS1|NTRK3|HCST|NCF1,0,hits
GO Biological Processes,19,GO:0034764,positive regulation of transmembrane transport,-2.3,3.8,3.6,24155,204,185,6,3.2,1.3,288|1520|6347|7070|10369|246329,ANK3|CTSS|CCL2|THY1|CACNG2|STAC3,0,hits
GO Biological Processes,19,GO:1904062,regulation of cation transmembrane transport,-2.3,3.1,3.4,24155,342,185,8,4.3,1.5,288|1520|5999|6347|7070|10369|53826|246329,ANK3|CTSS|RGS4|CCL2|THY1|CACNG2|FXYD6|STAC3,0,hits
GO Biological Processes,19,GO:0002237,response to molecule of bacterial origin,-2.3,3,3.4,24155,343,185,8,4.3,1.5,19|54|721|2678|3595|6347|11009|728441,ABCA1|ACP5|C4B|GGT1|IL12RB2|CCL2|IL24|GGT2,0,hits
GO Biological Processes,19,GO:0001101,response to acid chemical,-2.3,3,3.3,24155,344,185,8,4.3,1.5,19|1646|3490|4058|4916|6899|7075|8001,ABCA1|AKR1C2|IGFBP7|LTK|NTRK3|TBX1|TIE1|GLRA3,0,hits
GO Biological Processes,19,GO:0044003,modification by symbiont of host morphology or physiology,-2.3,8.5,4.5,24155,46,185,3,1.6,0.93,920|4916|5071,CD4|NTRK3|PRKN,0,hits
GO Biological Processes,19,GO:0043277,apoptotic cell clearance,-2.3,8.5,4.5,24155,46,185,3,1.6,0.93,721|6347|84466,C4B|CCL2|MEGF10,0,hits
Canonical Pathways,11,M5884,NABA CORE MATRISOME,-2.3,3.3,3.4,24155,275,185,7,3.8,1.4,176|1301|3490|8785|22917|146177|168667,ACAN|COL11A1|IGFBP7|MATN4|ZP1|VWA3A|BMPER,0,hits
Reactome Gene Sets,6,R-HSA-6783783,Interleukin-10 signaling,-2.3,8.3,4.4,24155,47,185,3,1.6,0.93,2357|6347|7850,FPR1|CCL2|IL1R2,0,hits
GO Biological Processes,19,GO:0014065,phosphatidylinositol 3-kinase signaling,-2.2,4.4,3.7,24155,148,185,5,2.7,1.2,3059|4058|4916|10870|653361,HCLS1|LTK|NTRK3|HCST|NCF1,0,hits
GO Biological Processes,19,GO:0035249,"synaptic transmission, glutamatergic",-2.2,5.6,3.9,24155,93,185,4,2.2,1.1,2917|5071|6347|10369,GRM7|PRKN|CCL2|CACNG2,0,hits
GO Biological Processes,19,GO:0097435,supramolecular fiber organization,-2.2,2.3,3.1,24155,674,185,12,6.5,1.8,176|1301|3059|3936|4629|5071|5999|9051|51673|79983|127294|344148,ACAN|COL11A1|HCLS1|LCP1|MYH11|PRKN|RGS4|PSTPIP1|TPPP3|POF1B|MYOM3|NCKAP5,0,hits
GO Biological Processes,19,GO:0002063,chondrocyte development,-2.2,8.2,4.4,24155,48,185,3,1.6,0.93,176|1301|8785,ACAN|COL11A1|MATN4,0,hits
GO Biological Processes,19,GO:0051952,regulation of amine transport,-2.2,5.5,3.9,24155,95,185,4,2.2,1.1,1113|2917|5071|5999,CHGA|GRM7|PRKN|RGS4,0,hits
GO Biological Processes,19,GO:0007018,microtubule-based movement,-2.2,3.2,3.3,24155,285,185,7,3.8,1.4,547|1768|8120|8632|79819|83853|255758,KIF1A|DNAH6|AP3B2|DNAH17|WDR78|ROPN1L|TCTEX1D2,0,hits
GO Biological Processes,19,GO:0007215,glutamate receptor signaling pathway,-2.1,5.2,3.7,24155,100,185,4,2.2,1.1,2917|6347|10369|116444,GRM7|CCL2|CACNG2|GRIN3B,0,hits
GO Biological Processes,19,GO:0030198,extracellular matrix organization,-2.1,2.8,3.1,24155,370,185,8,4.3,1.5,176|1301|1520|3936|4241|4629|8174|8785,ACAN|COL11A1|CTSS|LCP1|MELTF|MYH11|MADCAM1|MATN4,0,hits
GO Biological Processes,19,GO:0015837,amine transport,-2.1,5.1,3.7,24155,102,185,4,2.2,1.1,1113|2917|5071|5999,CHGA|GRM7|PRKN|RGS4,0,hits
GO Biological Processes,19,GO:0010524,positive regulation of calcium ion transport into cytosol,-2.1,7.3,4,24155,54,185,3,1.6,0.93,117|920|7070,ADCYAP1R1|CD4|THY1,0,hits
GO Biological Processes,19,GO:0031638,zymogen activation,-2.1,7.3,4,24155,54,185,3,1.6,0.93,2678|4241|728441,GGT1|MELTF|GGT2,0,hits
GO Biological Processes,19,GO:0035821,modification of morphology or physiology of other organism,-2.1,4,3.4,24155,164,185,5,2.7,1.2,920|1113|4916|5071|8091,CD4|CHGA|NTRK3|PRKN|HMGA2,0,hits
GO Biological Processes,19,GO:1901568,fatty acid derivative metabolic process,-2,3.9,3.3,24155,169,185,5,2.7,1.2,1646|2678|29785|59344|728441,AKR1C2|GGT1|CYP2S1|ALOXE3|GGT2,0,hits
