,_MEMBER_hits,_LogP_hits,GO,Description,_PATTERN_,_RANK_,GiniIndex
6_R-HSA-6783783,1,-2.3,R-HSA-6783783,Interleukin-10 signaling,M1,1,0
19_GO:0032411,1,-2.8,GO:0032411,positive regulation of transporter activity,M1,1,0
19_GO:0014065,1,-2.2,GO:0014065,phosphatidylinositol 3-kinase signaling,M1,1,0
19_GO:0002237,1,-2.3,GO:0002237,response to molecule of bacterial origin,M1,1,0
11_M196,1,-2.5,M196,PID IL23 PATHWAY,M1,1,0
19_GO:0043269,1,-4.5,GO:0043269,regulation of ion transport,M1,1,0
19_GO:0097435,1,-2.2,GO:0097435,supramolecular fiber organization,M1,1,0
19_GO:2000273,1,-2.5,GO:2000273,positive regulation of signaling receptor activity,M1,1,0
19_GO:0019054,1,-3,GO:0019054,modulation by virus of host process,M1,1,0
19_GO:0043277,1,-2.3,GO:0043277,apoptotic cell clearance,M1,1,0
19_GO:0002063,1,-2.2,GO:0002063,chondrocyte development,M1,1,0
19_GO:0031638,1,-2.1,GO:0031638,zymogen activation,M1,1,0
19_GO:0032414,1,-2.9,GO:0032414,positive regulation of ion transmembrane transporter activity,M1,1,0
19_GO:0030198,1,-2.1,GO:0030198,extracellular matrix organization,M1,1,0
19_GO:0006690,1,-2.7,GO:0006690,icosanoid metabolic process,M1,1,0
24_hsa05340,1,-2.5,hsa05340,Primary immunodeficiency,M1,1,0
19_GO:1904062,1,-2.3,GO:1904062,regulation of cation transmembrane transport,M1,1,0
19_GO:0072657,1,-2.5,GO:0072657,protein localization to membrane,M1,1,0
19_GO:0015837,1,-2.1,GO:0015837,amine transport,M1,1,0
19_GO:0010524,1,-2.1,GO:0010524,positive regulation of calcium ion transport into cytosol,M1,1,0
19_GO:0007215,1,-2.1,GO:0007215,glutamate receptor signaling pathway,M1,1,0
19_GO:0006816,1,-3.3,GO:0006816,calcium ion transport,M1,1,0
19_GO:0007018,1,-2.2,GO:0007018,microtubule-based movement,M1,1,0
19_GO:0019048,1,-2.5,GO:0019048,modulation by virus of host morphology or physiology,M1,1,0
19_GO:0044068,1,-2.9,GO:0044068,modulation by symbiont of host cellular process,M1,1,0
19_GO:0032526,1,-3.7,GO:0032526,response to retinoic acid,M1,1,0
19_GO:0051924,1,-3.1,GO:0051924,regulation of calcium ion transport,M1,1,0
19_GO:1901568,1,-2,GO:1901568,fatty acid derivative metabolic process,M1,1,0
19_GO:0051928,1,-3.4,GO:0051928,positive regulation of calcium ion transport,M1,1,0
19_GO:2001259,1,-3.7,GO:2001259,positive regulation of cation channel activity,M1,1,0
11_M5884,1,-2.3,M5884,NABA CORE MATRISOME,M1,1,0
19_GO:0001101,1,-2.3,GO:0001101,response to acid chemical,M1,1,0
19_GO:0070838,1,-2.9,GO:0070838,divalent metal ion transport,M1,1,0
19_GO:0016485,1,-2.4,GO:0016485,protein processing,M1,1,0
19_GO:0044003,1,-2.3,GO:0044003,modification by symbiont of host morphology or physiology,M1,1,0
19_GO:1905475,1,-2.5,GO:1905475,regulation of protein localization to membrane,M1,1,0
19_GO:0010959,1,-3.6,GO:0010959,regulation of metal ion transport,M1,1,0
19_GO:0044273,1,-3.1,GO:0044273,sulfur compound catabolic process,M1,1,0
19_GO:0072511,1,-2.8,GO:0072511,divalent inorganic cation transport,M1,1,0
19_GO:0051953,1,-2.9,GO:0051953,negative regulation of amine transport,M1,1,0
19_GO:0034767,1,-2.9,GO:0034767,positive regulation of ion transmembrane transport,M1,1,0
19_GO:1904064,1,-3.1,GO:1904064,positive regulation of cation transmembrane transport,M1,1,0
19_GO:0035821,1,-2.1,GO:0035821,modification of morphology or physiology of other organism,M1,1,0
24_hsa04080,1,-2.9,hsa04080,Neuroactive ligand-receptor interaction,M1,1,0
19_GO:0043270,1,-3.5,GO:0043270,positive regulation of ion transport,M1,1,0
19_GO:0035249,1,-2.2,GO:0035249,"synaptic transmission, glutamatergic",M1,1,0
19_GO:0071300,1,-2.7,GO:0071300,cellular response to retinoic acid,M1,1,0
19_GO:0034764,1,-2.3,GO:0034764,positive regulation of transmembrane transport,M1,1,0
19_GO:0014068,1,-2.3,GO:0014068,positive regulation of phosphatidylinositol 3-kinase signaling,M1,1,0
19_GO:0051952,1,-2.2,GO:0051952,regulation of amine transport,M1,1,0
19_GO:0043062,1,-2.8,GO:0043062,extracellular structure organization,M1,1,0
19_GO:0018212,1,-4.6,GO:0018212,peptidyl-tyrosine modification,M1,1,0
19_GO:0006023,1,-2.7,GO:0006023,aminoglycan biosynthetic process,M1,1,0
19_GO:0097305,1,-2.6,GO:0097305,response to alcohol,M1,1,0
19_GO:0018108,1,-4.6,GO:0018108,peptidyl-tyrosine phosphorylation,M1,1,0
