Network,Annotation
ENSG00000002079_14,GO:0043408|regulation of MAPK cascade|-18.1;GO:0001944|vasculature development|-17.6;GO:0001568|blood vessel development|-17.0
ENSG00000002079_14_MCODE_ALL,R-HSA-500792|GPCR ligand binding|-16.4;R-HSA-373076|Class A/1 (Rhodopsin-like receptors)|-16.3;R-HSA-375276|Peptide ligand-binding receptors|-9.7
ENSG00000002079_14_SUB1_MCODE_1,"R-HSA-500792|GPCR ligand binding|-22.1;R-HSA-373076|Class A/1 (Rhodopsin-like receptors)|-19.3;GO:0007187|G protein-coupled receptor signaling pathway, coupled to cyclic nucleotide second messenger|-13.8"
ENSG00000002079_14_SUB1_MCODE_3,R-HSA-399955|SEMA3A-Plexin repulsion signaling by inhibiting Integrin adhesion|-10.5;R-HSA-399956|CRMPs in Sema3A signaling|-10.2;R-HSA-373755|Semaphorin interactions|-10.0
ENSG00000002079_14_SUB1_MCODE_4,R-HSA-2262752|Cellular responses to stress|-3.5;R-HSA-8953897|Cellular responses to external stimuli|-3.3
ENSG00000002079_14_SUB1_MCODE_5,R-HSA-416476|G alpha (q) signalling events|-12.3;R-HSA-373076|Class A/1 (Rhodopsin-like receptors)|-8.6;R-HSA-500792|GPCR ligand binding|-7.9
ENSG00000002079_14_SUB1_MCODE_6,GO:0018108|peptidyl-tyrosine phosphorylation|-10.9;GO:0018212|peptidyl-tyrosine modification|-10.9;GO:0007169|transmembrane receptor protein tyrosine kinase signaling pathway|-9.2
ENSG00000002079_14_SUB1_MCODE_7,R-HSA-2424491|DAP12 signaling|-11.0;R-HSA-2172127|DAP12 interactions|-10.4;hsa04660|T cell receptor signaling pathway|-8.8
ENSG00000002079_14_SUB1_MCODE_8,R-HSA-983168|Antigen processing: Ubiquitination & Proteasome degradation|-7.6;GO:0000209|protein polyubiquitination|-7.6;R-HSA-983169|Class I MHC mediated antigen processing & presentation|-7.3
