Cluster,Gene,Score,Type,Symbol,Network
2,7539,6.5,Clustered,ZFP37,ENSG00000002079_14_SUB1
2,9831,6.5,Clustered,ZNF623,ENSG00000002079_14_SUB1
2,90075,6.5,Clustered,ZNF30,ENSG00000002079_14_SUB1
2,7692,6.5,Clustered,ZNF133,ENSG00000002079_14_SUB1
2,79973,6.5,Clustered,ZNF442,ENSG00000002079_14_SUB1
2,126070,6.5,Clustered,ZNF440,ENSG00000002079_14_SUB1
2,3218,6.5,Clustered,HOXB8,ENSG00000002079_14_SUB1
2,126375,6.5,Clustered,ZNF792,ENSG00000002079_14_SUB1
2,388566,6.5,Clustered,ZNF470,ENSG00000002079_14_SUB1
2,285676,6.5,Clustered,ZNF454,ENSG00000002079_14_SUB1
2,147949,6.5,Clustered,ZNF583,ENSG00000002079_14_SUB1
2,26152,6.5,Clustered,ZNF337,ENSG00000002079_14_SUB1
2,10794,6.5,Clustered,ZNF460,ENSG00000002079_14_SUB1
2,100289635,6.5,Seed,ZNF605,ENSG00000002079_14_SUB1
1,2920,4.0,Clustered,CXCL2,ENSG00000002079_14_SUB1
1,2921,4.0,Clustered,CXCL3,ENSG00000002079_14_SUB1
1,57007,4.0,Clustered,ACKR3,ENSG00000002079_14_SUB1
1,4987,4.0,Clustered,OPRL1,ENSG00000002079_14_SUB1
1,54331,4.0,Clustered,GNG2,ENSG00000002079_14_SUB1
1,339403,4.0,Clustered,RXFP4,ENSG00000002079_14_SUB1
1,56670,4.0,Clustered,SUCNR1,ENSG00000002079_14_SUB1
1,554,4.0,Clustered,AVPR2,ENSG00000002079_14_SUB1
1,5732,4.0,Clustered,PTGER2,ENSG00000002079_14_SUB1
1,79924,4.0,Clustered,ADM2,ENSG00000002079_14_SUB1
1,1901,4.0,Clustered,S1PR1,ENSG00000002079_14_SUB1
1,1236,4.0,Seed,CCR7,ENSG00000002079_14_SUB1
1,11245,4.0,Clustered,GPR176,ENSG00000002079_14_SUB1
1,153,4.0,Clustered,ADRB1,ENSG00000002079_14_SUB1
1,3363,4.0,Clustered,HTR7,ENSG00000002079_14_SUB1
1,2838,4.0,Clustered,GPR15,ENSG00000002079_14_SUB1
4,3310,3.125,Clustered,HSPA6,ENSG00000002079_14_SUB1
4,3936,3.125,Seed,LCP1,ENSG00000002079_14_SUB1
4,7277,3.125,Clustered,TUBA4A,ENSG00000002079_14_SUB1
4,5239,3.125,Clustered,PGM5,ENSG00000002079_14_SUB1
4,347688,3.125,Clustered,TUBB8,ENSG00000002079_14_SUB1
4,56648,3.125,Clustered,EIF5A2,ENSG00000002079_14_SUB1
4,84532,3.125,Clustered,ACSS1,ENSG00000002079_14_SUB1
4,1491,3.125,Clustered,CTH,ENSG00000002079_14_SUB1
5,2864,2.5,Clustered,FFAR1,ENSG00000002079_14_SUB1
5,2925,2.5,Clustered,GRPR,ENSG00000002079_14_SUB1
5,4923,2.5,Clustered,NTSR1,ENSG00000002079_14_SUB1
5,8111,2.5,Clustered,GPR68,ENSG00000002079_14_SUB1
5,2769,2.5,Clustered,GNA15,ENSG00000002079_14_SUB1
5,257313,2.5,Seed,UTS2B,ENSG00000002079_14_SUB1
7,1956,2.0,Clustered,EGFR,ENSG00000002079_14_SUB1
7,27040,2.0,Seed,LAT,ENSG00000002079_14_SUB1
7,9402,2.0,Clustered,GRAP2,ENSG00000002079_14_SUB1
7,3932,2.0,Clustered,LCK,ENSG00000002079_14_SUB1
7,10451,2.0,Clustered,VAV3,ENSG00000002079_14_SUB1
6,7039,1.5,Clustered,TGFA,ENSG00000002079_14_SUB1
6,7075,1.5,Clustered,TIE1,ENSG00000002079_14_SUB1
6,238,1.5,Clustered,ALK,ENSG00000002079_14_SUB1
6,374,1.5,Seed,AREG,ENSG00000002079_14_SUB1
6,4921,1.5,Clustered,DDR2,ENSG00000002079_14_SUB1
6,2042,1.5,Clustered,EPHA3,ENSG00000002079_14_SUB1
8,114907,1.5,Clustered,FBXO32,ENSG00000002079_14_SUB1
8,151636,1.5,Clustered,DTX3L,ENSG00000002079_14_SUB1
8,150726,1.5,Seed,FBXO41,ENSG00000002079_14_SUB1
8,23327,1.5,Clustered,NEDD4L,ENSG00000002079_14_SUB1
3,2886,1.4166666666666665,Clustered,GRB7,ENSG00000002079_14_SUB1
3,5154,1.4166666666666665,Clustered,PDGFA,ENSG00000002079_14_SUB1
3,6776,1.4166666666666665,Clustered,STAT5A,ENSG00000002079_14_SUB1
3,27289,1.4166666666666665,Seed,RND1,ENSG00000002079_14_SUB1
3,8829,1.4166666666666665,Clustered,NRP1,ENSG00000002079_14_SUB1
3,5362,1.4166666666666665,Clustered,PLXNA2,ENSG00000002079_14_SUB1
3,860,1.4166666666666665,Clustered,RUNX2,ENSG00000002079_14_SUB1
3,10371,1.4166666666666665,Clustered,SEMA3A,ENSG00000002079_14_SUB1
3,1400,1.4166666666666665,Clustered,CRMP1,ENSG00000002079_14_SUB1
3,2353,1.4166666666666665,Clustered,FOS,ENSG00000002079_14_SUB1
3,861,1.4166666666666665,Clustered,RUNX1,ENSG00000002079_14_SUB1
3,1051,1.4166666666666665,Clustered,CEBPB,ENSG00000002079_14_SUB1
