Network,Annotation
hits,GO:0001568|blood vessel development|-13.1;GO:0001944|vasculature development|-12.7;hsa05200|Pathways in cancer|-11.0
hits_MCODE_ALL,R-HSA-500792|GPCR ligand binding|-19.7;R-HSA-373076|Class A/1 (Rhodopsin-like receptors)|-19.3;R-HSA-375276|Peptide ligand-binding receptors|-12.8
hits_SUB1_MCODE_1,R-HSA-373076|Class A/1 (Rhodopsin-like receptors)|-22.6;R-HSA-500792|GPCR ligand binding|-20.7;R-HSA-375276|Peptide ligand-binding receptors|-14.2
hits_SUB1_MCODE_2,R-HSA-8856825|Cargo recognition for clathrin-mediated endocytosis|-9.5;R-HSA-8856828|Clathrin-mediated endocytosis|-8.9;R-HSA-199991|Membrane Trafficking|-6.3
