Cluster,Gene,Score,Type,Symbol,Network
1,1132,3.833333333333333,Clustered,CHRM4,hits_SUB1
1,2919,3.833333333333333,Seed,CXCL1,hits_SUB1
1,3576,3.833333333333333,Clustered,CXCL8,hits_SUB1
1,624,3.833333333333333,Clustered,BDKRB2,hits_SUB1
1,4985,3.833333333333333,Clustered,OPRD1,hits_SUB1
1,623,3.833333333333333,Clustered,BDKRB1,hits_SUB1
1,1902,3.833333333333333,Clustered,LPAR1,hits_SUB1
1,58191,3.833333333333333,Clustered,CXCL16,hits_SUB1
1,885,3.833333333333333,Clustered,CCK,hits_SUB1
1,8477,3.833333333333333,Clustered,GPR65,hits_SUB1
1,5021,3.833333333333333,Clustered,OXTR,hits_SUB1
1,2828,3.833333333333333,Clustered,GPR4,hits_SUB1
2,7314,1.5,Clustered,UBB,hits_SUB1
2,85439,1.5,Clustered,STON2,hits_SUB1
2,8322,1.5,Seed,FZD4,hits_SUB1
2,6456,1.5,Clustered,SH3GL2,hits_SUB1
