Name,Category,CategoryID,GO,Description,LogP,Enrichment,Z-score,#TotalGeneInLibrary,#GeneInGO,#GeneInHitList,#GeneInGOAndHitList,%InGO,STDV %InGO,GeneID,Hits,Log(q-value)
hits,GO Biological Processes,19,GO:0002757,immune response-activating signal transduction,-5,8.8,7,24155,644,30,7,23,7.7,920|973|1520|2357|3932|4588|7070,CD4|CD79A|CTSS|FPR1|LCK|MUC6|THY1,-1.1
hits,KEGG Pathway,24,hsa05340,Primary immunodeficiency,-4.9,65,14,24155,37,30,3,10,5.5,920|973|3932,CD4|CD79A|LCK,-1.1
hits,GO Biological Processes,19,GO:0002764,immune response-regulating signaling pathway,-4.8,8.3,6.8,24155,678,30,7,23,7.7,920|973|1520|2357|3932|4588|7070,CD4|CD79A|CTSS|FPR1|LCK|MUC6|THY1,-1.1
hits,GO Biological Processes,19,GO:0002429,immune response-activating cell surface receptor signaling pathway,-4.7,10,7.1,24155,473,30,6,20,7.3,920|973|2357|3932|4588|7070,CD4|CD79A|FPR1|LCK|MUC6|THY1,-1.1
hits,GO Biological Processes,19,GO:0032355,response to estradiol,-4.7,24,9.4,24155,134,30,4,13,6.2,117|920|2678|728441,ADCYAP1R1|CD4|GGT1|GGT2,-1.1
hits,GO Biological Processes,19,GO:0002253,activation of immune response,-4.6,7.8,6.5,24155,727,30,7,23,7.7,920|973|1520|2357|3932|4588|7070,CD4|CD79A|CTSS|FPR1|LCK|MUC6|THY1,-1.1
hits,GO Biological Processes,19,GO:0002768,immune response-regulating cell surface receptor signaling pathway,-4.5,9.5,6.9,24155,506,30,6,20,7.3,920|973|2357|3932|4588|7070,CD4|CD79A|FPR1|LCK|MUC6|THY1,-1.1
hits,GO Biological Processes,19,GO:0072507,divalent inorganic cation homeostasis,-4.5,9.4,6.8,24155,514,30,6,20,7.3,117|920|2357|3932|5071|7070,ADCYAP1R1|CD4|FPR1|LCK|PRKN|THY1,-1.1
hits,GO Biological Processes,19,GO:0010524,positive regulation of calcium ion transport into cytosol,-4.4,45,11,24155,54,30,3,10,5.5,117|920|7070,ADCYAP1R1|CD4|THY1,-1.1
hits,GO Biological Processes,19,GO:0060402,calcium ion transport into cytosol,-4.4,20,8.6,24155,158,30,4,13,6.2,117|920|3932|7070,ADCYAP1R1|CD4|LCK|THY1,-1.1
hits,GO Biological Processes,19,GO:0007204,positive regulation of cytosolic calcium ion concentration,-4.4,13,7.4,24155,319,30,5,17,6.8,117|920|2357|3932|7070,ADCYAP1R1|CD4|FPR1|LCK|THY1,-1.1
hits,GO Biological Processes,19,GO:0044273,sulfur compound catabolic process,-4.4,44,11,24155,55,30,3,10,5.5,176|2678|728441,ACAN|GGT1|GGT2,-1.1
hits,GO Biological Processes,19,GO:0035821,modification of morphology or physiology of other organism,-4.3,20,8.4,24155,164,30,4,13,6.2,920|1113|5071|8091,CD4|CHGA|PRKN|HMGA2,-1.1
hits,GO Biological Processes,19,GO:0060401,cytosolic calcium ion transport,-4.2,19,8.3,24155,171,30,4,13,6.2,117|920|3932|7070,ADCYAP1R1|CD4|LCK|THY1,-1.1
hits,GO Biological Processes,19,GO:0051480,regulation of cytosolic calcium ion concentration,-4.1,11,6.9,24155,358,30,5,17,6.8,117|920|2357|3932|7070,ADCYAP1R1|CD4|FPR1|LCK|THY1,-0.99
hits,GO Biological Processes,19,GO:0044272,sulfur compound biosynthetic process,-4,17,7.7,24155,192,30,4,13,6.2,176|2678|8534|728441,ACAN|GGT1|CHST1|GGT2,-0.93
hits,GO Biological Processes,19,GO:0055065,metal ion homeostasis,-3.9,7.4,5.8,24155,654,30,6,20,7.3,117|920|2357|3932|5071|7070,ADCYAP1R1|CD4|FPR1|LCK|PRKN|THY1,-0.79
hits,GO Biological Processes,19,GO:0043269,regulation of ion transport,-3.7,6.9,5.6,24155,701,30,6,20,7.3,117|920|1520|2917|5071|7070,ADCYAP1R1|CD4|CTSS|GRM7|PRKN|THY1,-0.66
hits,GO Biological Processes,19,GO:0051952,regulation of amine transport,-3.7,25,8.4,24155,95,30,3,10,5.5,1113|2917|5071,CHGA|GRM7|PRKN,-0.64
hits,GO Biological Processes,19,GO:0006874,cellular calcium ion homeostasis,-3.6,8.8,5.9,24155,459,30,5,17,6.8,117|920|2357|3932|7070,ADCYAP1R1|CD4|FPR1|LCK|THY1,-0.64
hits,GO Biological Processes,19,GO:0055080,cation homeostasis,-3.6,6.6,5.4,24155,731,30,6,20,7.3,117|920|2357|3932|5071|7070,ADCYAP1R1|CD4|FPR1|LCK|PRKN|THY1,-0.64
hits,GO Biological Processes,19,GO:0098771,inorganic ion homeostasis,-3.6,6.5,5.4,24155,742,30,6,20,7.3,117|920|2357|3932|5071|7070,ADCYAP1R1|CD4|FPR1|LCK|PRKN|THY1,-0.64
hits,GO Biological Processes,19,GO:0055074,calcium ion homeostasis,-3.6,8.5,5.8,24155,472,30,5,17,6.8,117|920|2357|3932|7070,ADCYAP1R1|CD4|FPR1|LCK|THY1,-0.64
hits,GO Biological Processes,19,GO:0010522,regulation of calcium ion transport into cytosol,-3.6,24,8.1,24155,102,30,3,10,5.5,117|920|7070,ADCYAP1R1|CD4|THY1,-0.64
hits,GO Biological Processes,19,GO:0015837,amine transport,-3.6,24,8.1,24155,102,30,3,10,5.5,1113|2917|5071,CHGA|GRM7|PRKN,-0.64
hits,GO Biological Processes,19,GO:0072503,cellular divalent inorganic cation homeostasis,-3.5,8.1,5.7,24155,494,30,5,17,6.8,117|920|2357|3932|7070,ADCYAP1R1|CD4|FPR1|LCK|THY1,-0.58
hits,GO Biological Processes,19,GO:0043270,positive regulation of ion transport,-3.4,12,6.3,24155,275,30,4,13,6.2,117|920|1520|7070,ADCYAP1R1|CD4|CTSS|THY1,-0.58
hits,GO Biological Processes,19,GO:0051817,modification of morphology or physiology of other organism involved in symbiotic interaction,-3.4,22,7.7,24155,112,30,3,10,5.5,920|5071|8091,CD4|PRKN|HMGA2,-0.58
hits,KEGG Pathway,24,hsa04080,Neuroactive ligand-receptor interaction,-3.4,12,6.3,24155,277,30,4,13,6.2,117|2357|2917|3972,ADCYAP1R1|FPR1|GRM7|LHB,-0.58
hits,GO Biological Processes,19,GO:0006023,aminoglycan biosynthetic process,-3.4,21,7.6,24155,115,30,3,10,5.5,176|8534|374907,ACAN|CHST1|B3GNT8,-0.57
hits,GO Biological Processes,19,GO:0006690,icosanoid metabolic process,-3.4,21,7.5,24155,116,30,3,10,5.5,1646|2678|728441,AKR1C2|GGT1|GGT2,-0.57
hits,GO Biological Processes,19,GO:0051928,positive regulation of calcium ion transport,-3.3,20,7.3,24155,123,30,3,10,5.5,117|920|7070,ADCYAP1R1|CD4|THY1,-0.51
hits,GO Biological Processes,19,GO:0007283,spermatogenesis,-3.3,7.4,5.3,24155,543,30,5,17,6.8,117|2678|83853|135138|728441,ADCYAP1R1|GGT1|ROPN1L|PACRG|GGT2,-0.5
hits,GO Biological Processes,19,GO:0048232,male gamete generation,-3.2,7.2,5.2,24155,561,30,5,17,6.8,117|2678|83853|135138|728441,ADCYAP1R1|GGT1|ROPN1L|PACRG|GGT2,-0.45
hits,GO Biological Processes,19,GO:0050851,antigen receptor-mediated signaling pathway,-3.2,10,5.8,24155,316,30,4,13,6.2,920|973|3932|7070,CD4|CD79A|LCK|THY1,-0.45
hits,GO Biological Processes,19,GO:0006875,cellular metal ion homeostasis,-3.2,6.9,5.1,24155,580,30,5,17,6.8,117|920|2357|3932|7070,ADCYAP1R1|CD4|FPR1|LCK|THY1,-0.41
hits,GO Biological Processes,19,GO:0016485,protein processing,-3.1,9.8,5.6,24155,330,30,4,13,6.2,1520|2678|3972|728441,CTSS|GGT1|LHB|GGT2,-0.4
hits,GO Biological Processes,19,GO:1903900,regulation of viral life cycle,-3.1,16,6.6,24155,149,30,3,10,5.5,920|5071|8091,CD4|PRKN|HMGA2,-0.35
hits,GO Biological Processes,19,GO:0018108,peptidyl-tyrosine phosphorylation,-3,8.8,5.3,24155,364,30,4,13,6.2,920|3059|3932|7070,CD4|HCLS1|LCK|THY1,-0.27
hits,GO Biological Processes,19,GO:0018212,peptidyl-tyrosine modification,-3,8.8,5.3,24155,367,30,4,13,6.2,920|3059|3932|7070,CD4|HCLS1|LCK|THY1,-0.26
hits,GO Biological Processes,19,GO:0006790,sulfur compound metabolic process,-3,8.7,5.2,24155,372,30,4,13,6.2,176|2678|8534|728441,ACAN|GGT1|CHST1|GGT2,-0.25
hits,GO Biological Processes,19,GO:0030003,cellular cation homeostasis,-2.9,6.2,4.7,24155,653,30,5,17,6.8,117|920|2357|3932|7070,ADCYAP1R1|CD4|FPR1|LCK|THY1,-0.24
hits,GO Biological Processes,19,GO:1901568,fatty acid derivative metabolic process,-2.9,14,6.1,24155,169,30,3,10,5.5,1646|2678|728441,AKR1C2|GGT1|GGT2,-0.24
hits,GO Biological Processes,19,GO:0006022,aminoglycan metabolic process,-2.9,14,6.1,24155,171,30,3,10,5.5,176|8534|374907,ACAN|CHST1|B3GNT8,-0.24
hits,GO Biological Processes,19,GO:0006873,cellular ion homeostasis,-2.9,6,4.7,24155,666,30,5,17,6.8,117|920|2357|3932|7070,ADCYAP1R1|CD4|FPR1|LCK|THY1,-0.23
hits,GO Biological Processes,19,GO:0097435,supramolecular fiber organization,-2.9,6,4.6,24155,674,30,5,17,6.8,176|3059|3936|5071|9051,ACAN|HCLS1|LCP1|PRKN|PSTPIP1,-0.23
hits,GO Biological Processes,19,GO:0051897,positive regulation of protein kinase B signaling,-2.9,14,6,24155,176,30,3,10,5.5,1646|3059|3932,AKR1C2|HCLS1|LCK,-0.23
hits,GO Biological Processes,19,GO:0051604,protein maturation,-2.8,8.1,5,24155,399,30,4,13,6.2,1520|2678|3972|728441,CTSS|GGT1|LHB|GGT2,-0.21
hits,GO Biological Processes,19,GO:0007015,actin filament organization,-2.8,8,5,24155,402,30,4,13,6.2,3059|3936|5071|9051,HCLS1|LCP1|PRKN|PSTPIP1,-0.21
hits,GO Biological Processes,19,GO:0007276,gamete generation,-2.8,5.8,4.5,24155,698,30,5,17,6.8,117|2678|83853|135138|728441,ADCYAP1R1|GGT1|ROPN1L|PACRG|GGT2,-0.19
hits,GO Biological Processes,19,GO:0006816,calcium ion transport,-2.7,7.4,4.8,24155,434,30,4,13,6.2,117|920|3932|7070,ADCYAP1R1|CD4|LCK|THY1,-0.12
hits,GO Biological Processes,19,GO:0046649,lymphocyte activation,-2.7,5.5,4.3,24155,736,30,5,17,6.8,920|973|3932|3936|7070,CD4|CD79A|LCK|LCP1|THY1,-0.12
hits,GO Biological Processes,19,GO:0050852,T cell receptor signaling pathway,-2.7,12,5.5,24155,202,30,3,10,5.5,920|3932|7070,CD4|LCK|THY1,-0.12
hits,GO Biological Processes,19,GO:0050870,positive regulation of T cell activation,-2.7,12,5.5,24155,202,30,3,10,5.5,920|3932|7070,CD4|LCK|THY1,-0.12
hits,GO Biological Processes,19,GO:0019932,second-messenger-mediated signaling,-2.7,7.3,4.7,24155,440,30,4,13,6.2,117|920|1113|2357,ADCYAP1R1|CD4|CHGA|FPR1,-0.11
hits,GO Biological Processes,19,GO:0050792,regulation of viral process,-2.7,12,5.4,24155,208,30,3,10,5.5,920|5071|8091,CD4|PRKN|HMGA2,-0.098
hits,Reactome Gene Sets,6,R-HSA-1280218,Adaptive Immune System,-2.7,5.3,4.3,24155,758,30,5,17,6.8,920|973|1520|3932|5071,CD4|CD79A|CTSS|LCK|PRKN,-0.09
hits,GO Biological Processes,19,GO:1903531,negative regulation of secretion by cell,-2.6,11,5.3,24155,213,30,3,10,5.5,1113|2917|5071,CHGA|GRM7|PRKN,-0.084
hits,Reactome Gene Sets,6,R-HSA-500792,GPCR ligand binding,-2.6,7,4.6,24155,457,30,4,13,6.2,117|2357|2917|3972,ADCYAP1R1|FPR1|GRM7|LHB,-0.083
hits,GO Biological Processes,19,GO:1903039,positive regulation of leukocyte cell-cell adhesion,-2.6,11,5.3,24155,218,30,3,10,5.5,920|3932|7070,CD4|LCK|THY1,-0.07
hits,GO Biological Processes,19,GO:0042110,T cell activation,-2.6,6.9,4.5,24155,466,30,4,13,6.2,920|3932|3936|7070,CD4|LCK|LCP1|THY1,-0.069
hits,GO Biological Processes,19,GO:0043903,"regulation of symbiosis, encompassing mutualism through parasitism",-2.6,11,5.2,24155,222,30,3,10,5.5,920|5071|8091,CD4|PRKN|HMGA2,-0.069
hits,GO Biological Processes,19,GO:0007188,adenylate cyclase-modulating G protein-coupled receptor signaling pathway,-2.6,11,5.2,24155,222,30,3,10,5.5,1113|2357|2917,CHGA|FPR1|GRM7,-0.069
hits,GO Biological Processes,19,GO:0033157,regulation of intracellular protein transport,-2.6,11,5.2,24155,225,30,3,10,5.5,3059|3936|5071,HCLS1|LCP1|PRKN,-0.059
hits,GO Biological Processes,19,GO:0070838,divalent metal ion transport,-2.5,6.7,4.4,24155,483,30,4,13,6.2,117|920|3932|7070,ADCYAP1R1|CD4|LCK|THY1,-0.038
hits,GO Biological Processes,19,GO:0072511,divalent inorganic cation transport,-2.5,6.6,4.4,24155,489,30,4,13,6.2,117|920|3932|7070,ADCYAP1R1|CD4|LCK|THY1,-0.031
hits,GO Biological Processes,19,GO:0097305,response to alcohol,-2.5,10,5.1,24155,234,30,3,10,5.5,117|1365|1646,ADCYAP1R1|CLDN3|AKR1C2,-0.031
hits,GO Biological Processes,19,GO:0051048,negative regulation of secretion,-2.5,10,5,24155,240,30,3,10,5.5,1113|2917|5071,CHGA|GRM7|PRKN,-0.0063
hits,GO Biological Processes,19,GO:0051896,regulation of protein kinase B signaling,-2.5,9.9,4.9,24155,244,30,3,10,5.5,1646|3059|3932,AKR1C2|HCLS1|LCK,0
hits,GO Biological Processes,19,GO:0002521,leukocyte differentiation,-2.4,6.2,4.2,24155,516,30,4,13,6.2,920|973|3059|3932,CD4|CD79A|HCLS1|LCK,0
hits,GO Biological Processes,19,GO:0051924,regulation of calcium ion transport,-2.4,9.5,4.8,24155,254,30,3,10,5.5,117|920|7070,ADCYAP1R1|CD4|THY1,0
hits,GO Biological Processes,19,GO:0022409,positive regulation of cell-cell adhesion,-2.4,9.5,4.8,24155,255,30,3,10,5.5,920|3932|7070,CD4|LCK|THY1,0
hits,GO Biological Processes,19,GO:1903827,regulation of cellular protein localization,-2.4,6.1,4.2,24155,524,30,4,13,6.2,3059|3936|5071|23650,HCLS1|LCP1|PRKN|TRIM29,0
hits,GO Biological Processes,19,GO:0050730,regulation of peptidyl-tyrosine phosphorylation,-2.4,9.4,4.8,24155,256,30,3,10,5.5,920|3059|7070,CD4|HCLS1|THY1,0
hits,GO Biological Processes,19,GO:0007187,"G protein-coupled receptor signaling pathway, coupled to cyclic nucleotide second messenger",-2.4,9.4,4.8,24155,257,30,3,10,5.5,1113|2357|2917,CHGA|FPR1|GRM7,0
hits,GO Biological Processes,19,GO:0010817,regulation of hormone levels,-2.4,6.1,4.2,24155,532,30,4,13,6.2,1113|1646|3972|5071,CHGA|AKR1C2|LHB|PRKN,0
hits,GO Biological Processes,19,GO:0043491,protein kinase B signaling,-2.4,9,4.6,24155,269,30,3,10,5.5,1646|3059|3932,AKR1C2|HCLS1|LCK,0
hits,GO Biological Processes,19,GO:0022411,cellular component disassembly,-2.3,5.8,4.1,24155,551,30,4,13,6.2,1520|3936|5071|143244,CTSS|LCP1|PRKN|EIF5AL1,0
hits,GO Biological Processes,19,GO:0051258,protein polymerization,-2.3,8.5,4.5,24155,284,30,3,10,5.5,3059|5071|9051,HCLS1|PRKN|PSTPIP1,0
hits,GO Biological Processes,19,GO:0044262,cellular carbohydrate metabolic process,-2.3,8.4,4.5,24155,287,30,3,10,5.5,117|5071|374907,ADCYAP1R1|PRKN|B3GNT8,0
hits,GO Biological Processes,19,GO:1903037,regulation of leukocyte cell-cell adhesion,-2.2,7.9,4.3,24155,304,30,3,10,5.5,920|3932|7070,CD4|LCK|THY1,0
hits,GO Biological Processes,19,GO:0034612,response to tumor necrosis factor,-2.2,7.7,4.2,24155,312,30,3,10,5.5,2678|5071|728441,GGT1|PRKN|GGT2,0
hits,GO Biological Processes,19,GO:0050863,regulation of T cell activation,-2.2,7.7,4.2,24155,314,30,3,10,5.5,920|3932|7070,CD4|LCK|THY1,0
hits,GO Biological Processes,19,GO:0005975,carbohydrate metabolic process,-2.1,5.1,3.7,24155,626,30,4,13,6.2,117|5071|8534|374907,ADCYAP1R1|PRKN|CHST1|B3GNT8,0
hits,Reactome Gene Sets,6,R-HSA-449147,Signaling by Interleukins,-2.1,5.1,3.7,24155,634,30,4,13,6.2,920|2357|3932|3936,CD4|FPR1|LCK|LCP1,0
hits,GO Biological Processes,19,GO:0019058,viral life cycle,-2.1,7.3,4.1,24155,329,30,3,10,5.5,920|5071|8091,CD4|PRKN|HMGA2,0
hits,GO Biological Processes,19,GO:0051235,maintenance of location,-2.1,7.3,4.1,24155,330,30,3,10,5.5,920|3932|7070,CD4|LCK|THY1,0
hits,GO Biological Processes,19,GO:0051251,positive regulation of lymphocyte activation,-2.1,7.2,4,24155,334,30,3,10,5.5,920|3932|7070,CD4|LCK|THY1,0
hits,GO Biological Processes,19,GO:0007159,leukocyte cell-cell adhesion,-2.1,7.2,4,24155,337,30,3,10,5.5,920|3932|7070,CD4|LCK|THY1,0
hits,GO Biological Processes,19,GO:0030036,actin cytoskeleton organization,-2,4.8,3.5,24155,667,30,4,13,6.2,3059|3936|5071|9051,HCLS1|LCP1|PRKN|PSTPIP1,0
hits,GO Biological Processes,19,GO:0009101,glycoprotein biosynthetic process,-2,6.9,3.9,24155,351,30,3,10,5.5,176|4588|374907,ACAN|MUC6|B3GNT8,0
hits,GO Biological Processes,19,GO:0030098,lymphocyte differentiation,-2,6.8,3.9,24155,353,30,3,10,5.5,920|973|3932,CD4|CD79A|LCK,0
hits,GO Biological Processes,19,GO:0003006,developmental process involved in reproduction,-2,4.8,3.5,24155,677,30,4,13,6.2,117|3972|83853|135138,ADCYAP1R1|LHB|ROPN1L|PACRG,0
