Network,Annotation
hits,GO:0019221|cytokine-mediated signaling pathway|-33.8;R-HSA-449147|Signaling by Interleukins|-25.3;GO:0001816|cytokine production|-23.2
hits_MCODE_ALL,R-HSA-500792|GPCR ligand binding|-22.6;R-HSA-373076|Class A/1 (Rhodopsin-like receptors)|-22.6;GO:0006935|chemotaxis|-20.8
hits_SUB1_MCODE_1,R-HSA-418594|G alpha (i) signalling events|-28.5;R-HSA-500792|GPCR ligand binding|-27.7;R-HSA-373076|Class A/1 (Rhodopsin-like receptors)|-27.0
hits_SUB1_MCODE_2,R-HSA-449836|Other interleukin signaling|-11.0;R-HSA-449147|Signaling by Interleukins|-10.5;R-HSA-9607240|FLT3 Signaling|-9.1
hits_SUB1_MCODE_3,R-HSA-9006931|Signaling by Nuclear Receptors|-4.3;GO:0010817|regulation of hormone levels|-3.5
hits_SUB2_MCODE_4,GO:0019886|antigen processing and presentation of exogenous peptide antigen via MHC class II|-12.0;GO:0002495|antigen processing and presentation of peptide antigen via MHC class II|-11.9;GO:0002504|antigen processing and presentation of peptide or polysaccharide antigen via MHC class II|-11.9
hits_SUB1_MCODE_5,R-HSA-8863795|Downregulation of ERBB2 signaling|-11.8;GO:0038128|ERBB2 signaling pathway|-11.6;R-HSA-1227986|Signaling by ERBB2|-10.8
hits_SUB1_MCODE_6,R-HSA-418555|G alpha (s) signalling events|-6.6;GO:0003018|vascular process in circulatory system|-5.8;GO:0007188|adenylate cyclase-modulating G protein-coupled receptor signaling pathway|-5.5
hits_SUB1_MCODE_7,GO:0032611|interleukin-1 beta production|-9.5;GO:0032612|interleukin-1 production|-9.3;R-HSA-844456|The NLRP3 inflammasome|-9.1
hits_SUB1_MCODE_8,GO:0038084|vascular endothelial growth factor signaling pathway|-7.6;hsa05200|Pathways in cancer|-7.2;GO:0035924|cellular response to vascular endothelial growth factor stimulus|-7.1
hits_SUB1_MCODE_9,R-HSA-416476|G alpha (q) signalling events|-6.1;R-HSA-373076|Class A/1 (Rhodopsin-like receptors)|-5.6;R-HSA-500792|GPCR ligand binding|-5.2
