Cluster,Gene,Score,Type,Symbol,Network
1,624,7.5,Clustered,BDKRB2,hits_SUB1
1,9568,7.5,Clustered,GABBR2,hits_SUB1
1,718,7.5,Clustered,C3,hits_SUB1
1,727,7.5,Clustered,C5,hits_SUB1
1,6288,7.5,Clustered,SAA1,hits_SUB1
1,6753,7.5,Clustered,SSTR3,hits_SUB1
1,6374,7.5,Clustered,CXCL5,hits_SUB1
1,6364,7.5,Clustered,CCL20,hits_SUB1
1,56670,7.5,Clustered,SUCNR1,hits_SUB1
1,57007,7.5,Clustered,ACKR3,hits_SUB1
1,283869,7.5,Clustered,NPW,hits_SUB1
1,2919,7.5,Clustered,CXCL1,hits_SUB1
1,3576,7.5,Clustered,CXCL8,hits_SUB1
1,2920,7.5,Clustered,CXCL2,hits_SUB1
1,2921,7.5,Clustered,CXCL3,hits_SUB1
1,150,7.5,Seed,ADRA2A,hits_SUB1
3,291,3.0,Clustered,SLC25A4,hits_SUB1
3,8854,3.0,Clustered,ALDH1A2,hits_SUB1
3,59,3.0,Clustered,ACTA2,hits_SUB1
3,7277,3.0,Clustered,TUBA4A,hits_SUB1
3,8349,3.0,Clustered,H2BC21,hits_SUB1
3,85235,3.0,Clustered,H2AC12,hits_SUB1
3,216,3.0,Seed,ALDH1A1,hits_SUB1
2,6776,1.7272727272727273,Clustered,STAT5A,hits_SUB1
2,9021,1.7272727272727273,Clustered,SOCS3,hits_SUB1
2,3718,1.7272727272727273,Clustered,JAK3,hits_SUB1
2,3560,1.7272727272727273,Clustered,IL2RB,hits_SUB1
2,6714,1.7272727272727273,Seed,SRC,hits_SUB1
2,1435,1.7272727272727273,Clustered,CSF1,hits_SUB1
2,2047,1.7272727272727273,Clustered,EPHB1,hits_SUB1
2,2049,1.7272727272727273,Clustered,EPHB3,hits_SUB1
2,57731,1.7272727272727273,Clustered,SPTBN4,hits_SUB1
2,3897,1.7272727272727273,Clustered,L1CAM,hits_SUB1
2,4684,1.7272727272727273,Clustered,NCAM1,hits_SUB1
5,2069,1.5,Clustered,EREG,hits_SUB1
5,4145,1.5,Seed,MATK,hits_SUB1
5,1839,1.5,Clustered,HBEGF,hits_SUB1
5,2066,1.5,Clustered,ERBB4,hits_SUB1
6,135,1.5,Clustered,ADORA2A,hits_SUB1
6,554,1.5,Clustered,AVPR2,hits_SUB1
6,2850,1.5,Clustered,GPR27,hits_SUB1
6,10266,1.5,Seed,RAMP2,hits_SUB1
7,29108,1.25,Clustered,PYCARD,hits_SUB1
7,4210,1.25,Seed,MEFV,hits_SUB1
7,3553,1.25,Clustered,IL1B,hits_SUB1
7,834,1.25,Clustered,CASP1,hits_SUB1
8,2277,1.0,Clustered,VEGFD,hits_SUB1
8,2322,1.0,Seed,FLT3,hits_SUB1
8,5156,1.0,Clustered,PDGFRA,hits_SUB1
8,2246,1.0,Clustered,FGF1,hits_SUB1
9,3814,1.0,Clustered,KISS1,hits_SUB1
9,4923,1.0,Clustered,NTSR1,hits_SUB1
9,1133,1.0,Seed,CHRM5,hits_SUB1
4,3123,1.7999999999999998,Clustered,HLA-DRB1,hits_SUB2
4,972,1.7999999999999998,Clustered,CD74,hits_SUB2
4,8722,1.7999999999999998,Clustered,CTSF,hits_SUB2
4,3111,1.7999999999999998,Clustered,HLA-DOA,hits_SUB2
4,1520,1.7999999999999998,Seed,CTSS,hits_SUB2
