Network,Annotation
hits,hsa04015|Rap1 signaling pathway|-10.2;GO:0048667|cell morphogenesis involved in neuron differentiation|-10.0;GO:0000904|cell morphogenesis involved in differentiation|-9.4
hits_MCODE_ALL,R-HSA-373076|Class A/1 (Rhodopsin-like receptors)|-11.8;R-HSA-500792|GPCR ligand binding|-11.1;R-HSA-391903|Eicosanoid ligand-binding receptors|-9.6
hits_SUB1_MCODE_2,R-HSA-416476|G alpha (q) signalling events|-16.4;R-HSA-373076|Class A/1 (Rhodopsin-like receptors)|-15.0;R-HSA-500792|GPCR ligand binding|-13.8
hits_SUB3_MCODE_3,R-HSA-211897|Cytochrome P450 - arranged by substrate type|-12.9;R-HSA-211945|Phase I - Functionalization of compounds|-11.8;R-HSA-211859|Biological oxidations|-10.2
hits_SUB1_MCODE_4,R-HSA-373076|Class A/1 (Rhodopsin-like receptors)|-5.6;R-HSA-418594|G alpha (i) signalling events|-5.3;R-HSA-500792|GPCR ligand binding|-5.2
hits_SUB1_MCODE_5,"R-HSA-168638|NOD1/2 Signaling Pathway|-8.5;M12012|ST P38 MAPK PATHWAY|-8.5;R-HSA-168643|Nucleotide-binding domain, leucine rich repeat containing receptor (NLR) signaling pathways|-8.0"
hits_SUB1_MCODE_6,GO:0046777|protein autophosphorylation|-6.0;GO:0018108|peptidyl-tyrosine phosphorylation|-5.5;GO:0018212|peptidyl-tyrosine modification|-5.5
hits_SUB8_MCODE_8,GO:0007189|adenylate cyclase-activating G protein-coupled receptor signaling pathway|-6.7;GO:0019933|cAMP-mediated signaling|-6.3;GO:0019935|cyclic-nucleotide-mediated signaling|-6.2
