Cluster,Gene,Score,Type,Symbol,Network
1,126070,16.5,Clustered,ZNF440,hits_SUB1
1,9668,16.5,Clustered,ZNF432,hits_SUB1
1,51710,16.5,Clustered,ZNF44,hits_SUB1
1,55552,16.5,Clustered,ZNF823,hits_SUB1
1,7561,16.5,Clustered,ZNF14,hits_SUB1
1,90075,16.5,Clustered,ZNF30,hits_SUB1
1,374879,16.5,Clustered,ZNF699,hits_SUB1
1,374900,16.5,Clustered,ZNF568,hits_SUB1
1,440515,16.5,Clustered,ZNF506,hits_SUB1
1,148266,16.5,Clustered,ZNF569,hits_SUB1
1,388566,16.5,Clustered,ZNF470,hits_SUB1
1,57711,16.5,Clustered,ZNF529,hits_SUB1
1,199704,16.5,Clustered,ZNF585A,hits_SUB1
1,79898,16.5,Clustered,ZNF613,hits_SUB1
1,388536,16.5,Clustered,ZNF790,hits_SUB1
1,284371,16.5,Clustered,ZNF841,hits_SUB1
1,162962,16.5,Clustered,ZNF836,hits_SUB1
1,353088,16.5,Clustered,ZNF429,hits_SUB1
1,79230,16.5,Clustered,ZNF557,hits_SUB1
1,163087,16.5,Clustered,ZNF383,hits_SUB1
1,84503,16.5,Clustered,ZNF527,hits_SUB1
1,140612,16.5,Seed,ZFP28,hits_SUB1
1,147837,16.5,Clustered,ZNF563,hits_SUB1
1,92283,16.5,Clustered,ZNF461,hits_SUB1
1,147923,16.5,Clustered,ZNF420,hits_SUB1
1,170959,16.5,Clustered,ZNF431,hits_SUB1
1,83933,16.5,Clustered,HDAC10,hits_SUB1
1,148103,16.5,Clustered,ZNF599,hits_SUB1
1,84775,16.5,Clustered,ZNF607,hits_SUB1
1,65251,16.5,Clustered,ZNF649,hits_SUB1
1,59348,16.5,Clustered,ZNF350,hits_SUB1
1,90338,16.5,Clustered,ZNF160,hits_SUB1
1,55422,16.5,Clustered,ZNF331,hits_SUB1
1,7728,16.5,Clustered,ZNF175,hits_SUB1
2,10316,3.5,Clustered,NMUR1,hits_SUB1
2,2796,3.5,Clustered,GNRH1,hits_SUB1
2,2925,3.5,Clustered,GRPR,hits_SUB1
2,5731,3.5,Clustered,PTGER1,hits_SUB1
2,2150,3.5,Seed,F2RL1,hits_SUB1
2,347148,3.5,Clustered,QRFP,hits_SUB1
2,2840,3.5,Clustered,GPR17,hits_SUB1
2,9002,3.5,Clustered,F2RL3,hits_SUB1
4,2357,1.0,Clustered,FPR1,hits_SUB1
4,7852,1.0,Clustered,CXCR4,hits_SUB1
4,165140,1.0,Seed,OXER1,hits_SUB1
5,5600,1.0,Clustered,MAPK11,hits_SUB1
5,6300,1.0,Clustered,MAPK12,hits_SUB1
5,10454,1.0,Seed,TAB1,hits_SUB1
6,3645,1.0,Clustered,INSRR,hits_SUB1
6,5155,1.0,Seed,PDGFB,hits_SUB1
6,3643,1.0,Clustered,INSR,hits_SUB1
3,1588,2.0,Clustered,CYP19A1,hits_SUB3
3,1591,2.0,Clustered,CYP24A1,hits_SUB3
3,4051,2.0,Clustered,CYP4F3,hits_SUB3
3,57834,2.0,Clustered,CYP4F11,hits_SUB3
3,1559,2.0,Seed,CYP2C9,hits_SUB3
7,8499,1.0,Clustered,PPFIA2,hits_SUB7
7,8728,1.0,Clustered,ADAM19,hits_SUB7
7,5789,1.0,Seed,PTPRD,hits_SUB7
8,5734,1.0,Clustered,PTGER4,hits_SUB8
8,79924,1.0,Clustered,ADM2,hits_SUB8
8,5732,1.0,Seed,PTGER2,hits_SUB8
