Category,CategoryID,GO,Description,LogP,Enrichment,Z-score,#TotalGeneInLibrary,#GeneInGO,#GeneInHitList,#GeneInGOAndHitList,%InGO,STDV %InGO,GeneID,Hits,Log(q-value),GeneList
GO Biological Processes,19,GO:0098742,cell-cell adhesion via plasma-membrane adhesion molecules,-9.1,4.4,8.2,24155,275,503,25,5,0.97,1012|5789|6900|8641|9071|9075|9080|11141|22997|23654|56102|56103|56104|56108|56109|56110|56111|56114|56121|56122|56123|57526|57717|83872|286204,CDH13|PTPRD|CNTN2|PCDHGB4|CLDN10|CLDN2|CLDN9|IL1RAPL1|IGSF9B|PLXNB2|PCDHGB3|PCDHGB2|PCDHGB1|PCDHGA7|PCDHGA6|PCDHGA5|PCDHGA4|PCDHGA1|PCDHB15|PCDHB14|PCDHB13|PCDH19|PCDHB16|HMCN1|CRB2,-4.8,hits
GO Biological Processes,19,GO:0007156,homophilic cell adhesion via plasma membrane adhesion molecules,-8.5,5.4,8.3,24155,170,503,19,3.8,0.85,1012|6900|8641|22997|23654|56102|56103|56104|56108|56109|56110|56111|56114|56121|56122|56123|57526|57717|83872,CDH13|CNTN2|PCDHGB4|IGSF9B|PLXNB2|PCDHGB3|PCDHGB2|PCDHGB1|PCDHGA7|PCDHGA6|PCDHGA5|PCDHGA4|PCDHGA1|PCDHB15|PCDHB14|PCDHB13|PCDH19|PCDHB16|HMCN1,-4.5,hits
GO Biological Processes,19,GO:0048667,cell morphogenesis involved in neuron differentiation,-6.6,2.7,6.1,24155,583,503,33,6.6,1.1,107|627|1136|1959|2043|2051|2674|2737|3676|4131|5076|5789|6710|6900|7345|7436|7852|8022|8828|9201|9890|11141|22941|23242|23542|23654|51062|56920|56956|57611|59277|80031|85358,ADCY1|BDNF|CHRNA3|EGR2|EPHA4|EPHB6|GFRA1|GLI3|ITGA4|MAP1B|PAX2|PTPRD|SPTB|CNTN2|UCHL1|VLDLR|CXCR4|LHX3|NRP2|DCLK1|PLPPR4|IL1RAPL1|SHANK2|COBL|MAPK8IP2|PLXNB2|ATL1|SEMA3G|LHX9|ISLR2|NTN4|SEMA6D|SHANK3,-2.8,hits
GO Biological Processes,19,GO:0007409,axonogenesis,-6.2,2.9,6,24155,468,503,28,5.6,1,107|627|1959|2043|2051|2674|2737|3676|4131|5076|6710|6900|7345|7436|7852|8022|8828|9201|9890|23242|23654|51062|56920|56956|57611|59277|80031|85358,ADCY1|BDNF|EGR2|EPHA4|EPHB6|GFRA1|GLI3|ITGA4|MAP1B|PAX2|SPTB|CNTN2|UCHL1|VLDLR|CXCR4|LHX3|NRP2|DCLK1|PLPPR4|COBL|PLXNB2|ATL1|SEMA3G|LHX9|ISLR2|NTN4|SEMA6D|SHANK3,-2.6,hits
GO Biological Processes,19,GO:0048598,embryonic morphogenesis,-6.1,2.6,5.8,24155,586,503,32,6.4,1.1,2139|2202|2294|2321|2737|3198|3201|3624|3651|3676|3909|4188|5076|6422|6496|6659|6926|7291|7483|9464|23242|23654|50515|51176|51384|57619|64220|123872|157506|286204|344022|374900,EYA2|EFEMP1|FOXF1|FLT1|GLI3|HOXA1|HOXA4|INHBA|PDX1|ITGA4|LAMA3|MDFI|PAX2|SFRP1|SIX3|SOX4|TBX3|TWIST1|WNT9A|HAND2|COBL|PLXNB2|CHST11|LEF1|WNT16|SHROOM3|STRA6|DNAAF1|RDH10|CRB2|NOTO|ZNF568,-2.6,hits
GO Biological Processes,19,GO:0046660,female sex differentiation,-6.1,5.4,6.9,24155,115,503,13,2.6,0.71,174|1588|1602|2796|3624|3643|4846|6422|6926|26471|56956|64220|132625,AFP|CYP19A1|DACH1|GNRH1|INHBA|INSR|NOS3|SFRP1|TBX3|NUPR1|LHX9|STRA6|ZFP42,-2.6,hits
GO Biological Processes,19,GO:0048812,neuron projection morphogenesis,-6,2.5,5.7,24155,648,503,34,6.8,1.1,107|627|1136|1959|2043|2051|2674|2737|3676|4131|5076|5789|6710|6900|7345|7436|7852|8022|8828|9201|9890|11141|22941|23242|23542|23654|51062|56920|56956|57611|57624|59277|80031|85358,ADCY1|BDNF|CHRNA3|EGR2|EPHA4|EPHB6|GFRA1|GLI3|ITGA4|MAP1B|PAX2|PTPRD|SPTB|CNTN2|UCHL1|VLDLR|CXCR4|LHX3|NRP2|DCLK1|PLPPR4|IL1RAPL1|SHANK2|COBL|MAPK8IP2|PLXNB2|ATL1|SEMA3G|LHX9|ISLR2|NYAP2|NTN4|SEMA6D|SHANK3,-2.6,hits
GO Biological Processes,19,GO:0000904,cell morphogenesis involved in differentiation,-5.9,2.4,5.6,24155,745,503,37,7.4,1.2,107|627|1136|1959|2043|2051|2674|2737|3676|4131|5076|5789|6710|6900|7345|7373|7436|7852|8022|8828|9201|9890|11141|22941|23242|23542|23654|51062|51176|56920|56956|57611|59277|80031|84168|85358|133584,ADCY1|BDNF|CHRNA3|EGR2|EPHA4|EPHB6|GFRA1|GLI3|ITGA4|MAP1B|PAX2|PTPRD|SPTB|CNTN2|UCHL1|COL14A1|VLDLR|CXCR4|LHX3|NRP2|DCLK1|PLPPR4|IL1RAPL1|SHANK2|COBL|MAPK8IP2|PLXNB2|ATL1|LEF1|SEMA3G|LHX9|ISLR2|NTN4|SEMA6D|ANTXR1|SHANK3|EGFLAM,-2.6,hits
GO Biological Processes,19,GO:0032990,cell part morphogenesis,-5.9,2.5,5.6,24155,685,503,35,7,1.1,107|627|1136|1959|2043|2051|2674|2737|3676|4131|5076|5789|6710|6900|7345|7436|7852|8022|8828|9201|9890|11141|22941|23242|23542|23654|51062|56920|56956|57611|57624|59277|79784|80031|85358,ADCY1|BDNF|CHRNA3|EGR2|EPHA4|EPHB6|GFRA1|GLI3|ITGA4|MAP1B|PAX2|PTPRD|SPTB|CNTN2|UCHL1|VLDLR|CXCR4|LHX3|NRP2|DCLK1|PLPPR4|IL1RAPL1|SHANK2|COBL|MAPK8IP2|PLXNB2|ATL1|SEMA3G|LHX9|ISLR2|NYAP2|NTN4|MYH14|SEMA6D|SHANK3,-2.6,hits
GO Biological Processes,19,GO:0120039,plasma membrane bounded cell projection morphogenesis,-5.8,2.5,5.6,24155,662,503,34,6.8,1.1,107|627|1136|1959|2043|2051|2674|2737|3676|4131|5076|5789|6710|6900|7345|7436|7852|8022|8828|9201|9890|11141|22941|23242|23542|23654|51062|56920|56956|57611|57624|59277|80031|85358,ADCY1|BDNF|CHRNA3|EGR2|EPHA4|EPHB6|GFRA1|GLI3|ITGA4|MAP1B|PAX2|PTPRD|SPTB|CNTN2|UCHL1|VLDLR|CXCR4|LHX3|NRP2|DCLK1|PLPPR4|IL1RAPL1|SHANK2|COBL|MAPK8IP2|PLXNB2|ATL1|SEMA3G|LHX9|ISLR2|NYAP2|NTN4|SEMA6D|SHANK3,-2.5,hits
GO Biological Processes,19,GO:0048858,cell projection morphogenesis,-5.8,2.5,5.5,24155,666,503,34,6.8,1.1,107|627|1136|1959|2043|2051|2674|2737|3676|4131|5076|5789|6710|6900|7345|7436|7852|8022|8828|9201|9890|11141|22941|23242|23542|23654|51062|56920|56956|57611|57624|59277|80031|85358,ADCY1|BDNF|CHRNA3|EGR2|EPHA4|EPHB6|GFRA1|GLI3|ITGA4|MAP1B|PAX2|PTPRD|SPTB|CNTN2|UCHL1|VLDLR|CXCR4|LHX3|NRP2|DCLK1|PLPPR4|IL1RAPL1|SHANK2|COBL|MAPK8IP2|PLXNB2|ATL1|SEMA3G|LHX9|ISLR2|NYAP2|NTN4|SEMA6D|SHANK3,-2.5,hits
GO Biological Processes,19,GO:0006935,chemotaxis,-5.6,2.5,5.5,24155,645,503,33,6.6,1.1,627|1012|1113|1588|1959|2043|2051|2150|2242|2321|2357|2674|2737|4991|5155|6710|6900|7436|7852|7857|8022|8828|10457|23654|26585|51176|56920|56956|59277|80031|80310|85358|146225,BDNF|CDH13|CHGA|CYP19A1|EGR2|EPHA4|EPHB6|F2RL1|FES|FLT1|FPR1|GFRA1|GLI3|OR1D2|PDGFB|SPTB|CNTN2|VLDLR|CXCR4|SCG2|LHX3|NRP2|GPNMB|PLXNB2|GREM1|LEF1|SEMA3G|LHX9|NTN4|SEMA6D|PDGFD|SHANK3|CMTM2,-2.4,hits
GO Biological Processes,19,GO:0042330,taxis,-5.6,2.4,5.4,24155,647,503,33,6.6,1.1,627|1012|1113|1588|1959|2043|2051|2150|2242|2321|2357|2674|2737|4991|5155|6710|6900|7436|7852|7857|8022|8828|10457|23654|26585|51176|56920|56956|59277|80031|80310|85358|146225,BDNF|CDH13|CHGA|CYP19A1|EGR2|EPHA4|EPHB6|F2RL1|FES|FLT1|FPR1|GFRA1|GLI3|OR1D2|PDGFB|SPTB|CNTN2|VLDLR|CXCR4|SCG2|LHX3|NRP2|GPNMB|PLXNB2|GREM1|LEF1|SEMA3G|LHX9|NTN4|SEMA6D|PDGFD|SHANK3|CMTM2,-2.4,hits
GO Biological Processes,19,GO:0007507,heart development,-5.6,2.5,5.5,24155,588,503,31,6.2,1.1,639|2294|2737|3643|4846|5155|5600|5999|6659|6926|7291|8313|8701|8828|9464|9965|10252|10454|10529|26585|27063|51384|57538|57817|64091|64220|115701|118856|123872|150094|344022,PRDM1|FOXF1|GLI3|INSR|NOS3|PDGFB|MAPK11|RGS4|SOX4|TBX3|TWIST1|AXIN2|DNAH11|NRP2|HAND2|FGF19|SPRY1|TAB1|NEBL|GREM1|ANKRD1|WNT16|ALPK3|HAMP|POPDC2|STRA6|ALPK2|MMP21|DNAAF1|SIK1|NOTO,-2.4,hits
GO Biological Processes,19,GO:0007389,pattern specification process,-5.6,2.8,5.6,24155,446,503,26,5.2,0.99,1959|2294|2737|3201|4188|4242|5076|6422|6496|6926|8022|8313|8701|8828|9464|10252|23242|26585|51176|57619|115948|118856|123872|130399|286204|344022,EGR2|FOXF1|GLI3|HOXA4|MDFI|MFNG|PAX2|SFRP1|SIX3|TBX3|LHX3|AXIN2|DNAH11|NRP2|HAND2|SPRY1|COBL|GREM1|LEF1|SHROOM3|CCDC151|MMP21|DNAAF1|ACVR1C|CRB2|NOTO,-2.4,hits
GO Biological Processes,19,GO:0007610,behavior,-5.5,2.5,5.4,24155,596,503,31,6.2,1.1,107|627|1136|1602|1959|2043|2743|2925|3198|3643|3845|5413|6496|6529|6900|7345|7436|8701|9162|9464|22941|23542|29767|64220|79784|79924|85358|93145|116372|127343|347148,ADCY1|BDNF|CHRNA3|DACH1|EGR2|EPHA4|GLRB|GRPR|HOXA1|INSR|KRAS|SEPTIN5|SIX3|SLC6A1|CNTN2|UCHL1|VLDLR|DNAH11|DGKI|HAND2|SHANK2|MAPK8IP2|TMOD2|STRA6|MYH14|ADM2|SHANK3|OLFM2|LYPD1|DMBX1|QRFP,-2.4,hits
GO Biological Processes,19,GO:0061564,axon development,-5.4,2.6,5.4,24155,514,503,28,5.6,1,107|627|1959|2043|2051|2674|2737|3676|4131|5076|6710|6900|7345|7436|7852|8022|8828|9201|9890|23242|23654|51062|56920|56956|57611|59277|80031|85358,ADCY1|BDNF|EGR2|EPHA4|EPHB6|GFRA1|GLI3|ITGA4|MAP1B|PAX2|SPTB|CNTN2|UCHL1|VLDLR|CXCR4|LHX3|NRP2|DCLK1|PLPPR4|COBL|PLXNB2|ATL1|SEMA3G|LHX9|ISLR2|NTN4|SEMA6D|SHANK3,-2.3,hits
GO Biological Processes,19,GO:0048568,embryonic organ development,-5.4,2.8,5.5,24155,429,503,25,5,0.97,639|2202|2294|2737|3198|3201|4188|5076|5155|6496|6926|7291|7483|9464|23242|50515|51176|51384|64220|79805|123872|157506|286204|344022|374900,PRDM1|EFEMP1|FOXF1|GLI3|HOXA1|HOXA4|MDFI|PAX2|PDGFB|SIX3|TBX3|TWIST1|WNT9A|HAND2|COBL|CHST11|LEF1|WNT16|STRA6|VASH2|DNAAF1|RDH10|CRB2|NOTO|ZNF568,-2.3,hits
GO Biological Processes,19,GO:0099537,trans-synaptic signaling,-5.1,2.3,5.1,24155,714,503,34,6.8,1.1,107|627|776|1136|1607|1959|2043|2562|2743|3845|4131|5413|5789|5999|6505|6529|6536|6900|8499|9145|9148|9162|11141|22941|22997|23542|29767|55638|56122|56123|57717|85358|116372|392862,ADCY1|BDNF|CACNA1D|CHRNA3|DGKB|EGR2|EPHA4|GABRB3|GLRB|KRAS|MAP1B|SEPTIN5|PTPRD|RGS4|SLC1A1|SLC6A1|SLC6A9|CNTN2|PPFIA2|SYNGR1|NEURL1|DGKI|IL1RAPL1|SHANK2|IGSF9B|MAPK8IP2|TMOD2|SYBU|PCDHB14|PCDHB13|PCDHB16|SHANK3|LYPD1|GRID2IP,-2.1,hits
GO Biological Processes,19,GO:0046545,development of primary female sexual characteristics,-5.1,5.2,6.2,24155,101,503,11,2.2,0.65,174|1588|1602|2796|3624|3643|4846|6422|26471|56956|132625,AFP|CYP19A1|DACH1|GNRH1|INHBA|INSR|NOS3|SFRP1|NUPR1|LHX9|ZFP42,-2.1,hits
GO Biological Processes,19,GO:0099536,synaptic signaling,-5,2.3,5,24155,720,503,34,6.8,1.1,107|627|776|1136|1607|1959|2043|2562|2743|3845|4131|5413|5789|5999|6505|6529|6536|6900|8499|9145|9148|9162|11141|22941|22997|23542|29767|55638|56122|56123|57717|85358|116372|392862,ADCY1|BDNF|CACNA1D|CHRNA3|DGKB|EGR2|EPHA4|GABRB3|GLRB|KRAS|MAP1B|SEPTIN5|PTPRD|RGS4|SLC1A1|SLC6A1|SLC6A9|CNTN2|PPFIA2|SYNGR1|NEURL1|DGKI|IL1RAPL1|SHANK2|IGSF9B|MAPK8IP2|TMOD2|SYBU|PCDHB14|PCDHB13|PCDHB16|SHANK3|LYPD1|GRID2IP,-2,hits
Reactome Gene Sets,6,R-HSA-391903,Eicosanoid ligand-binding receptors,-5,16,8.5,24155,15,503,5,0.99,0.44,2840|5731|5732|5734|165140,GPR17|PTGER1|PTGER2|PTGER4|OXER1,-2,hits
GO Biological Processes,19,GO:0048562,embryonic organ morphogenesis,-5,3.2,5.4,24155,288,503,19,3.8,0.85,2202|2294|2737|3198|3201|4188|5076|6496|6926|7291|7483|9464|50515|51384|64220|123872|157506|286204|344022,EFEMP1|FOXF1|GLI3|HOXA1|HOXA4|MDFI|PAX2|SIX3|TBX3|TWIST1|WNT9A|HAND2|CHST11|WNT16|STRA6|DNAAF1|RDH10|CRB2|NOTO,-2,hits
GO Biological Processes,19,GO:0002062,chondrocyte differentiation,-4.9,4.6,5.9,24155,124,503,12,2.4,0.68,654|864|2202|2737|7373|7483|8313|26585|50515|85477|150356|389125,BMP6|RUNX3|EFEMP1|GLI3|COL14A1|WNT9A|AXIN2|GREM1|CHST11|SCIN|CHADL|MUSTN1,-2,hits
GO Biological Processes,19,GO:0032330,regulation of chondrocyte differentiation,-4.9,7.4,6.7,24155,52,503,8,1.6,0.56,654|2202|2737|7483|8313|26585|85477|150356,BMP6|EFEMP1|GLI3|WNT9A|AXIN2|GREM1|SCIN|CHADL,-2,hits
GO Biological Processes,19,GO:0001944,vasculature development,-4.9,2.2,4.9,24155,793,503,36,7.2,1.1,639|1012|1306|1491|2294|2321|2737|3198|3606|4773|4846|5155|5787|6422|6659|6926|7291|7852|7857|8828|9464|9982|10454|10457|11005|26585|51129|51176|51378|64220|79400|79805|79924|80310|84168|118856,PRDM1|CDH13|COL15A1|CTH|FOXF1|FLT1|GLI3|HOXA1|IL18|NFATC2|NOS3|PDGFB|PTPRB|SFRP1|SOX4|TBX3|TWIST1|CXCR4|SCG2|NRP2|HAND2|FGFBP1|TAB1|GPNMB|SPINK5|GREM1|ANGPTL4|LEF1|ANGPT4|STRA6|NOX5|VASH2|ADM2|PDGFD|ANTXR1|MMP21,-2,hits
Reactome Gene Sets,6,R-HSA-416476,G alpha (q) signalling events,-4.9,3.5,5.5,24155,217,503,16,3.2,0.78,1607|2150|2788|2796|2840|2925|3708|3845|5731|5999|9002|9162|10125|10235|10316|347148,DGKB|F2RL1|GNG7|GNRH1|GPR17|GRPR|ITPR1|KRAS|PTGER1|RGS4|F2RL3|DGKI|RASGRP1|RASGRP2|NMUR1|QRFP,-2,hits
GO Biological Processes,19,GO:0048608,reproductive structure development,-4.8,2.7,5.1,24155,432,503,24,4.8,0.95,174|639|654|1588|2706|2737|2796|3624|3643|4188|4846|5155|6422|6926|8022|8728|26471|51176|56956|64220|79805|132625|157506|374900,AFP|PRDM1|BMP6|CYP19A1|GJB2|GLI3|GNRH1|INHBA|INSR|MDFI|NOS3|PDGFB|SFRP1|TBX3|LHX3|ADAM19|NUPR1|LEF1|LHX9|STRA6|VASH2|ZFP42|RDH10|ZNF568,-2,hits
GO Biological Processes,19,GO:0048729,tissue morphogenesis,-4.8,2.3,4.9,24155,674,503,32,6.4,1.1,2043|2139|2294|2737|3624|3651|3845|3868|3909|4846|5076|6422|6496|6659|6926|7291|7373|7852|8828|9464|10252|23242|23654|27063|51176|51384|57619|59277|123872|157506|286204|344022,EPHA4|EYA2|FOXF1|GLI3|INHBA|PDX1|KRAS|KRT16|LAMA3|NOS3|PAX2|SFRP1|SIX3|SOX4|TBX3|TWIST1|COL14A1|CXCR4|NRP2|HAND2|SPRY1|COBL|PLXNB2|ANKRD1|LEF1|WNT16|SHROOM3|NTN4|DNAAF1|RDH10|CRB2|NOTO,-2,hits
GO Biological Processes,19,GO:0009792,embryo development ending in birth or egg hatching,-4.8,2.3,4.9,24155,646,503,31,6.2,1.1,639|2294|2737|3198|3201|3364|4188|4242|4846|5076|5155|6422|6659|6926|7291|7483|8313|8796|9464|10454|23242|23654|50515|51176|57619|64168|79805|84525|157506|286204|374900,PRDM1|FOXF1|GLI3|HOXA1|HOXA4|HUS1|MDFI|MFNG|NOS3|PAX2|PDGFB|SFRP1|SOX4|TBX3|TWIST1|WNT9A|AXIN2|SCEL|HAND2|TAB1|COBL|PLXNB2|CHST11|LEF1|SHROOM3|NECAB1|VASH2|HOPX|RDH10|CRB2|ZNF568,-1.9,hits
GO Biological Processes,19,GO:0061458,reproductive system development,-4.8,2.6,5.1,24155,435,503,24,4.8,0.95,174|639|654|1588|2706|2737|2796|3624|3643|4188|4846|5155|6422|6926|8022|8728|26471|51176|56956|64220|79805|132625|157506|374900,AFP|PRDM1|BMP6|CYP19A1|GJB2|GLI3|GNRH1|INHBA|INSR|MDFI|NOS3|PDGFB|SFRP1|TBX3|LHX3|ADAM19|NUPR1|LEF1|LHX9|STRA6|VASH2|ZFP42|RDH10|ZNF568,-1.9,hits
GO Biological Processes,19,GO:0050804,modulation of chemical synaptic transmission,-4.8,2.6,5,24155,436,503,24,4.8,0.95,107|627|776|1136|1607|1959|2043|3845|4131|5413|5999|6529|6536|6900|8499|9145|9148|9162|22941|22997|23542|55638|85358|392862,ADCY1|BDNF|CACNA1D|CHRNA3|DGKB|EGR2|EPHA4|KRAS|MAP1B|SEPTIN5|RGS4|SLC6A1|SLC6A9|CNTN2|PPFIA2|SYNGR1|NEURL1|DGKI|SHANK2|IGSF9B|MAPK8IP2|SYBU|SHANK3|GRID2IP,-1.9,hits
GO Biological Processes,19,GO:0099177,regulation of trans-synaptic signaling,-4.7,2.6,5,24155,437,503,24,4.8,0.95,107|627|776|1136|1607|1959|2043|3845|4131|5413|5999|6529|6536|6900|8499|9145|9148|9162|22941|22997|23542|55638|85358|392862,ADCY1|BDNF|CACNA1D|CHRNA3|DGKB|EGR2|EPHA4|KRAS|MAP1B|SEPTIN5|RGS4|SLC6A1|SLC6A9|CNTN2|PPFIA2|SYNGR1|NEURL1|DGKI|SHANK2|IGSF9B|MAPK8IP2|SYBU|SHANK3|GRID2IP,-1.9,hits
GO Biological Processes,19,GO:0007411,axon guidance,-4.7,3.1,5.2,24155,276,503,18,3.6,0.83,627|1959|2043|2051|2674|2737|6710|6900|7436|7852|8022|8828|23654|56920|56956|59277|80031|85358,BDNF|EGR2|EPHA4|EPHB6|GFRA1|GLI3|SPTB|CNTN2|VLDLR|CXCR4|LHX3|NRP2|PLXNB2|SEMA3G|LHX9|NTN4|SEMA6D|SHANK3,-1.9,hits
GO Biological Processes,19,GO:0097485,neuron projection guidance,-4.6,3.1,5.2,24155,277,503,18,3.6,0.83,627|1959|2043|2051|2674|2737|6710|6900|7436|7852|8022|8828|23654|56920|56956|59277|80031|85358,BDNF|EGR2|EPHA4|EPHB6|GFRA1|GLI3|SPTB|CNTN2|VLDLR|CXCR4|LHX3|NRP2|PLXNB2|SEMA3G|LHX9|NTN4|SEMA6D|SHANK3,-1.9,hits
GO Biological Processes,19,GO:0001568,blood vessel development,-4.5,2.1,4.7,24155,762,503,34,6.8,1.1,639|1012|1306|2294|2321|2737|3198|3606|4846|5155|5787|6422|6659|6926|7291|7852|7857|8828|9464|9982|10454|10457|11005|26585|51129|51176|51378|64220|79400|79805|79924|80310|84168|118856,PRDM1|CDH13|COL15A1|FOXF1|FLT1|GLI3|HOXA1|IL18|NOS3|PDGFB|PTPRB|SFRP1|SOX4|TBX3|TWIST1|CXCR4|SCG2|NRP2|HAND2|FGFBP1|TAB1|GPNMB|SPINK5|GREM1|ANGPTL4|LEF1|ANGPT4|STRA6|NOX5|VASH2|ADM2|PDGFD|ANTXR1|MMP21,-1.8,hits
GO Biological Processes,19,GO:0008585,female gonad development,-4.5,5,5.7,24155,96,503,10,2,0.62,174|1588|2796|3624|3643|4846|6422|26471|56956|132625,AFP|CYP19A1|GNRH1|INHBA|INSR|NOS3|SFRP1|NUPR1|LHX9|ZFP42,-1.7,hits
GO Biological Processes,19,GO:0003007,heart morphogenesis,-4.4,3.1,5.1,24155,260,503,17,3.4,0.81,2294|3643|4846|6659|6926|7291|8313|8701|8828|9464|10252|10454|27063|51384|115701|123872|344022,FOXF1|INSR|NOS3|SOX4|TBX3|TWIST1|AXIN2|DNAH11|NRP2|HAND2|SPRY1|TAB1|ANKRD1|WNT16|ALPK2|DNAAF1|NOTO,-1.7,hits
KEGG Pathway,24,hsa04015,Rap1 signaling pathway,-4.4,3.4,5.2,24155,210,503,15,3,0.76,107|2321|2357|3643|3845|5155|5600|6300|9002|9771|9965|10235|51378|54518|80310,ADCY1|FLT1|FPR1|INSR|KRAS|PDGFB|MAPK11|MAPK12|F2RL3|RAPGEF5|FGF19|RASGRP2|ANGPT4|APBB1IP|PDGFD,-1.7,hits
GO Biological Processes,19,GO:0098916,anterograde trans-synaptic signaling,-4.4,2.2,4.6,24155,706,503,32,6.4,1.1,107|627|776|1136|1607|1959|2043|2562|2743|3845|4131|5413|5999|6505|6529|6536|6900|8499|9145|9148|9162|22941|22997|23542|29767|55638|56122|56123|57717|85358|116372|392862,ADCY1|BDNF|CACNA1D|CHRNA3|DGKB|EGR2|EPHA4|GABRB3|GLRB|KRAS|MAP1B|SEPTIN5|RGS4|SLC1A1|SLC6A1|SLC6A9|CNTN2|PPFIA2|SYNGR1|NEURL1|DGKI|SHANK2|IGSF9B|MAPK8IP2|TMOD2|SYBU|PCDHB14|PCDHB13|PCDHB16|SHANK3|LYPD1|GRID2IP,-1.7,hits
GO Biological Processes,19,GO:0007268,chemical synaptic transmission,-4.4,2.2,4.6,24155,706,503,32,6.4,1.1,107|627|776|1136|1607|1959|2043|2562|2743|3845|4131|5413|5999|6505|6529|6536|6900|8499|9145|9148|9162|22941|22997|23542|29767|55638|56122|56123|57717|85358|116372|392862,ADCY1|BDNF|CACNA1D|CHRNA3|DGKB|EGR2|EPHA4|GABRB3|GLRB|KRAS|MAP1B|SEPTIN5|RGS4|SLC1A1|SLC6A1|SLC6A9|CNTN2|PPFIA2|SYNGR1|NEURL1|DGKI|SHANK2|IGSF9B|MAPK8IP2|TMOD2|SYBU|PCDHB14|PCDHB13|PCDHB16|SHANK3|LYPD1|GRID2IP,-1.7,hits
GO Biological Processes,19,GO:0061061,muscle structure development,-4.4,2.2,4.6,24155,674,503,31,6.2,1.1,627|1120|1491|1959|2294|3606|3845|4773|5155|5600|5999|6300|6926|7291|7345|9148|10529|22989|26471|26585|27063|29767|51176|57538|57817|64091|64220|79784|93145|115701|150094,BDNF|CHKB|CTH|EGR2|FOXF1|IL18|KRAS|NFATC2|PDGFB|MAPK11|RGS4|MAPK12|TBX3|TWIST1|UCHL1|NEURL1|NEBL|MYH15|NUPR1|GREM1|ANKRD1|TMOD2|LEF1|ALPK3|HAMP|POPDC2|STRA6|MYH14|OLFM2|ALPK2|SIK1,-1.7,hits
GO Biological Processes,19,GO:0060562,epithelial tube morphogenesis,-4.3,2.8,4.8,24155,322,503,19,3.8,0.85,2043|2294|2737|3845|5076|6422|6659|6926|7291|7852|9464|10252|23242|23654|51176|57619|123872|157506|344022,EPHA4|FOXF1|GLI3|KRAS|PAX2|SFRP1|SOX4|TBX3|TWIST1|CXCR4|HAND2|SPRY1|COBL|PLXNB2|LEF1|SHROOM3|DNAAF1|RDH10|NOTO,-1.6,hits
GO Biological Processes,19,GO:0050808,synapse organization,-4.3,2.6,4.7,24155,408,503,22,4.4,0.91,627|1607|2043|2562|2743|3643|4131|5789|6900|8499|8828|9148|9758|11141|22941|22997|23654|55638|56122|56123|57717|85358,BDNF|DGKB|EPHA4|GABRB3|GLRB|INSR|MAP1B|PTPRD|CNTN2|PPFIA2|NRP2|NEURL1|FRMPD4|IL1RAPL1|SHANK2|IGSF9B|PLXNB2|SYBU|PCDHB14|PCDHB13|PCDHB16|SHANK3,-1.6,hits
GO Biological Processes,19,GO:0043009,chordate embryonic development,-4.2,2.2,4.5,24155,629,503,29,5.8,1,639|2294|2737|3198|3201|4188|4242|4846|5076|5155|6422|6659|6926|7291|7483|8313|9464|10454|23242|23654|50515|51176|57619|64168|79805|84525|157506|286204|374900,PRDM1|FOXF1|GLI3|HOXA1|HOXA4|MDFI|MFNG|NOS3|PAX2|PDGFB|SFRP1|SOX4|TBX3|TWIST1|WNT9A|AXIN2|HAND2|TAB1|COBL|PLXNB2|CHST11|LEF1|SHROOM3|NECAB1|VASH2|HOPX|RDH10|CRB2|ZNF568,-1.5,hits
GO Biological Processes,19,GO:0048048,embryonic eye morphogenesis,-4.2,8.5,6.4,24155,34,503,6,1.2,0.48,2202|5076|6496|7291|51384|64220,EFEMP1|PAX2|SIX3|TWIST1|WNT16|STRA6,-1.5,hits
GO Biological Processes,19,GO:0048762,mesenchymal cell differentiation,-4.2,3.3,4.9,24155,221,503,15,3,0.76,5076|6422|7291|8313|8828|9464|9965|10252|26585|51176|51384|56920|80031|157506|286204,PAX2|SFRP1|TWIST1|AXIN2|NRP2|HAND2|FGF19|SPRY1|GREM1|LEF1|WNT16|SEMA3G|SEMA6D|RDH10|CRB2,-1.5,hits
GO Biological Processes,19,GO:0042692,muscle cell differentiation,-4.1,2.6,4.6,24155,387,503,21,4.2,0.89,627|1491|2294|3845|4773|5155|5600|5999|6300|6926|7345|10529|26585|27063|29767|57538|57817|64091|93145|115701|150094,BDNF|CTH|FOXF1|KRAS|NFATC2|PDGFB|MAPK11|RGS4|MAPK12|TBX3|UCHL1|NEBL|GREM1|ANKRD1|TMOD2|ALPK3|HAMP|POPDC2|OLFM2|ALPK2|SIK1,-1.5,hits
GO Biological Processes,19,GO:0060900,embryonic camera-type eye formation,-4.1,16,7.6,24155,12,503,4,0.8,0.4,5076|7291|51384|64220,PAX2|TWIST1|WNT16|STRA6,-1.5,hits
GO Biological Processes,19,GO:0060485,mesenchyme development,-4.1,2.9,4.7,24155,279,503,17,3.4,0.81,2294|4846|5076|6422|7291|8313|8828|9464|9965|10252|26585|51176|51384|56920|80031|157506|286204,FOXF1|NOS3|PAX2|SFRP1|TWIST1|AXIN2|NRP2|HAND2|FGF19|SPRY1|GREM1|LEF1|WNT16|SEMA3G|SEMA6D|RDH10|CRB2,-1.4,hits
GO Biological Processes,19,GO:0010976,positive regulation of neuron projection development,-4,2.9,4.7,24155,281,503,17,3.4,0.81,627|1272|2043|2242|4131|5789|7436|7852|9148|11075|11141|22941|23242|23654|27063|57611|85358,BDNF|CNTN1|EPHA4|FES|MAP1B|PTPRD|VLDLR|CXCR4|NEURL1|STMN2|IL1RAPL1|SHANK2|COBL|PLXNB2|ANKRD1|ISLR2|SHANK3,-1.4,hits
GO Biological Processes,19,GO:0034695,response to prostaglandin E,-4,10,6.6,24155,23,503,5,0.99,0.44,15|2796|5732|5734|6422,AANAT|GNRH1|PTGER2|PTGER4|SFRP1,-1.4,hits
GO Biological Processes,19,GO:0007423,sensory organ development,-4,2.3,4.4,24155,548,503,26,5.2,0.99,357|639|654|2043|2202|2562|2706|2737|3198|3624|5076|6496|7291|7483|8022|9464|9890|9997|10002|22989|27151|51176|51384|54845|64220|157506,SHROOM2|PRDM1|BMP6|EPHA4|EFEMP1|GABRB3|GJB2|GLI3|HOXA1|INHBA|PAX2|SIX3|TWIST1|WNT9A|LHX3|HAND2|PLPPR4|SCO2|NR2E3|MYH15|CPAMD8|LEF1|WNT16|ESRP1|STRA6|RDH10,-1.4,hits
GO Biological Processes,19,GO:0003006,developmental process involved in reproduction,-4,2.1,4.3,24155,677,503,30,6,1.1,174|639|654|1588|1602|2706|2737|2796|3624|3643|3645|4188|4846|5047|5139|5155|6422|6926|8022|8728|9148|26471|51176|54456|56956|64220|79805|132625|157506|374900,AFP|PRDM1|BMP6|CYP19A1|DACH1|GJB2|GLI3|GNRH1|INHBA|INSR|INSRR|MDFI|NOS3|PAEP|PDE3A|PDGFB|SFRP1|TBX3|LHX3|ADAM19|NEURL1|NUPR1|LEF1|MOV10L1|LHX9|STRA6|VASH2|ZFP42|RDH10|ZNF568,-1.4,hits
GO Biological Processes,19,GO:0001501,skeletal system development,-4,2.3,4.4,24155,518,503,25,5,0.97,654|864|1462|2202|2737|3198|3201|4188|5251|5734|6422|6659|6926|7291|7373|7483|8313|9464|26585|50515|60676|85477|150356|157506|389125,BMP6|RUNX3|VCAN|EFEMP1|GLI3|HOXA1|HOXA4|MDFI|PHEX|PTGER4|SFRP1|SOX4|TBX3|TWIST1|COL14A1|WNT9A|AXIN2|HAND2|GREM1|CHST11|PAPPA2|SCIN|CHADL|RDH10|MUSTN1,-1.4,hits
GO Biological Processes,19,GO:0007611,learning or memory,-4,3,4.7,24155,256,503,16,3.2,0.78,107|627|1959|2925|3643|3845|6529|6900|7436|8701|9162|22941|23542|29767|64220|85358,ADCY1|BDNF|EGR2|GRPR|INSR|KRAS|SLC6A1|CNTN2|VLDLR|DNAH11|DGKI|SHANK2|MAPK8IP2|TMOD2|STRA6|SHANK3,-1.4,hits
GO Biological Processes,19,GO:0031076,embryonic camera-type eye development,-4,7.8,6,24155,37,503,6,1.2,0.48,5076|6496|7291|51384|64220|157506,PAX2|SIX3|TWIST1|WNT16|STRA6|RDH10,-1.4,hits
Reactome Gene Sets,6,R-HSA-422475,Axon guidance,-4,2.3,4.4,24155,553,503,26,5.2,0.99,776|1272|2043|2051|2242|2674|3845|5600|6192|6300|6328|6710|6900|7223|7436|7852|7903|8022|8828|10382|56956|59277|79784|80031|85358|116986,CACNA1D|CNTN1|EPHA4|EPHB6|FES|GFRA1|KRAS|MAPK11|RPS4Y1|MAPK12|SCN3A|SPTB|CNTN2|TRPC4|VLDLR|CXCR4|ST8SIA4|LHX3|NRP2|TUBB4A|LHX9|NTN4|MYH14|SEMA6D|SHANK3|AGAP2,-1.4,hits
Canonical Pathways,11,M5885,NABA MATRISOME ASSOCIATED,-3.9,2,4.2,24155,753,503,32,6.4,1.1,627|654|1469|1472|2162|3083|3606|3624|4588|5155|6286|6422|7483|8728|9965|9982|23654|26585|27151|51129|51378|51384|56920|60676|80031|80310|92949|114794|114899|118856|170691|348174,BDNF|BMP6|CST1|CST4|F13A1|HGFAC|IL18|INHBA|MUC6|PDGFB|S100P|SFRP1|WNT9A|ADAM19|FGF19|FGFBP1|PLXNB2|GREM1|CPAMD8|ANGPTL4|ANGPT4|WNT16|SEMA3G|PAPPA2|SEMA6D|PDGFD|ADAMTSL1|ELFN2|C1QTNF3|MMP21|ADAMTS17|CLEC18A,-1.4,hits
GO Biological Processes,19,GO:0061035,regulation of cartilage development,-3.9,5.3,5.4,24155,72,503,8,1.6,0.56,654|2202|2737|7483|8313|26585|85477|150356,BMP6|EFEMP1|GLI3|WNT9A|AXIN2|GREM1|SCIN|CHADL,-1.4,hits
GO Biological Processes,19,GO:1900006,positive regulation of dendrite development,-3.8,5.2,5.3,24155,74,503,8,1.6,0.56,2043|5789|7436|9148|11141|22941|23242|85358,EPHA4|PTPRD|VLDLR|NEURL1|IL1RAPL1|SHANK2|COBL|SHANK3,-1.3,hits
GO Biological Processes,19,GO:0003002,regionalization,-3.8,2.6,4.4,24155,351,503,19,3.8,0.85,1959|2294|2737|3201|4188|5076|6422|6496|6926|8022|8313|8828|10252|23242|26585|51176|123872|286204|344022,EGR2|FOXF1|GLI3|HOXA4|MDFI|PAX2|SFRP1|SIX3|TBX3|LHX3|AXIN2|NRP2|SPRY1|COBL|GREM1|LEF1|DNAAF1|CRB2|NOTO,-1.3,hits
GO Biological Processes,19,GO:0050890,cognition,-3.8,2.8,4.4,24155,296,503,17,3.4,0.81,107|627|1959|2925|3198|3643|3845|6529|6900|7436|8701|9162|22941|23542|29767|64220|85358,ADCY1|BDNF|EGR2|GRPR|HOXA1|INSR|KRAS|SLC6A1|CNTN2|VLDLR|DNAH11|DGKI|SHANK2|MAPK8IP2|TMOD2|STRA6|SHANK3,-1.2,hits
GO Biological Processes,19,GO:0048596,embryonic camera-type eye morphogenesis,-3.8,9.2,6.1,24155,26,503,5,0.99,0.44,5076|6496|7291|51384|64220,PAX2|SIX3|TWIST1|WNT16|STRA6,-1.2,hits
Reactome Gene Sets,6,R-HSA-114508,Effects of PIP2 hydrolysis,-3.7,8.9,6,24155,27,503,5,0.99,0.44,1607|3708|9162|10125|10235,DGKB|ITPR1|DGKI|RASGRP1|RASGRP2,-1.2,hits
GO Biological Processes,19,GO:0021675,nerve development,-3.6,4.9,5,24155,79,503,8,1.6,0.56,627|1959|2562|2737|3198|3676|5076|8828,BDNF|EGR2|GABRB3|GLI3|HOXA1|ITGA4|PAX2|NRP2,-1.1,hits
GO Biological Processes,19,GO:0035282,segmentation,-3.6,4.3,4.9,24155,100,503,9,1.8,0.59,1959|2294|6422|6926|8313|8828|23242|51176|286204,EGR2|FOXF1|SFRP1|TBX3|AXIN2|NRP2|COBL|LEF1|CRB2,-1.1,hits
GO Biological Processes,19,GO:0030324,lung development,-3.6,3.4,4.5,24155,172,503,12,2.4,0.68,2294|2737|3845|4846|5251|8022|10252|10454|64220|64759|123872|157506,FOXF1|GLI3|KRAS|NOS3|PHEX|LHX3|SPRY1|TAB1|STRA6|TNS3|DNAAF1|RDH10,-1.1,hits
GO Biological Processes,19,GO:0060541,respiratory system development,-3.6,3.2,4.4,24155,198,503,13,2.6,0.71,2294|2737|3845|4846|5251|8022|10252|10454|51176|64220|64759|123872|157506,FOXF1|GLI3|KRAS|NOS3|PHEX|LHX3|SPRY1|TAB1|LEF1|STRA6|TNS3|DNAAF1|RDH10,-1.1,hits
GO Biological Processes,19,GO:0048592,eye morphogenesis,-3.5,3.5,4.5,24155,149,503,11,2.2,0.65,357|639|2202|2737|5076|6496|7291|7483|10002|51384|64220,SHROOM2|PRDM1|EFEMP1|GLI3|PAX2|SIX3|TWIST1|WNT9A|NR2E3|WNT16|STRA6,-1.1,hits
GO Biological Processes,19,GO:1903530,regulation of secretion by cell,-3.5,2,3.9,24155,757,503,31,6.2,1.1,107|654|776|945|1113|1136|1588|2150|2242|2294|3624|3651|3708|5047|5413|5600|5734|6422|6659|7100|7291|8499|9162|10125|11141|23086|27063|55638|114899|130399|284297,ADCY1|BMP6|CACNA1D|CD33|CHGA|CHRNA3|CYP19A1|F2RL1|FES|FOXF1|INHBA|PDX1|ITPR1|PAEP|SEPTIN5|MAPK11|PTGER4|SFRP1|SOX4|TLR5|TWIST1|PPFIA2|DGKI|RASGRP1|IL1RAPL1|EXPH5|ANKRD1|SYBU|C1QTNF3|ACVR1C|SSC5D,-1.1,hits
GO Biological Processes,19,GO:0021602,cranial nerve morphogenesis,-3.5,8.3,5.7,24155,29,503,5,0.99,0.44,1959|2737|3198|5076|8828,EGR2|GLI3|HOXA1|PAX2|NRP2,-1.1,hits
GO Biological Processes,19,GO:0030198,extracellular matrix organization,-3.5,2.5,4.1,24155,370,503,19,3.8,0.85,165|1306|1462|2294|3676|3909|4811|5155|7087|7373|8728|11005|26585|59277|84168|118856|133584|150356|440387,AEBP1|COL15A1|VCAN|FOXF1|ITGA4|LAMA3|NID1|PDGFB|ICAM5|COL14A1|ADAM19|SPINK5|GREM1|NTN4|ANTXR1|MMP21|EGFLAM|CHADL|CTRB2,-1.1,hits
GO Biological Processes,19,GO:0043405,regulation of MAP kinase activity,-3.5,2.5,4.2,24155,341,503,18,3.6,0.83,1844|2043|2321|2357|3643|3845|5155|5600|5999|6422|7345|7852|10125|10252|10454|29969|54769|80310,DUSP2|EPHA4|FLT1|FPR1|INSR|KRAS|PDGFB|MAPK11|RGS4|SFRP1|UCHL1|CXCR4|RASGRP1|SPRY1|TAB1|MDFIC|DIRAS2|PDGFD,-1,hits
GO Biological Processes,19,GO:0030323,respiratory tube development,-3.5,3.3,4.4,24155,176,503,12,2.4,0.68,2294|2737|3845|4846|5251|8022|10252|10454|64220|64759|123872|157506,FOXF1|GLI3|KRAS|NOS3|PHEX|LHX3|SPRY1|TAB1|STRA6|TNS3|DNAAF1|RDH10,-1,hits
GO Biological Processes,19,GO:0010975,regulation of neuron projection development,-3.4,2.2,4,24155,499,503,23,4.6,0.93,627|1136|1272|2043|2242|4131|5789|6422|6900|7025|7436|7852|9148|11075|11141|22941|23242|23654|27063|56920|57611|80031|85358,BDNF|CHRNA3|CNTN1|EPHA4|FES|MAP1B|PTPRD|SFRP1|CNTN2|NR2F1|VLDLR|CXCR4|NEURL1|STMN2|IL1RAPL1|SHANK2|COBL|PLXNB2|ANKRD1|SEMA3G|ISLR2|SEMA6D|SHANK3,-1,hits
Reactome Gene Sets,6,R-HSA-9006934,Signaling by Receptor Tyrosine Kinases,-3.4,2.2,4,24155,471,503,22,4.4,0.91,627|2242|2321|2562|3083|3643|3708|3845|3909|4846|5155|5600|6300|8828|9844|9965|9982|10252|54845|64759|80310|84951,BDNF|FES|FLT1|GABRB3|HGFAC|INSR|ITPR1|KRAS|LAMA3|NOS3|PDGFB|MAPK11|MAPK12|NRP2|ELMO1|FGF19|FGFBP1|SPRY1|ESRP1|TNS3|PDGFD|TNS4,-0.97,hits
GO Biological Processes,19,GO:0060537,muscle tissue development,-3.4,2.3,4,24155,409,503,20,4,0.87,1959|2139|5600|5999|6926|7291|9148|10529|22989|26471|26585|27063|51176|57538|57817|64091|64220|79784|115701|150094,EGR2|EYA2|MAPK11|RGS4|TBX3|TWIST1|NEURL1|NEBL|MYH15|NUPR1|GREM1|ANKRD1|LEF1|ALPK3|HAMP|POPDC2|STRA6|MYH14|ALPK2|SIK1,-0.96,hits
GO Biological Processes,19,GO:0034694,response to prostaglandin,-3.4,7.7,5.5,24155,31,503,5,0.99,0.44,15|2796|5732|5734|6422,AANAT|GNRH1|PTGER2|PTGER4|SFRP1,-0.96,hits
GO Biological Processes,19,GO:0099565,"chemical synaptic transmission, postsynaptic",-3.4,4,4.6,24155,108,503,9,1.8,0.59,1136|2562|2743|5999|9162|22941|22997|23542|85358,CHRNA3|GABRB3|GLRB|RGS4|DGKI|SHANK2|IGSF9B|MAPK8IP2|SHANK3,-0.95,hits
GO Biological Processes,19,GO:0002009,morphogenesis of an epithelium,-3.3,2.1,3.9,24155,540,503,24,4.8,0.95,2043|2294|2737|3651|3845|3868|3909|5076|6422|6659|6926|7291|7852|9464|10252|23242|23654|51176|51384|57619|59277|123872|157506|344022,EPHA4|FOXF1|GLI3|PDX1|KRAS|KRT16|LAMA3|PAX2|SFRP1|SOX4|TBX3|TWIST1|CXCR4|HAND2|SPRY1|COBL|PLXNB2|LEF1|WNT16|SHROOM3|NTN4|DNAAF1|RDH10|NOTO,-0.94,hits
Reactome Gene Sets,6,R-HSA-112316,Neuronal System,-3.3,2.3,4,24155,413,503,20,4,0.87,107|1136|2562|2743|2788|3761|3778|3845|5789|6505|6512|6529|8499|10382|11141|22941|51305|57576|83988|85358,ADCY1|CHRNA3|GABRB3|GLRB|GNG7|KCNJ4|KCNMA1|KRAS|PTPRD|SLC1A1|SLC1A7|SLC6A1|PPFIA2|TUBB4A|IL1RAPL1|SHANK2|KCNK9|KIF17|NCALD|SHANK3,-0.94,hits
Reactome Gene Sets,6,R-HSA-4411364,Binding of TCF/LEF:CTNNB1 to target gene promoters,-3.3,18,7,24155,8,503,3,0.6,0.34,864|8313|51176,RUNX3|AXIN2|LEF1,-0.94,hits
GO Biological Processes,19,GO:0048589,developmental growth,-3.3,2,3.8,24155,674,503,28,5.6,1,627|1588|2737|3643|3676|4131|5600|5999|6422|7373|7852|8828|9201|10252|22941|23242|50515|54440|55841|56920|57611|57817|64220|80031|85358|127343|157506|389125,BDNF|CYP19A1|GLI3|INSR|ITGA4|MAP1B|MAPK11|RGS4|SFRP1|COL14A1|CXCR4|NRP2|DCLK1|SPRY1|SHANK2|COBL|CHST11|SASH3|WWC3|SEMA3G|ISLR2|HAMP|STRA6|SEMA6D|SHANK3|DMBX1|RDH10|MUSTN1,-0.94,hits
GO Biological Processes,19,GO:0051216,cartilage development,-3.3,3,4.2,24155,209,503,13,2.6,0.71,654|864|2202|2737|7373|7483|8313|9464|26585|50515|85477|150356|389125,BMP6|RUNX3|EFEMP1|GLI3|COL14A1|WNT9A|AXIN2|HAND2|GREM1|CHST11|SCIN|CHADL|MUSTN1,-0.94,hits
GO Biological Processes,19,GO:0051705,multi-organism behavior,-3.3,5,4.8,24155,67,503,7,1.4,0.52,1602|2925|5413|9464|22941|23542|85358,DACH1|GRPR|SEPTIN5|HAND2|SHANK2|MAPK8IP2|SHANK3,-0.93,hits
GO Biological Processes,19,GO:0048705,skeletal system morphogenesis,-3.3,2.8,4.1,24155,239,503,14,2.8,0.73,654|2737|3198|3201|4188|6422|7291|7373|7483|8313|26585|50515|60676|157506,BMP6|GLI3|HOXA1|HOXA4|MDFI|SFRP1|TWIST1|COL14A1|WNT9A|AXIN2|GREM1|CHST11|PAPPA2|RDH10,-0.9,hits
GO Biological Processes,19,GO:0048167,regulation of synaptic plasticity,-3.2,3.1,4.2,24155,187,503,12,2.4,0.68,107|1959|2043|3845|4131|6900|9145|9148|9162|22941|85358|392862,ADCY1|EGR2|EPHA4|KRAS|MAP1B|CNTN2|SYNGR1|NEURL1|DGKI|SHANK2|SHANK3|GRID2IP,-0.87,hits
GO Biological Processes,19,GO:0007548,sex differentiation,-3.2,2.7,4,24155,270,503,15,3,0.76,174|654|1588|1602|2796|3624|3643|4846|6422|6926|26471|56956|64220|132625|157506,AFP|BMP6|CYP19A1|DACH1|GNRH1|INHBA|INSR|NOS3|SFRP1|TBX3|NUPR1|LHX9|STRA6|ZFP42|RDH10,-0.87,hits
GO Biological Processes,19,GO:0014706,striated muscle tissue development,-3.2,2.3,3.9,24155,391,503,19,3.8,0.85,1959|2139|5600|5999|6926|7291|9148|10529|22989|26471|26585|27063|51176|57538|57817|64091|79784|115701|150094,EGR2|EYA2|MAPK11|RGS4|TBX3|TWIST1|NEURL1|NEBL|MYH15|NUPR1|GREM1|ANKRD1|LEF1|ALPK3|HAMP|POPDC2|MYH14|ALPK2|SIK1,-0.85,hits
GO Biological Processes,19,GO:0014033,neural crest cell differentiation,-3.2,4.2,4.5,24155,91,503,8,1.6,0.56,6422|7291|8828|9464|9965|56920|80031|157506,SFRP1|TWIST1|NRP2|HAND2|FGF19|SEMA3G|SEMA6D|RDH10,-0.84,hits
GO Biological Processes,19,GO:0045596,negative regulation of cell differentiation,-3.2,1.9,3.7,24155,757,503,30,6,1.1,627|864|2043|2202|2737|2796|3606|3624|3845|4773|5047|5155|5999|6422|6496|6900|6926|7025|7291|7483|8313|9464|11075|23532|26585|56920|80031|84525|84959|150356,BDNF|RUNX3|EPHA4|EFEMP1|GLI3|GNRH1|IL18|INHBA|KRAS|NFATC2|PAEP|PDGFB|RGS4|SFRP1|SIX3|CNTN2|TBX3|NR2F1|TWIST1|WNT9A|AXIN2|HAND2|STMN2|PRAME|GREM1|SEMA3G|SEMA6D|HOPX|UBASH3B|CHADL,-0.84,hits
GO Biological Processes,19,GO:0045664,regulation of neuron differentiation,-3.2,2,3.7,24155,656,503,27,5.4,1,627|654|1136|1272|2043|2242|2737|4131|5789|6422|6496|6900|7025|7436|7852|9148|11075|11141|22941|23242|23654|27063|54845|56920|57611|80031|85358,BDNF|BMP6|CHRNA3|CNTN1|EPHA4|FES|GLI3|MAP1B|PTPRD|SFRP1|SIX3|CNTN2|NR2F1|VLDLR|CXCR4|NEURL1|STMN2|IL1RAPL1|SHANK2|COBL|PLXNB2|ANKRD1|ESRP1|SEMA3G|ISLR2|SEMA6D|SHANK3,-0.83,hits
Reactome Gene Sets,6,R-HSA-391908,Prostanoid ligand receptors,-3.2,16,6.6,24155,9,503,3,0.6,0.34,5731|5732|5734,PTGER1|PTGER2|PTGER4,-0.83,hits
GO Biological Processes,19,GO:0045859,regulation of protein kinase activity,-3.2,1.9,3.6,24155,796,503,31,6.2,1.1,107|627|1136|1844|2043|2167|2321|2357|3606|3643|3845|5155|5600|5999|6422|7345|7436|7852|9148|10125|10252|10454|26585|29969|51378|54769|64798|80310|84959|94032|245711,ADCY1|BDNF|CHRNA3|DUSP2|EPHA4|FABP4|FLT1|FPR1|IL18|INSR|KRAS|PDGFB|MAPK11|RGS4|SFRP1|UCHL1|VLDLR|CXCR4|NEURL1|RASGRP1|SPRY1|TAB1|GREM1|MDFIC|ANGPT4|DIRAS2|DEPTOR|PDGFD|UBASH3B|CAMK2N2|SPDYA,-0.83,hits
GO Biological Processes,19,GO:0007601,visual perception,-3.2,2.9,4,24155,218,503,13,2.6,0.71,24|2202|2743|5076|6017|6496|10002|11272|11281|50939|83872|93145|157506,ABCA4|EFEMP1|GLRB|PAX2|RLBP1|SIX3|NR2E3|PRR4|POU6F2|IMPG2|HMCN1|OLFM2|RDH10,-0.83,hits
Canonical Pathways,11,M5884,NABA CORE MATRISOME,-3.2,2.6,3.9,24155,275,503,15,3,0.76,165|1306|1462|2202|3909|4811|7373|10085|50939|59277|83872|90113|133584|150356|200403,AEBP1|COL15A1|VCAN|EFEMP1|LAMA3|NID1|COL14A1|EDIL3|IMPG2|NTN4|HMCN1|VWA5B2|EGFLAM|CHADL|VWA3B,-0.83,hits
GO Biological Processes,19,GO:0061448,connective tissue development,-3.2,2.6,3.9,24155,275,503,15,3,0.76,654|864|2202|2737|5155|7373|7483|8313|9464|26585|50515|80310|85477|150356|389125,BMP6|RUNX3|EFEMP1|GLI3|PDGFB|COL14A1|WNT9A|AXIN2|HAND2|GREM1|CHST11|PDGFD|SCIN|CHADL|MUSTN1,-0.83,hits
GO Biological Processes,19,GO:0048168,regulation of neuronal synaptic plasticity,-3.1,5.5,4.8,24155,52,503,6,1.2,0.48,1959|3845|6900|9145|9148|85358,EGR2|KRAS|CNTN2|SYNGR1|NEURL1|SHANK3,-0.83,hits
GO Biological Processes,19,GO:0048704,embryonic skeletal system morphogenesis,-3.1,4.1,4.4,24155,93,503,8,1.6,0.56,2737|3198|3201|4188|7291|7483|50515|157506,GLI3|HOXA1|HOXA4|MDFI|TWIST1|WNT9A|CHST11|RDH10,-0.83,hits
GO Biological Processes,19,GO:0043583,ear development,-3.1,2.9,4,24155,219,503,13,2.6,0.71,357|2043|2562|2706|2737|3198|5076|7291|8022|9890|54845|64220|157506,SHROOM2|EPHA4|GABRB3|GJB2|GLI3|HOXA1|PAX2|TWIST1|LHX3|PLPPR4|ESRP1|STRA6|RDH10,-0.83,hits
GO Biological Processes,19,GO:0051047,positive regulation of secretion,-3.1,2.2,3.8,24155,429,503,20,4,0.87,242|654|776|945|1588|2150|3624|3651|5047|5600|5734|6529|6659|7291|10125|23086|27063|55638|85477|114899,ALOX12B|BMP6|CACNA1D|CD33|CYP19A1|F2RL1|INHBA|PDX1|PAEP|MAPK11|PTGER4|SLC6A1|SOX4|TWIST1|RASGRP1|EXPH5|ANKRD1|SYBU|SCIN|C1QTNF3,-0.82,hits
GO Biological Processes,19,GO:0050953,sensory perception of light stimulus,-3.1,2.8,4,24155,222,503,13,2.6,0.71,24|2202|2743|5076|6017|6496|10002|11272|11281|50939|83872|93145|157506,ABCA4|EFEMP1|GLRB|PAX2|RLBP1|SIX3|NR2E3|PRR4|POU6F2|IMPG2|HMCN1|OLFM2|RDH10,-0.78,hits
GO Biological Processes,19,GO:0035051,cardiocyte differentiation,-3.1,3.1,4.1,24155,168,503,11,2.2,0.65,5999|6926|7291|9464|10252|10529|26585|57538|57817|115701|150094,RGS4|TBX3|TWIST1|HAND2|SPRY1|NEBL|GREM1|ALPK3|HAMP|ALPK2|SIK1,-0.78,hits
GO Biological Processes,19,GO:0045666,positive regulation of neuron differentiation,-3.1,2.3,3.8,24155,371,503,18,3.6,0.83,627|654|1272|2043|2242|4131|5789|7436|7852|9148|11075|11141|22941|23242|23654|27063|57611|85358,BDNF|BMP6|CNTN1|EPHA4|FES|MAP1B|PTPRD|VLDLR|CXCR4|NEURL1|STMN2|IL1RAPL1|SHANK2|COBL|PLXNB2|ANKRD1|ISLR2|SHANK3,-0.77,hits
GO Biological Processes,19,GO:0001701,in utero embryonic development,-3,2.3,3.7,24155,375,503,18,3.6,0.83,639|2294|2737|4188|4242|4846|5155|6926|7291|9464|10454|50515|51176|64168|79805|84525|157506|374900,PRDM1|FOXF1|GLI3|MDFI|MFNG|NOS3|PDGFB|TBX3|TWIST1|HAND2|TAB1|CHST11|LEF1|NECAB1|VASH2|HOPX|RDH10|ZNF568,-0.72,hits
GO Biological Processes,19,GO:0055123,digestive system development,-3,3.3,4,24155,146,503,10,2,0.62,639|1373|2294|2737|3643|3651|6422|23242|64220|123872,PRDM1|CPS1|FOXF1|GLI3|INSR|PDX1|SFRP1|COBL|STRA6|DNAAF1,-0.71,hits
Reactome Gene Sets,6,R-HSA-392154,Nitric oxide stimulates guanylate cyclase,-3,8.7,5.3,24155,22,503,4,0.8,0.4,3708|3778|4846|10846,ITPR1|KCNMA1|NOS3|PDE10A,-0.71,hits
GO Biological Processes,19,GO:0050708,regulation of protein secretion,-3,2.1,3.6,24155,474,503,21,4.2,0.89,654|776|945|1113|2150|3651|3708|5047|5600|5734|6422|6659|7100|7291|10125|23086|27063|55638|114899|130399|284297,BMP6|CACNA1D|CD33|CHGA|F2RL1|PDX1|ITPR1|PAEP|MAPK11|PTGER4|SFRP1|SOX4|TLR5|TWIST1|RASGRP1|EXPH5|ANKRD1|SYBU|C1QTNF3|ACVR1C|SSC5D,-0.7,hits
GO Biological Processes,19,GO:0014065,phosphatidylinositol 3-kinase signaling,-3,3.2,4,24155,148,503,10,2,0.62,2150|2321|3606|3643|5155|7291|10125|51384|57624|80310,F2RL1|FLT1|IL18|INSR|PDGFB|TWIST1|RASGRP1|WNT16|NYAP2|PDGFD,-0.68,hits
KEGG Pathway,24,hsa04611,Platelet activation,-3,3.5,4.1,24155,123,503,9,1.8,0.59,107|3708|4846|5600|6300|9002|10125|10235|54518,ADCY1|ITPR1|NOS3|MAPK11|MAPK12|F2RL3|RASGRP1|RASGRP2|APBB1IP,-0.68,hits
GO Biological Processes,19,GO:0048332,mesoderm morphogenesis,-3,4.4,4.3,24155,77,503,7,1.4,0.52,2139|2294|3624|5076|6926|51176|286204,EYA2|FOXF1|INHBA|PAX2|TBX3|LEF1|CRB2,-0.68,hits
KEGG Pathway,24,hsa04360,Axon guidance,-2.9,3,3.9,24155,175,503,11,2.2,0.65,2043|2051|2242|3845|4773|7223|7852|23654|56920|59277|80031,EPHA4|EPHB6|FES|KRAS|NFATC2|TRPC4|CXCR4|PLXNB2|SEMA3G|NTN4|SEMA6D,-0.68,hits
GO Biological Processes,19,GO:0060840,artery development,-2.9,3.8,4.2,24155,100,503,8,1.6,0.56,639|2294|2737|3198|6659|9464|10454|64220,PRDM1|FOXF1|GLI3|HOXA1|SOX4|HAND2|TAB1|STRA6,-0.68,hits
GO Biological Processes,19,GO:0014066,regulation of phosphatidylinositol 3-kinase signaling,-2.9,3.5,4,24155,124,503,9,1.8,0.59,2150|2321|3606|3643|5155|7291|10125|51384|80310,F2RL1|FLT1|IL18|INSR|PDGFB|TWIST1|RASGRP1|WNT16|PDGFD,-0.68,hits
GO Biological Processes,19,GO:0048514,blood vessel morphogenesis,-2.9,1.9,3.5,24155,682,503,27,5.4,1,639|1012|1306|2294|2321|3198|3606|4846|5787|6422|6659|7291|7852|7857|8828|9464|9982|10457|11005|26585|51129|51176|51378|64220|79400|79805|79924,PRDM1|CDH13|COL15A1|FOXF1|FLT1|HOXA1|IL18|NOS3|PTPRB|SFRP1|SOX4|TWIST1|CXCR4|SCG2|NRP2|HAND2|FGFBP1|GPNMB|SPINK5|GREM1|ANGPTL4|LEF1|ANGPT4|STRA6|NOX5|VASH2|ADM2,-0.68,hits
GO Biological Processes,19,GO:0071305,cellular response to vitamin D,-2.9,8.4,5.1,24155,23,503,4,0.8,0.4,1591|2242|5251|6422,CYP24A1|FES|PHEX|SFRP1,-0.68,hits
GO Biological Processes,19,GO:0032331,negative regulation of chondrocyte differentiation,-2.9,8.4,5.1,24155,23,503,4,0.8,0.4,2202|7483|26585|150356,EFEMP1|WNT9A|GREM1|CHADL,-0.68,hits
Reactome Gene Sets,6,R-HSA-2453902,The canonical retinoid cycle in rods (twilight vision),-2.9,8.4,5.1,24155,23,503,4,0.8,0.4,24|6017|64220|157506,ABCA4|RLBP1|STRA6|RDH10,-0.68,hits
GO Biological Processes,19,GO:0044057,regulation of system process,-2.9,2,3.5,24155,614,503,25,5,0.97,491|654|776|1113|1136|2150|3624|3708|3761|3778|4846|5155|5731|5732|5999|6505|9464|22941|22997|29995|57817|64091|85358|114899|388428,ATP2B2|BMP6|CACNA1D|CHGA|CHRNA3|F2RL1|INHBA|ITPR1|KCNJ4|KCNMA1|NOS3|PDGFB|PTGER1|PTGER2|RGS4|SLC1A1|HAND2|SHANK2|IGSF9B|LMCD1|HAMP|POPDC2|SHANK3|C1QTNF3|PVALEF,-0.68,hits
GO Biological Processes,19,GO:0016331,morphogenesis of embryonic epithelium,-2.9,3.2,3.9,24155,150,503,10,2,0.62,3651|5076|6422|6659|7291|23242|23654|51384|57619|157506,PDX1|PAX2|SFRP1|SOX4|TWIST1|COBL|PLXNB2|WNT16|SHROOM3|RDH10,-0.68,hits
GO Biological Processes,19,GO:0031346,positive regulation of cell projection organization,-2.9,2.3,3.6,24155,383,503,18,3.6,0.83,627|1272|2043|2150|2242|4131|5789|7436|7852|9148|11075|11141|22941|23242|23654|27063|57611|85358,BDNF|CNTN1|EPHA4|F2RL1|FES|MAP1B|PTPRD|VLDLR|CXCR4|NEURL1|STMN2|IL1RAPL1|SHANK2|COBL|PLXNB2|ANKRD1|ISLR2|SHANK3,-0.68,hits
GO Biological Processes,19,GO:0007416,synapse assembly,-2.9,3,3.9,24155,177,503,11,2.2,0.65,627|2562|4131|5789|11141|22941|23654|56122|56123|57717|85358,BDNF|GABRB3|MAP1B|PTPRD|IL1RAPL1|SHANK2|PLXNB2|PCDHB14|PCDHB13|PCDHB16|SHANK3,-0.67,hits
GO Biological Processes,19,GO:0001755,neural crest cell migration,-2.9,5,4.4,24155,58,503,6,1.2,0.48,7291|8828|9464|9965|56920|80031,TWIST1|NRP2|HAND2|FGF19|SEMA3G|SEMA6D,-0.67,hits
GO Biological Processes,19,GO:0021604,cranial nerve structural organization,-2.9,13,5.9,24155,11,503,3,0.6,0.34,1959|5076|8828,EGR2|PAX2|NRP2,-0.67,hits
GO Biological Processes,19,GO:0090193,positive regulation of glomerulus development,-2.9,13,5.9,24155,11,503,3,0.6,0.34,5076|5155|80310,PAX2|PDGFB|PDGFD,-0.67,hits
GO Biological Processes,19,GO:0060560,developmental growth involved in morphogenesis,-2.9,2.7,3.7,24155,235,503,13,2.6,0.71,627|3676|4131|6422|7852|8828|9201|10252|23242|56920|57611|80031|157506,BDNF|ITGA4|MAP1B|SFRP1|CXCR4|NRP2|DCLK1|SPRY1|COBL|SEMA3G|ISLR2|SEMA6D|RDH10,-0.65,hits
Canonical Pathways,11,M5887,NABA BASEMENT MEMBRANES,-2.9,6,4.6,24155,40,503,5,0.99,0.44,1306|3909|4811|59277|83872,COL15A1|LAMA3|NID1|NTN4|HMCN1,-0.65,hits
GO Biological Processes,19,GO:0071526,semaphorin-plexin signaling pathway,-2.9,6,4.6,24155,40,503,5,0.99,0.44,8828|9464|23654|56920|80031,NRP2|HAND2|PLXNB2|SEMA3G|SEMA6D,-0.65,hits
GO Biological Processes,19,GO:0048871,multicellular organismal homeostasis,-2.9,2.1,3.5,24155,485,503,21,4.2,0.89,24|107|242|654|1472|1734|2167|3606|3845|3868|4117|4588|4846|7852|11272|51085|54440|57817|83401|84959|283455,ABCA4|ADCY1|ALOX12B|BMP6|CST4|DIO2|FABP4|IL18|KRAS|KRT16|MAK|MUC6|NOS3|CXCR4|PRR4|MLXIPL|SASH3|HAMP|ELOVL3|UBASH3B|KSR2,-0.65,hits
GO Biological Processes,19,GO:0051146,striated muscle cell differentiation,-2.8,2.4,3.6,24155,295,503,15,3,0.76,627|3845|4773|5999|6926|7345|10529|26585|27063|29767|57538|57817|64091|115701|150094,BDNF|KRAS|NFATC2|RGS4|TBX3|UCHL1|NEBL|GREM1|ANKRD1|TMOD2|ALPK3|HAMP|POPDC2|ALPK2|SIK1,-0.65,hits
GO Biological Processes,19,GO:0009855,determination of bilateral symmetry,-2.8,3.4,3.9,24155,128,503,9,1.8,0.59,2294|6926|8701|9464|26585|115948|118856|123872|344022,FOXF1|TBX3|DNAH11|HAND2|GREM1|CCDC151|MMP21|DNAAF1|NOTO,-0.64,hits
GO Biological Processes,19,GO:0048015,phosphatidylinositol-mediated signaling,-2.8,2.9,3.8,24155,181,503,11,2.2,0.65,767|2150|2321|3606|3643|5155|7291|10125|51384|57624|80310,CA8|F2RL1|FLT1|IL18|INSR|PDGFB|TWIST1|RASGRP1|WNT16|NYAP2|PDGFD,-0.63,hits
GO Biological Processes,19,GO:0009799,specification of symmetry,-2.8,3.4,3.9,24155,129,503,9,1.8,0.59,2294|6926|8701|9464|26585|115948|118856|123872|344022,FOXF1|TBX3|DNAH11|HAND2|GREM1|CCDC151|MMP21|DNAAF1|NOTO,-0.62,hits
GO Biological Processes,19,GO:0014032,neural crest cell development,-2.8,4.1,4.1,24155,82,503,7,1.4,0.52,7291|8828|9464|9965|56920|80031|157506,TWIST1|NRP2|HAND2|FGF19|SEMA3G|SEMA6D|RDH10,-0.61,hits
GO Biological Processes,19,GO:0043062,extracellular structure organization,-2.8,2.1,3.5,24155,425,503,19,3.8,0.85,165|1306|1462|2294|3676|3909|4811|5155|7087|7373|8728|11005|26585|59277|84168|118856|133584|150356|440387,AEBP1|COL15A1|VCAN|FOXF1|ITGA4|LAMA3|NID1|PDGFB|ICAM5|COL14A1|ADAM19|SPINK5|GREM1|NTN4|ANTXR1|MMP21|EGFLAM|CHADL|CTRB2,-0.61,hits
GO Biological Processes,19,GO:0050714,positive regulation of protein secretion,-2.8,2.5,3.6,24155,269,503,14,2.8,0.73,654|945|2150|3651|5047|5600|5734|6659|7291|10125|23086|27063|55638|114899,BMP6|CD33|F2RL1|PDX1|PAEP|MAPK11|PTGER4|SOX4|TWIST1|RASGRP1|EXPH5|ANKRD1|SYBU|C1QTNF3,-0.61,hits
GO Biological Processes,19,GO:0009306,protein secretion,-2.8,1.9,3.4,24155,593,503,24,4.8,0.95,654|776|945|1113|2150|3651|3708|5047|5600|5734|6422|6659|7100|7291|7857|10125|23086|27063|55638|79400|93145|114899|130399|284297,BMP6|CACNA1D|CD33|CHGA|F2RL1|PDX1|ITPR1|PAEP|MAPK11|PTGER4|SFRP1|SOX4|TLR5|TWIST1|SCG2|RASGRP1|EXPH5|ANKRD1|SYBU|NOX5|OLFM2|C1QTNF3|ACVR1C|SSC5D,-0.61,hits
GO Biological Processes,19,GO:0051147,regulation of muscle cell differentiation,-2.8,2.9,3.7,24155,183,503,11,2.2,0.65,627|1491|4773|5155|5600|5999|6300|26585|57817|93145|150094,BDNF|CTH|NFATC2|PDGFB|MAPK11|RGS4|MAPK12|GREM1|HAMP|OLFM2|SIK1,-0.61,hits
GO Biological Processes,19,GO:0120035,regulation of plasma membrane bounded cell projection organization,-2.8,1.9,3.4,24155,698,503,27,5.4,1,627|1136|1272|2043|2150|2242|4117|4131|5789|6422|6900|7025|7436|7852|9148|11075|11141|22941|23242|23654|27063|56920|57611|80031|85358|115948|344022,BDNF|CHRNA3|CNTN1|EPHA4|F2RL1|FES|MAK|MAP1B|PTPRD|SFRP1|CNTN2|NR2F1|VLDLR|CXCR4|NEURL1|STMN2|IL1RAPL1|SHANK2|COBL|PLXNB2|ANKRD1|SEMA3G|ISLR2|SEMA6D|SHANK3|CCDC151|NOTO,-0.61,hits
GO Biological Processes,19,GO:1904861,excitatory synapse assembly,-2.8,7.7,4.9,24155,25,503,4,0.8,0.4,5789|22941|23654|85358,PTPRD|SHANK2|PLXNB2|SHANK3,-0.61,hits
GO Biological Processes,19,GO:0048645,animal organ formation,-2.8,4.7,4.2,24155,61,503,6,1.2,0.48,2737|5076|8313|9464|10252|157506,GLI3|PAX2|AXIN2|HAND2|SPRY1|RDH10,-0.61,hits
GO Biological Processes,19,GO:0001654,eye development,-2.8,2.3,3.5,24155,362,503,17,3.4,0.81,357|639|654|2202|2737|3624|5076|6496|7291|7483|9997|10002|22989|27151|51384|64220|157506,SHROOM2|PRDM1|BMP6|EFEMP1|GLI3|INHBA|PAX2|SIX3|TWIST1|WNT9A|SCO2|NR2E3|MYH15|CPAMD8|WNT16|STRA6|RDH10,-0.61,hits
GO Biological Processes,19,GO:0048017,inositol lipid-mediated signaling,-2.8,2.9,3.7,24155,184,503,11,2.2,0.65,767|2150|2321|3606|3643|5155|7291|10125|51384|57624|80310,CA8|F2RL1|FLT1|IL18|INSR|PDGFB|TWIST1|RASGRP1|WNT16|NYAP2|PDGFD,-0.61,hits
GO Biological Processes,19,GO:0097090,presynaptic membrane organization,-2.8,12,5.6,24155,12,503,3,0.6,0.34,5789|6900|11141,PTPRD|CNTN2|IL1RAPL1,-0.61,hits
KEGG Pathway,24,hsa05200,Pathways in cancer,-2.8,2.2,3.5,24155,395,503,18,3.6,0.83,107|2737|2788|3845|3909|5155|5731|5732|5734|7483|7852|8313|9002|9965|10125|10235|51176|51384,ADCY1|GLI3|GNG7|KRAS|LAMA3|PDGFB|PTGER1|PTGER2|PTGER4|WNT9A|CXCR4|AXIN2|F2RL3|FGF19|RASGRP1|RASGRP2|LEF1|WNT16,-0.61,hits
GO Biological Processes,19,GO:0018108,peptidyl-tyrosine phosphorylation,-2.8,2.2,3.5,24155,364,503,17,3.4,0.81,627|654|1272|2043|2051|2202|2242|2321|3606|3643|3645|5155|6422|9148|26585|51378|80310,BDNF|BMP6|CNTN1|EPHA4|EPHB6|EFEMP1|FES|FLT1|IL18|INSR|INSRR|PDGFB|SFRP1|NEURL1|GREM1|ANGPT4|PDGFD,-0.6,hits
Reactome Gene Sets,6,R-HSA-194138,Signaling by VEGF,-2.7,3.6,3.9,24155,107,503,8,1.6,0.56,2321|3708|3845|4846|5600|6300|8828|9844,FLT1|ITPR1|KRAS|NOS3|MAPK11|MAPK12|NRP2|ELMO1,-0.6,hits
Reactome Gene Sets,6,R-HSA-112315,Transmission across Chemical Synapses,-2.7,2.5,3.6,24155,272,503,14,2.8,0.73,107|1136|2562|2743|2788|3761|3845|6505|6512|6529|8499|10382|57576|83988,ADCY1|CHRNA3|GABRB3|GLRB|GNG7|KCNJ4|KRAS|SLC1A1|SLC1A7|SLC6A1|PPFIA2|TUBB4A|KIF17|NCALD,-0.6,hits
GO Biological Processes,19,GO:0043408,regulation of MAPK cascade,-2.7,1.8,3.3,24155,774,503,29,5.8,1,242|654|1844|2043|2150|2321|2357|3624|3643|3845|5155|5600|5999|6422|7345|7852|9464|9965|10125|10252|10454|10457|23542|23779|26585|29969|51384|54769|80310,ALOX12B|BMP6|DUSP2|EPHA4|F2RL1|FLT1|FPR1|INHBA|INSR|KRAS|PDGFB|MAPK11|RGS4|SFRP1|UCHL1|CXCR4|HAND2|FGF19|RASGRP1|SPRY1|TAB1|GPNMB|MAPK8IP2|ARHGAP8|GREM1|MDFIC|WNT16|DIRAS2|PDGFD,-0.6,hits
GO Biological Processes,19,GO:0070848,response to growth factor,-2.7,1.8,3.3,24155,739,503,28,5.6,1,627|654|864|1373|1644|2321|3643|4131|5076|5139|5155|6422|7291|8828|9965|9982|10252|10454|11075|26585|27063|50515|51176|54845|56937|80310|130399|286204,BDNF|BMP6|RUNX3|CPS1|DDC|FLT1|INSR|MAP1B|PAX2|PDE3A|PDGFB|SFRP1|TWIST1|NRP2|FGF19|FGFBP1|SPRY1|TAB1|STMN2|GREM1|ANKRD1|CHST11|LEF1|ESRP1|PMEPA1|PDGFD|ACVR1C|CRB2,-0.6,hits
GO Biological Processes,19,GO:0050886,endocrine process,-2.7,4,4,24155,84,503,7,1.4,0.52,654|2150|3624|3845|4846|6926|114899,BMP6|F2RL1|INHBA|KRAS|NOS3|TBX3|C1QTNF3,-0.6,hits
GO Biological Processes,19,GO:0150063,visual system development,-2.7,2.2,3.5,24155,366,503,17,3.4,0.81,357|639|654|2202|2737|3624|5076|6496|7291|7483|9997|10002|22989|27151|51384|64220|157506,SHROOM2|PRDM1|BMP6|EFEMP1|GLI3|INHBA|PAX2|SIX3|TWIST1|WNT9A|SCO2|NR2E3|MYH15|CPAMD8|WNT16|STRA6|RDH10,-0.59,hits
GO Biological Processes,19,GO:0018212,peptidyl-tyrosine modification,-2.7,2.2,3.4,24155,367,503,17,3.4,0.81,627|654|1272|2043|2051|2202|2242|2321|3606|3643|3645|5155|6422|9148|26585|51378|80310,BDNF|BMP6|CNTN1|EPHA4|EPHB6|EFEMP1|FES|FLT1|IL18|INSR|INSRR|PDGFB|SFRP1|NEURL1|GREM1|ANGPT4|PDGFD,-0.59,hits
GO Biological Processes,19,GO:0031954,positive regulation of protein autophosphorylation,-2.7,7.4,4.8,24155,26,503,4,0.8,0.4,5155|10457|26585|80310,PDGFB|GPNMB|GREM1|PDGFD,-0.59,hits
GO Biological Processes,19,GO:0048169,regulation of long-term neuronal synaptic plasticity,-2.7,7.4,4.8,24155,26,503,4,0.8,0.4,3845|9145|9148|85358,KRAS|SYNGR1|NEURL1|SHANK3,-0.59,hits
Reactome Gene Sets,6,R-HSA-375165,NCAM signaling for neurite out-growth,-2.7,4.6,4.1,24155,63,503,6,1.2,0.48,776|2674|3845|6710|6900|7903,CACNA1D|GFRA1|KRAS|SPTB|CNTN2|ST8SIA4,-0.58,hits
GO Biological Processes,19,GO:0048565,digestive tract development,-2.7,3.2,3.8,24155,134,503,9,1.8,0.59,639|1373|2294|2737|3651|6422|23242|64220|123872,PRDM1|CPS1|FOXF1|GLI3|PDX1|SFRP1|COBL|STRA6|DNAAF1,-0.58,hits
GO Biological Processes,19,GO:0031344,regulation of cell projection organization,-2.7,1.8,3.3,24155,708,503,27,5.4,1,627|1136|1272|2043|2150|2242|4117|4131|5789|6422|6900|7025|7436|7852|9148|11075|11141|22941|23242|23654|27063|56920|57611|80031|85358|115948|344022,BDNF|CHRNA3|CNTN1|EPHA4|F2RL1|FES|MAK|MAP1B|PTPRD|SFRP1|CNTN2|NR2F1|VLDLR|CXCR4|NEURL1|STMN2|IL1RAPL1|SHANK2|COBL|PLXNB2|ANKRD1|SEMA3G|ISLR2|SEMA6D|SHANK3|CCDC151|NOTO,-0.58,hits
GO Biological Processes,19,GO:0045860,positive regulation of protein kinase activity,-2.7,2,3.3,24155,534,503,22,4.4,0.91,107|627|1136|2043|2321|2357|3606|3643|3845|5155|5600|7436|7852|9148|10125|10454|26585|29969|51378|54769|80310|245711,ADCY1|BDNF|CHRNA3|EPHA4|FLT1|FPR1|IL18|INSR|KRAS|PDGFB|MAPK11|VLDLR|CXCR4|NEURL1|RASGRP1|TAB1|GREM1|MDFIC|ANGPT4|DIRAS2|PDGFD|SPDYA,-0.58,hits
GO Biological Processes,19,GO:0071363,cellular response to growth factor stimulus,-2.7,1.8,3.3,24155,709,503,27,5.4,1,627|654|1373|1644|2321|3643|4131|5076|5139|5155|6422|7291|8828|9965|9982|10252|10454|11075|26585|27063|50515|51176|54845|56937|80310|130399|286204,BDNF|BMP6|CPS1|DDC|FLT1|INSR|MAP1B|PAX2|PDE3A|PDGFB|SFRP1|TWIST1|NRP2|FGF19|FGFBP1|SPRY1|TAB1|STMN2|GREM1|ANKRD1|CHST11|LEF1|ESRP1|PMEPA1|PDGFD|ACVR1C|CRB2,-0.58,hits
GO Biological Processes,19,GO:0048732,gland development,-2.7,2.1,3.4,24155,435,503,19,3.8,0.85,1373|1588|2294|2737|3643|3651|3845|6422|6496|6926|8022|9148|9464|23242|51176|57817|59277|64220|123872,CPS1|CYP19A1|FOXF1|GLI3|INSR|PDX1|KRAS|SFRP1|SIX3|TBX3|LHX3|NEURL1|HAND2|COBL|LEF1|HAMP|NTN4|STRA6|DNAAF1,-0.58,hits
GO Biological Processes,19,GO:0002791,regulation of peptide secretion,-2.7,2,3.3,24155,502,503,21,4.2,0.89,654|776|945|1113|2150|3651|3708|5047|5600|5734|6422|6659|7100|7291|10125|23086|27063|55638|114899|130399|284297,BMP6|CACNA1D|CD33|CHGA|F2RL1|PDX1|ITPR1|PAEP|MAPK11|PTGER4|SFRP1|SOX4|TLR5|TWIST1|RASGRP1|EXPH5|ANKRD1|SYBU|C1QTNF3|ACVR1C|SSC5D,-0.58,hits
GO Biological Processes,19,GO:0014031,mesenchymal cell development,-2.7,3.9,3.9,24155,86,503,7,1.4,0.52,7291|8828|9464|9965|56920|80031|157506,TWIST1|NRP2|HAND2|FGF19|SEMA3G|SEMA6D|RDH10,-0.58,hits
GO Biological Processes,19,GO:0070542,response to fatty acid,-2.7,3.9,3.9,24155,86,503,7,1.4,0.52,15|1373|2796|3651|5732|5734|6422,AANAT|CPS1|GNRH1|PDX1|PTGER2|PTGER4|SFRP1,-0.58,hits
GO Biological Processes,19,GO:0048864,stem cell development,-2.7,3.9,3.9,24155,86,503,7,1.4,0.52,7291|8828|9464|9965|56920|80031|157506,TWIST1|NRP2|HAND2|FGF19|SEMA3G|SEMA6D|RDH10,-0.58,hits
GO Biological Processes,19,GO:0046579,positive regulation of Ras protein signal transduction,-2.7,4.5,4.1,24155,64,503,6,1.2,0.48,2150|2840|3845|9002|9162|10125,F2RL1|GPR17|KRAS|F2RL3|DGKI|RASGRP1,-0.58,hits
GO Biological Processes,19,GO:0048880,sensory system development,-2.7,2.2,3.4,24155,371,503,17,3.4,0.81,357|639|654|2202|2737|3624|5076|6496|7291|7483|9997|10002|22989|27151|51384|64220|157506,SHROOM2|PRDM1|BMP6|EFEMP1|GLI3|INHBA|PAX2|SIX3|TWIST1|WNT9A|SCO2|NR2E3|MYH15|CPAMD8|WNT16|STRA6|RDH10,-0.58,hits
GO Biological Processes,19,GO:0010001,glial cell differentiation,-2.7,2.6,3.6,24155,218,503,12,2.4,0.68,1959|2043|2737|2840|3845|5076|6659|6900|7223|7852|51176|83933,EGR2|EPHA4|GLI3|GPR17|KRAS|PAX2|SOX4|CNTN2|TRPC4|CXCR4|LEF1|HDAC10,-0.58,hits
Reactome Gene Sets,6,R-HSA-171007,p38MAPK events,-2.7,11,5.3,24155,13,503,3,0.6,0.34,3845|5600|6300,KRAS|MAPK11|MAPK12,-0.58,hits
GO Biological Processes,19,GO:0007171,activation of transmembrane receptor protein tyrosine kinase activity,-2.7,11,5.3,24155,13,503,3,0.6,0.34,1136|26585|51378,CHRNA3|GREM1|ANGPT4,-0.58,hits
GO Biological Processes,19,GO:0032725,positive regulation of granulocyte macrophage colony-stimulating factor production,-2.7,11,5.3,24155,13,503,3,0.6,0.34,3606|5047|10125,IL18|PAEP|RASGRP1,-0.58,hits
GO Biological Processes,19,GO:0061029,eyelid development in camera-type eye,-2.7,11,5.3,24155,13,503,3,0.6,0.34,3624|7291|64220,INHBA|TWIST1|STRA6,-0.58,hits
GO Biological Processes,19,GO:2000194,regulation of female gonad development,-2.7,11,5.3,24155,13,503,3,0.6,0.34,2796|3643|26471,GNRH1|INSR|NUPR1,-0.58,hits
GO Biological Processes,19,GO:0014068,positive regulation of phosphatidylinositol 3-kinase signaling,-2.6,3.9,3.9,24155,87,503,7,1.4,0.52,2150|2321|3606|3643|5155|51384|80310,F2RL1|FLT1|IL18|INSR|PDGFB|WNT16|PDGFD,-0.57,hits
GO Biological Processes,19,GO:0099173,postsynapse organization,-2.6,2.9,3.6,24155,163,503,10,2,0.62,1607|2043|2743|3643|5789|8828|9758|11141|22941|85358,DGKB|EPHA4|GLRB|INSR|PTPRD|NRP2|FRMPD4|IL1RAPL1|SHANK2|SHANK3,-0.57,hits
KEGG Pathway,24,hsa04924,Renin secretion,-2.6,4.4,4,24155,65,503,6,1.2,0.48,776|3708|3778|5139|5732|5734,CACNA1D|ITPR1|KCNMA1|PDE3A|PTGER2|PTGER4,-0.57,hits
GO Biological Processes,19,GO:0033674,positive regulation of kinase activity,-2.6,1.9,3.3,24155,575,503,23,4.6,0.93,107|627|1136|2043|2321|2357|3606|3643|3845|5155|5600|7436|7852|9148|10125|10454|26585|29969|51378|54769|80310|116986|245711,ADCY1|BDNF|CHRNA3|EPHA4|FLT1|FPR1|IL18|INSR|KRAS|PDGFB|MAPK11|VLDLR|CXCR4|NEURL1|RASGRP1|TAB1|GREM1|MDFIC|ANGPT4|DIRAS2|PDGFD|AGAP2|SPDYA,-0.56,hits
GO Biological Processes,19,GO:0019932,second-messenger-mediated signaling,-2.6,2.1,3.3,24155,440,503,19,3.8,0.85,107|1012|1113|2357|3651|3708|4773|4846|5139|5731|5732|5734|7852|10316|10846|29995|79924|83988|283455,ADCY1|CDH13|CHGA|FPR1|PDX1|ITPR1|NFATC2|NOS3|PDE3A|PTGER1|PTGER2|PTGER4|CXCR4|NMUR1|PDE10A|LMCD1|ADM2|NCALD|KSR2,-0.56,hits
GO Biological Processes,19,GO:0048593,camera-type eye morphogenesis,-2.6,3.4,3.8,24155,112,503,8,1.6,0.56,357|2737|5076|6496|7291|7483|51384|64220,SHROOM2|GLI3|PAX2|SIX3|TWIST1|WNT9A|WNT16|STRA6,-0.56,hits
GO Biological Processes,19,GO:0003279,cardiac septum development,-2.6,3.4,3.8,24155,112,503,8,1.6,0.56,639|4846|6659|6926|8701|8828|10454|64220,PRDM1|NOS3|SOX4|TBX3|DNAH11|NRP2|TAB1|STRA6,-0.56,hits
GO Biological Processes,19,GO:0001938,positive regulation of endothelial cell proliferation,-2.6,3.4,3.8,24155,112,503,8,1.6,0.56,654|1012|3676|5155|7857|8828|9982|79805,BMP6|CDH13|ITGA4|PDGFB|SCG2|NRP2|FGFBP1|VASH2,-0.56,hits
GO Biological Processes,19,GO:0001101,response to acid chemical,-2.6,2.2,3.4,24155,344,503,16,3.2,0.78,15|654|1373|2706|2743|2796|3651|5076|5155|5732|5734|6422|7483|9148|57817|80310,AANAT|BMP6|CPS1|GJB2|GLRB|GNRH1|PDX1|PAX2|PDGFB|PTGER2|PTGER4|SFRP1|WNT9A|NEURL1|HAMP|PDGFD,-0.55,hits
KEGG Pathway,24,hsa04726,Serotonergic synapse,-2.6,3.4,3.7,24155,113,503,8,1.6,0.56,242|776|1559|1644|2562|2788|3708|3845,ALOX12B|CACNA1D|CYP2C9|DDC|GABRB3|GNG7|ITPR1|KRAS,-0.54,hits
GO Biological Processes,19,GO:0060021,roof of mouth development,-2.6,3.8,3.8,24155,89,503,7,1.4,0.52,2562|2737|3624|6926|7291|9464|51176,GABRB3|GLI3|INHBA|TBX3|TWIST1|HAND2|LEF1,-0.54,hits
KEGG Pathway,24,hsa04550,Signaling pathways regulating pluripotency of stem cells,-2.6,3.1,3.6,24155,139,503,9,1.8,0.59,3624|3845|5600|6300|6926|7483|8313|51384|130399,INHBA|KRAS|MAPK11|MAPK12|TBX3|WNT9A|AXIN2|WNT16|ACVR1C,-0.54,hits
GO Biological Processes,19,GO:0001504,neurotransmitter uptake,-2.6,5.2,4.2,24155,46,503,5,0.99,0.44,5999|6505|6512|6529|6536,RGS4|SLC1A1|SLC1A7|SLC6A1|SLC6A9,-0.54,hits
GO Biological Processes,19,GO:0045137,development of primary sexual characteristics,-2.6,2.6,3.5,24155,223,503,12,2.4,0.68,174|1588|1602|2796|3624|3643|4846|6422|26471|56956|132625|157506,AFP|CYP19A1|DACH1|GNRH1|INHBA|INSR|NOS3|SFRP1|NUPR1|LHX9|ZFP42|RDH10,-0.54,hits
KEGG Pathway,24,hsa04724,Glutamatergic synapse,-2.6,3.4,3.7,24155,114,503,8,1.6,0.56,107|776|2788|3708|6505|6512|22941|85358,ADCY1|CACNA1D|GNG7|ITPR1|SLC1A1|SLC1A7|SHANK2|SHANK3,-0.53,hits
GO Biological Processes,19,GO:0061371,determination of heart left/right asymmetry,-2.6,4.3,3.9,24155,67,503,6,1.2,0.48,6926|8701|9464|118856|123872|344022,TBX3|DNAH11|HAND2|MMP21|DNAAF1|NOTO,-0.53,hits
GO Biological Processes,19,GO:0060078,regulation of postsynaptic membrane potential,-2.6,3.1,3.6,24155,140,503,9,1.8,0.59,1136|2562|2743|5999|9162|22941|22997|23542|85358,CHRNA3|GABRB3|GLRB|RGS4|DGKI|SHANK2|IGSF9B|MAPK8IP2|SHANK3,-0.53,hits
GO Biological Processes,19,GO:0009953,dorsal/ventral pattern formation,-2.6,3.7,3.8,24155,90,503,7,1.4,0.52,2737|4188|6422|6496|8022|26585|344022,GLI3|MDFI|SFRP1|SIX3|LHX3|GREM1|NOTO,-0.53,hits
Reactome Gene Sets,6,R-HSA-2453864,Retinoid cycle disease events,-2.6,10,5.1,24155,14,503,3,0.6,0.34,24|6017|64220,ABCA4|RLBP1|STRA6,-0.53,hits
Reactome Gene Sets,6,R-HSA-2474795,Diseases associated with visual transduction,-2.6,10,5.1,24155,14,503,3,0.6,0.34,24|6017|64220,ABCA4|RLBP1|STRA6,-0.53,hits
GO Biological Processes,19,GO:0001763,morphogenesis of a branching structure,-2.6,2.7,3.5,24155,196,503,11,2.2,0.65,639|2294|2737|3845|5076|6422|6926|10252|51176|59277|157506,PRDM1|FOXF1|GLI3|KRAS|PAX2|SFRP1|TBX3|SPRY1|LEF1|NTN4|RDH10,-0.52,hits
GO Biological Processes,19,GO:0021872,forebrain generation of neurons,-2.5,4.2,3.9,24155,68,503,6,1.2,0.48,2737|3624|6900|8828|51176|85358,GLI3|INHBA|CNTN2|NRP2|LEF1|SHANK3,-0.51,hits
GO Biological Processes,19,GO:0060441,epithelial tube branching involved in lung morphogenesis,-2.5,6.6,4.4,24155,29,503,4,0.8,0.4,2294|3845|10252|157506,FOXF1|KRAS|SPRY1|RDH10,-0.51,hits
GO Biological Processes,19,GO:0007628,adult walking behavior,-2.5,6.6,4.4,24155,29,503,4,0.8,0.4,2043|2743|6900|7345,EPHA4|GLRB|CNTN2|UCHL1,-0.51,hits
GO Biological Processes,19,GO:0045619,regulation of lymphocyte differentiation,-2.5,2.8,3.5,24155,169,503,10,2,0.62,639|864|2737|3606|3624|4773|6422|10125|11005|54440,PRDM1|RUNX3|GLI3|IL18|INHBA|NFATC2|SFRP1|RASGRP1|SPINK5|SASH3,-0.51,hits
GO Biological Processes,19,GO:1902904,negative regulation of supramolecular fiber organization,-2.5,3,3.6,24155,142,503,9,1.8,0.59,4131|6710|10382|11075|29767|85358|85477|150356|163782,MAP1B|SPTB|TUBB4A|STMN2|TMOD2|SHANK3|SCIN|CHADL|KANK4,-0.51,hits
KEGG Pathway,24,hsa04014,Ras signaling pathway,-2.5,2.5,3.4,24155,227,503,12,2.4,0.68,2321|2788|3643|3845|5155|9771|9965|10125|10235|51378|80310|283455,FLT1|GNG7|INSR|KRAS|PDGFB|RAPGEF5|FGF19|RASGRP1|RASGRP2|ANGPT4|PDGFD|KSR2,-0.51,hits
GO Biological Processes,19,GO:0051403,stress-activated MAPK cascade,-2.5,2.3,3.3,24155,288,503,14,2.8,0.73,2043|2150|5600|5734|6422|9464|9965|10045|10125|10454|23542|26585|29969|51384,EPHA4|F2RL1|MAPK11|PTGER4|SFRP1|HAND2|FGF19|SH2D3A|RASGRP1|TAB1|MAPK8IP2|GREM1|MDFIC|WNT16,-0.5,hits
KEGG Pathway,24,hsa04912,GnRH signaling pathway,-2.5,3.7,3.7,24155,92,503,7,1.4,0.52,107|776|2796|3708|3845|5600|6300,ADCY1|CACNA1D|GNRH1|ITPR1|KRAS|MAPK11|MAPK12,-0.5,hits
GO Biological Processes,19,GO:0048863,stem cell differentiation,-2.5,2.4,3.3,24155,258,503,13,2.6,0.71,3651|5076|6422|6496|7291|8828|9464|9965|11281|26585|56920|80031|157506,PDX1|PAX2|SFRP1|SIX3|TWIST1|NRP2|HAND2|FGF19|POU6F2|GREM1|SEMA3G|SEMA6D|RDH10,-0.5,hits
GO Biological Processes,19,GO:0048813,dendrite morphogenesis,-2.5,3,3.5,24155,143,503,9,1.8,0.59,1136|2043|5789|7436|9201|11141|22941|23542|85358,CHRNA3|EPHA4|PTPRD|VLDLR|DCLK1|IL1RAPL1|SHANK2|MAPK8IP2|SHANK3,-0.5,hits
GO Biological Processes,19,GO:0016339,calcium-dependent cell-cell adhesion via plasma membrane cell adhesion molecules,-2.5,5,4,24155,48,503,5,0.99,0.44,1012|8641|56122|56123|57717,CDH13|PCDHGB4|PCDHB14|PCDHB13|PCDHB16,-0.5,hits
GO Biological Processes,19,GO:0002793,positive regulation of peptide secretion,-2.5,2.3,3.3,24155,289,503,14,2.8,0.73,654|945|2150|3651|5047|5600|5734|6659|7291|10125|23086|27063|55638|114899,BMP6|CD33|F2RL1|PDX1|PAEP|MAPK11|PTGER4|SOX4|TWIST1|RASGRP1|EXPH5|ANKRD1|SYBU|C1QTNF3,-0.5,hits
GO Biological Processes,19,GO:0001935,endothelial cell proliferation,-2.5,2.7,3.4,24155,199,503,11,2.2,0.65,654|1012|2321|3676|5155|7857|8828|9982|51378|79400|79805,BMP6|CDH13|FLT1|ITGA4|PDGFB|SCG2|NRP2|FGFBP1|ANGPT4|NOX5|VASH2,-0.5,hits
GO Biological Processes,19,GO:0030098,lymphocyte differentiation,-2.5,2.2,3.2,24155,353,503,16,3.2,0.78,639|864|2737|3606|3624|3676|4242|4773|5734|6422|6659|10125|11005|29781|51176|54440,PRDM1|RUNX3|GLI3|IL18|INHBA|ITGA4|MFNG|NFATC2|PTGER4|SFRP1|SOX4|RASGRP1|SPINK5|NCAPH2|LEF1|SASH3,-0.5,hits
GO Biological Processes,19,GO:0003205,cardiac chamber development,-2.5,2.8,3.5,24155,171,503,10,2,0.62,639|2294|4846|6659|6926|8701|8828|9464|10454|64220,PRDM1|FOXF1|NOS3|SOX4|TBX3|DNAH11|NRP2|HAND2|TAB1|STRA6,-0.5,hits
GO Biological Processes,19,GO:1905114,cell surface receptor signaling pathway involved in cell-cell signaling,-2.5,1.8,3.1,24155,625,503,24,4.8,0.95,1136|2562|2737|2743|4188|5999|6422|6496|6659|7483|8313|8532|8796|9162|22941|22997|23112|23542|26585|29969|51176|51384|85358|115701,CHRNA3|GABRB3|GLI3|GLRB|MDFI|RGS4|SFRP1|SIX3|SOX4|WNT9A|AXIN2|CPZ|SCEL|DGKI|SHANK2|IGSF9B|TNRC6B|MAPK8IP2|GREM1|MDFIC|LEF1|WNT16|SHANK3|ALPK2,-0.5,hits
GO Biological Processes,19,GO:0030534,adult behavior,-2.5,3,3.5,24155,144,503,9,1.8,0.59,1136|2043|2743|5413|6900|7345|22941|85358|127343,CHRNA3|EPHA4|GLRB|SEPTIN5|CNTN2|UCHL1|SHANK2|SHANK3|DMBX1,-0.5,hits
GO Biological Processes,19,GO:0002790,peptide secretion,-2.5,1.8,3.1,24155,626,503,24,4.8,0.95,654|776|945|1113|2150|3651|3708|5047|5600|5734|6422|6659|7100|7291|7857|10125|23086|27063|55638|79400|93145|114899|130399|284297,BMP6|CACNA1D|CD33|CHGA|F2RL1|PDX1|ITPR1|PAEP|MAPK11|PTGER4|SFRP1|SOX4|TLR5|TWIST1|SCG2|RASGRP1|EXPH5|ANKRD1|SYBU|NOX5|OLFM2|C1QTNF3|ACVR1C|SSC5D,-0.5,hits
GO Biological Processes,19,GO:0033273,response to vitamin,-2.5,3.6,3.7,24155,93,503,7,1.4,0.52,1591|2242|3651|4131|5251|6422|57817,CYP24A1|FES|PDX1|MAP1B|PHEX|SFRP1|HAMP,-0.5,hits
GO Biological Processes,19,GO:0061037,negative regulation of cartilage development,-2.5,6.4,4.3,24155,30,503,4,0.8,0.4,2202|7483|26585|150356,EFEMP1|WNT9A|GREM1|CHADL,-0.5,hits
GO Biological Processes,19,GO:0043406,positive regulation of MAP kinase activity,-2.5,2.4,3.3,24155,260,503,13,2.6,0.71,2043|2321|2357|3643|3845|5155|5600|7852|10125|10454|29969|54769|80310,EPHA4|FLT1|FPR1|INSR|KRAS|PDGFB|MAPK11|CXCR4|RASGRP1|TAB1|MDFIC|DIRAS2|PDGFD,-0.5,hits
GO Biological Processes,19,GO:1904018,positive regulation of vasculature development,-2.5,2.5,3.3,24155,230,503,12,2.4,0.68,1491|2321|4846|5155|7291|7852|9982|51129|51378|79805|79924|80310,CTH|FLT1|NOS3|PDGFB|TWIST1|CXCR4|FGFBP1|ANGPTL4|ANGPT4|VASH2|ADM2|PDGFD,-0.5,hits
GO Biological Processes,19,GO:0001756,somitogenesis,-2.5,4.1,3.8,24155,70,503,6,1.2,0.48,2294|6422|8313|23242|51176|286204,FOXF1|SFRP1|AXIN2|COBL|LEF1|CRB2,-0.5,hits
GO Biological Processes,19,GO:0001505,regulation of neurotransmitter levels,-2.5,2.2,3.2,24155,355,503,16,3.2,0.78,107|776|1136|1373|1644|3643|4846|5413|5999|6505|6512|6529|6536|8499|9162|23464,ADCY1|CACNA1D|CHRNA3|CPS1|DDC|INSR|NOS3|SEPTIN5|RGS4|SLC1A1|SLC1A7|SLC6A1|SLC6A9|PPFIA2|DGKI|GCAT,-0.5,hits
GO Biological Processes,19,GO:0032645,regulation of granulocyte macrophage colony-stimulating factor production,-2.5,9.6,4.9,24155,15,503,3,0.6,0.34,3606|5047|10125,IL18|PAEP|RASGRP1,-0.5,hits
GO Biological Processes,19,GO:0030238,male sex determination,-2.5,9.6,4.9,24155,15,503,3,0.6,0.34,2796|3643|3645,GNRH1|INSR|INSRR,-0.5,hits
GO Biological Processes,19,GO:0046851,negative regulation of bone remodeling,-2.5,9.6,4.9,24155,15,503,3,0.6,0.34,6422|26585|84959,SFRP1|GREM1|UBASH3B,-0.5,hits
GO Biological Processes,19,GO:0043584,nose development,-2.5,9.6,4.9,24155,15,503,3,0.6,0.34,2737|64220|157506,GLI3|STRA6|RDH10,-0.5,hits
GO Biological Processes,19,GO:0007612,learning,-2.5,3,3.5,24155,145,503,9,1.8,0.59,3643|3845|6529|6900|9162|22941|23542|64220|85358,INSR|KRAS|SLC6A1|CNTN2|DGKI|SHANK2|MAPK8IP2|STRA6|SHANK3,-0.5,hits
GO Biological Processes,19,GO:0055002,striated muscle cell development,-2.5,2.8,3.4,24155,173,503,10,2,0.62,4773|5999|6926|7345|10529|27063|29767|57538|57817|115701,NFATC2|RGS4|TBX3|UCHL1|NEBL|ANKRD1|TMOD2|ALPK3|HAMP|ALPK2,-0.49,hits
GO Biological Processes,19,GO:0007368,determination of left/right symmetry,-2.5,3.2,3.6,24155,119,503,8,1.6,0.56,2294|6926|8701|9464|115948|118856|123872|344022,FOXF1|TBX3|DNAH11|HAND2|CCDC151|MMP21|DNAAF1|NOTO,-0.49,hits
GO Biological Processes,19,GO:0051057,positive regulation of small GTPase mediated signal transduction,-2.4,4.1,3.8,24155,71,503,6,1.2,0.48,2150|2840|3845|9002|9162|10125,F2RL1|GPR17|KRAS|F2RL3|DGKI|RASGRP1,-0.48,hits
GO Biological Processes,19,GO:0016358,dendrite development,-2.4,2.5,3.3,24155,233,503,12,2.4,0.68,1136|2043|4131|5789|7436|9148|9201|11141|22941|23242|23542|85358,CHRNA3|EPHA4|MAP1B|PTPRD|VLDLR|NEURL1|DCLK1|IL1RAPL1|SHANK2|COBL|MAPK8IP2|SHANK3,-0.47,hits
GO Biological Processes,19,GO:0055006,cardiac cell development,-2.4,3.5,3.6,24155,95,503,7,1.4,0.52,5999|6926|10252|10529|57538|57817|115701,RGS4|TBX3|SPRY1|NEBL|ALPK3|HAMP|ALPK2,-0.47,hits
GO Biological Processes,19,GO:0090659,walking behavior,-2.4,6.2,4.2,24155,31,503,4,0.8,0.4,2043|2743|6900|7345,EPHA4|GLRB|CNTN2|UCHL1,-0.47,hits
GO Biological Processes,19,GO:0060292,long-term synaptic depression,-2.4,6.2,4.2,24155,31,503,4,0.8,0.4,9162|22941|85358|392862,DGKI|SHANK2|SHANK3|GRID2IP,-0.47,hits
Reactome Gene Sets,6,R-HSA-373752,Netrin-1 signaling,-2.4,4.8,3.9,24155,50,503,5,0.99,0.44,5600|6300|7223|59277|116986,MAPK11|MAPK12|TRPC4|NTN4|AGAP2,-0.47,hits
GO Biological Processes,19,GO:0048588,developmental cell growth,-2.4,2.5,3.3,24155,234,503,12,2.4,0.68,627|3676|4131|5999|7852|8828|9201|23242|56920|57611|57817|80031,BDNF|ITGA4|MAP1B|RGS4|CXCR4|NRP2|DCLK1|COBL|SEMA3G|ISLR2|HAMP|SEMA6D,-0.47,hits
GO Biological Processes,19,GO:0001704,formation of primary germ layer,-2.4,3.2,3.5,24155,121,503,8,1.6,0.56,2139|2294|3624|3676|3909|5076|51176|286204,EYA2|FOXF1|INHBA|ITGA4|LAMA3|PAX2|LEF1|CRB2,-0.47,hits
GO Biological Processes,19,GO:0032272,negative regulation of protein polymerization,-2.4,4,3.7,24155,72,503,6,1.2,0.48,6710|10382|11075|29767|85477|163782,SPTB|TUBB4A|STMN2|TMOD2|SCIN|KANK4,-0.47,hits
GO Biological Processes,19,GO:0035108,limb morphogenesis,-2.4,2.9,3.4,24155,148,503,9,1.8,0.59,2737|6659|6926|7291|7483|9464|50515|51176|157506,GLI3|SOX4|TBX3|TWIST1|WNT9A|HAND2|CHST11|LEF1|RDH10,-0.47,hits
GO Biological Processes,19,GO:2000241,regulation of reproductive process,-2.4,2.9,3.4,24155,148,503,9,1.8,0.59,2796|3624|3643|5047|5139|6422|26471|79400|130399,GNRH1|INHBA|INSR|PAEP|PDE3A|SFRP1|NUPR1|NOX5|ACVR1C,-0.47,hits
GO Biological Processes,19,GO:0035107,appendage morphogenesis,-2.4,2.9,3.4,24155,148,503,9,1.8,0.59,2737|6659|6926|7291|7483|9464|50515|51176|157506,GLI3|SOX4|TBX3|TWIST1|WNT9A|HAND2|CHST11|LEF1|RDH10,-0.47,hits
GO Biological Processes,19,GO:0046777,protein autophosphorylation,-2.4,2.5,3.3,24155,235,503,12,2.4,0.68,2043|2242|2321|3643|3645|4117|5155|10457|26585|65975|80310|150094,EPHA4|FES|FLT1|INSR|INSRR|MAK|PDGFB|GPNMB|GREM1|STK33|PDGFD|SIK1,-0.46,hits
GO Biological Processes,19,GO:0050773,regulation of dendrite development,-2.4,2.9,3.4,24155,149,503,9,1.8,0.59,1136|2043|5789|7436|9148|11141|22941|23242|85358,CHRNA3|EPHA4|PTPRD|VLDLR|NEURL1|IL1RAPL1|SHANK2|COBL|SHANK3,-0.46,hits
GO Biological Processes,19,GO:0021545,cranial nerve development,-2.4,4.7,3.9,24155,51,503,5,0.99,0.44,1959|2737|3198|5076|8828,EGR2|GLI3|HOXA1|PAX2|NRP2,-0.46,hits
GO Biological Processes,19,GO:0045668,negative regulation of osteoblast differentiation,-2.4,4.7,3.9,24155,51,503,5,0.99,0.44,6422|7291|8313|9464|26585,SFRP1|TWIST1|AXIN2|HAND2|GREM1,-0.46,hits
GO Biological Processes,19,GO:0050679,positive regulation of epithelial cell proliferation,-2.4,2.6,3.3,24155,206,503,11,2.2,0.65,654|1012|3676|5076|5155|6422|7291|7857|8828|9982|79805,BMP6|CDH13|ITGA4|PAX2|PDGFB|SFRP1|TWIST1|SCG2|NRP2|FGFBP1|VASH2,-0.46,hits
GO Biological Processes,19,GO:0032604,granulocyte macrophage colony-stimulating factor production,-2.4,9,4.7,24155,16,503,3,0.6,0.34,3606|5047|10125,IL18|PAEP|RASGRP1,-0.46,hits
Reactome Gene Sets,6,R-HSA-418457,cGMP effects,-2.4,9,4.7,24155,16,503,3,0.6,0.34,3708|3778|10846,ITPR1|KCNMA1|PDE10A,-0.46,hits
GO Biological Processes,19,GO:0071380,cellular response to prostaglandin E stimulus,-2.4,9,4.7,24155,16,503,3,0.6,0.34,5732|5734|6422,PTGER2|PTGER4|SFRP1,-0.46,hits
GO Biological Processes,19,GO:0090192,regulation of glomerulus development,-2.4,9,4.7,24155,16,503,3,0.6,0.34,5076|5155|80310,PAX2|PDGFB|PDGFD,-0.46,hits
GO Biological Processes,19,GO:0097435,supramolecular fiber organization,-2.4,1.8,3,24155,674,503,25,5,0.97,165|357|2150|2242|4131|5734|5999|6422|6710|7373|10382|10529|11075|23242|26585|27063|29767|51673|57619|83473|85358|85378|85477|150356|163782,AEBP1|SHROOM2|F2RL1|FES|MAP1B|PTGER4|RGS4|SFRP1|SPTB|COL14A1|TUBB4A|NEBL|STMN2|COBL|GREM1|ANKRD1|TMOD2|TPPP3|SHROOM3|KATNAL2|SHANK3|TUBGCP6|SCIN|CHADL|KANK4,-0.46,hits
KEGG Pathway,24,hsa04750,Inflammatory mediator regulation of TRP channels,-2.4,3.5,3.5,24155,97,503,7,1.4,0.52,107|2150|3708|5600|5732|5734|6300,ADCY1|F2RL1|ITPR1|MAPK11|PTGER2|PTGER4|MAPK12,-0.46,hits
GO Biological Processes,19,GO:0071295,cellular response to vitamin,-2.4,6,4.1,24155,32,503,4,0.8,0.4,1591|2242|5251|6422,CYP24A1|FES|PHEX|SFRP1,-0.46,hits
GO Biological Processes,19,GO:0023061,signal release,-2.4,2,3.1,24155,465,503,19,3.8,0.85,107|654|776|1113|1136|1588|3624|3651|3708|5413|6422|6536|6659|6926|8499|9162|55638|114899|130399,ADCY1|BMP6|CACNA1D|CHGA|CHRNA3|CYP19A1|INHBA|PDX1|ITPR1|SEPTIN5|SFRP1|SLC6A9|SOX4|TBX3|PPFIA2|DGKI|SYBU|C1QTNF3|ACVR1C,-0.44,hits
GO Biological Processes,19,GO:0046883,regulation of hormone secretion,-2.4,2.3,3.2,24155,269,503,13,2.6,0.71,654|776|1113|1136|1588|3624|3651|3708|6422|6659|55638|114899|130399,BMP6|CACNA1D|CHGA|CHRNA3|CYP19A1|INHBA|PDX1|ITPR1|SFRP1|SOX4|SYBU|C1QTNF3|ACVR1C,-0.44,hits
GO Biological Processes,19,GO:0048736,appendage development,-2.4,2.7,3.3,24155,179,503,10,2,0.62,2737|6659|6926|7291|7483|9464|26585|50515|51176|157506,GLI3|SOX4|TBX3|TWIST1|WNT9A|HAND2|GREM1|CHST11|LEF1|RDH10,-0.44,hits
GO Biological Processes,19,GO:0060173,limb development,-2.4,2.7,3.3,24155,179,503,10,2,0.62,2737|6659|6926|7291|7483|9464|26585|50515|51176|157506,GLI3|SOX4|TBX3|TWIST1|WNT9A|HAND2|GREM1|CHST11|LEF1|RDH10,-0.44,hits
GO Biological Processes,19,GO:0035176,social behavior,-2.4,4.6,3.8,24155,52,503,5,0.99,0.44,2925|5413|22941|23542|85358,GRPR|SEPTIN5|SHANK2|MAPK8IP2|SHANK3,-0.44,hits
GO Biological Processes,19,GO:0051703,intraspecies interaction between organisms,-2.4,4.6,3.8,24155,52,503,5,0.99,0.44,2925|5413|22941|23542|85358,GRPR|SEPTIN5|SHANK2|MAPK8IP2|SHANK3,-0.44,hits
GO Biological Processes,19,GO:1903532,positive regulation of secretion by cell,-2.3,2,3.1,24155,400,503,17,3.4,0.81,654|776|945|1588|2150|3624|3651|5047|5600|5734|6659|7291|10125|23086|27063|55638|114899,BMP6|CACNA1D|CD33|CYP19A1|F2RL1|INHBA|PDX1|PAEP|MAPK11|PTGER4|SOX4|TWIST1|RASGRP1|EXPH5|ANKRD1|SYBU|C1QTNF3,-0.43,hits
GO Biological Processes,19,GO:0030217,T cell differentiation,-2.3,2.4,3.2,24155,240,503,12,2.4,0.68,639|864|2737|3606|4773|5734|6659|10125|11005|29781|51176|54440,PRDM1|RUNX3|GLI3|IL18|NFATC2|PTGER4|SOX4|RASGRP1|SPINK5|NCAPH2|LEF1|SASH3,-0.43,hits
GO Biological Processes,19,GO:0035113,embryonic appendage morphogenesis,-2.3,3.1,3.4,24155,125,503,8,1.6,0.56,2737|6926|7291|7483|9464|50515|51176|157506,GLI3|TBX3|TWIST1|WNT9A|HAND2|CHST11|LEF1|RDH10,-0.43,hits
GO Biological Processes,19,GO:0030326,embryonic limb morphogenesis,-2.3,3.1,3.4,24155,125,503,8,1.6,0.56,2737|6926|7291|7483|9464|50515|51176|157506,GLI3|TBX3|TWIST1|WNT9A|HAND2|CHST11|LEF1|RDH10,-0.43,hits
GO Biological Processes,19,GO:0035115,embryonic forelimb morphogenesis,-2.3,5.8,4,24155,33,503,4,0.8,0.4,6926|7291|7483|157506,TBX3|TWIST1|WNT9A|RDH10,-0.43,hits
GO Biological Processes,19,GO:0010092,specification of animal organ identity,-2.3,5.8,4,24155,33,503,4,0.8,0.4,2737|5076|8313|10252,GLI3|PAX2|AXIN2|SPRY1,-0.43,hits
GO Biological Processes,19,GO:0001707,mesoderm formation,-2.3,3.8,3.6,24155,75,503,6,1.2,0.48,2139|2294|3624|5076|51176|286204,EYA2|FOXF1|INHBA|PAX2|LEF1|CRB2,-0.43,hits
GO Biological Processes,19,GO:0006836,neurotransmitter transport,-2.3,2.3,3.1,24155,272,503,13,2.6,0.71,107|776|1136|1644|5413|5999|6505|6512|6529|6536|7223|8499|9162,ADCY1|CACNA1D|CHRNA3|DDC|SEPTIN5|RGS4|SLC1A1|SLC1A7|SLC6A1|SLC6A9|TRPC4|PPFIA2|DGKI,-0.42,hits
GO Biological Processes,19,GO:0062013,positive regulation of small molecule metabolic process,-2.3,2.8,3.3,24155,153,503,9,1.8,0.59,225|654|3643|4846|5155|7291|26471|51085|157506,ABCD2|BMP6|INSR|NOS3|PDGFB|TWIST1|NUPR1|MLXIPL|RDH10,-0.42,hits
GO Biological Processes,19,GO:0001890,placenta development,-2.3,2.8,3.3,24155,153,503,9,1.8,0.59,639|2706|4188|5155|8022|8728|51176|79805|374900,PRDM1|GJB2|MDFI|PDGFB|LHX3|ADAM19|LEF1|VASH2|ZNF568,-0.42,hits
GO Biological Processes,19,GO:0097107,postsynaptic density assembly,-2.3,8.5,4.5,24155,17,503,3,0.6,0.34,5789|22941|85358,PTPRD|SHANK2|SHANK3,-0.42,hits
GO Biological Processes,19,GO:0048532,anatomical structure arrangement,-2.3,8.5,4.5,24155,17,503,3,0.6,0.34,1959|5076|8828,EGR2|PAX2|NRP2,-0.42,hits
GO Biological Processes,19,GO:0030540,female genitalia development,-2.3,8.5,4.5,24155,17,503,3,0.6,0.34,1588|6926|64220,CYP19A1|TBX3|STRA6,-0.42,hits
GO Biological Processes,19,GO:0007200,phospholipase C-activating G protein-coupled receptor signaling pathway,-2.3,3.4,3.5,24155,100,503,7,1.4,0.52,1113|2150|2357|2840|2925|9002|10316,CHGA|F2RL1|FPR1|GPR17|GRPR|F2RL3|NMUR1,-0.42,hits
GO Biological Processes,19,GO:0060079,excitatory postsynaptic potential,-2.3,3.4,3.5,24155,100,503,7,1.4,0.52,1136|2743|5999|9162|22941|23542|85358,CHRNA3|GLRB|RGS4|DGKI|SHANK2|MAPK8IP2|SHANK3,-0.42,hits
GO Biological Processes,19,GO:0048706,embryonic skeletal system development,-2.3,3,3.4,24155,126,503,8,1.6,0.56,2737|3198|3201|4188|7291|7483|50515|157506,GLI3|HOXA1|HOXA4|MDFI|TWIST1|WNT9A|CHST11|RDH10,-0.42,hits
GO Biological Processes,19,GO:0061138,morphogenesis of a branching epithelium,-2.3,2.6,3.2,24155,182,503,10,2,0.62,2294|2737|3845|5076|6422|6926|10252|51176|59277|157506,FOXF1|GLI3|KRAS|PAX2|SFRP1|TBX3|SPRY1|LEF1|NTN4|RDH10,-0.42,hits
GO Biological Processes,19,GO:0048844,artery morphogenesis,-2.3,3.8,3.6,24155,76,503,6,1.2,0.48,639|2294|3198|6659|9464|64220,PRDM1|FOXF1|HOXA1|SOX4|HAND2|STRA6,-0.42,hits
GO Biological Processes,19,GO:0071407,cellular response to organic cyclic compound,-2.3,1.9,3,24155,542,503,21,4.2,0.89,15|107|1373|1591|2242|2294|2562|2706|3606|3624|5139|5155|5251|6422|7025|10002|27063|51176|56937|57476|57817,AANAT|ADCY1|CPS1|CYP24A1|FES|FOXF1|GABRB3|GJB2|IL18|INHBA|PDE3A|PDGFB|PHEX|SFRP1|NR2F1|NR2E3|ANKRD1|LEF1|PMEPA1|GRAMD1B|HAMP,-0.41,hits
GO Biological Processes,19,GO:1902105,regulation of leukocyte differentiation,-2.3,2.3,3.1,24155,274,503,13,2.6,0.71,639|864|2242|2737|3606|3624|4773|6422|10125|11005|51176|54440|84959,PRDM1|RUNX3|FES|GLI3|IL18|INHBA|NFATC2|SFRP1|RASGRP1|SPINK5|LEF1|SASH3|UBASH3B,-0.41,hits
GO Biological Processes,19,GO:0046632,alpha-beta T cell differentiation,-2.3,3.3,3.4,24155,101,503,7,1.4,0.52,639|864|2737|3606|5734|51176|54440,PRDM1|RUNX3|GLI3|IL18|PTGER4|LEF1|SASH3,-0.41,hits
KEGG Pathway,24,hsa04723,Retrograde endocannabinoid signaling,-2.3,3.3,3.4,24155,101,503,7,1.4,0.52,107|776|2562|2788|3708|5600|6300,ADCY1|CACNA1D|GABRB3|GNG7|ITPR1|MAPK11|MAPK12,-0.41,hits
GO Biological Processes,19,GO:0050769,positive regulation of neurogenesis,-2.3,1.9,3,24155,474,503,19,3.8,0.85,627|654|1272|2043|2242|2737|4131|5789|7436|7852|9148|11075|11141|22941|23242|23654|27063|57611|85358,BDNF|BMP6|CNTN1|EPHA4|FES|GLI3|MAP1B|PTPRD|VLDLR|CXCR4|NEURL1|STMN2|IL1RAPL1|SHANK2|COBL|PLXNB2|ANKRD1|ISLR2|SHANK3,-0.4,hits
GO Biological Processes,19,GO:0046785,microtubule polymerization,-2.3,3.7,3.5,24155,77,503,6,1.2,0.48,2242|4131|10382|11075|51673|85378,FES|MAP1B|TUBB4A|STMN2|TPPP3|TUBGCP6,-0.4,hits
GO Biological Processes,19,GO:0008285,negative regulation of cell proliferation,-2.3,1.7,2.9,24155,762,503,27,5.4,1,863|864|945|1012|1602|2321|2737|2796|3624|3651|4846|5600|6422|6659|7483|7857|8313|9148|9982|10002|10252|10457|26471|26585|85477|130399|149428,CBFA2T3|RUNX3|CD33|CDH13|DACH1|FLT1|GLI3|GNRH1|INHBA|PDX1|NOS3|MAPK11|SFRP1|SOX4|WNT9A|SCG2|AXIN2|NEURL1|FGFBP1|NR2E3|SPRY1|GPNMB|NUPR1|GREM1|SCIN|ACVR1C|BNIPL,-0.4,hits
GO Biological Processes,19,GO:0007631,feeding behavior,-2.3,3.3,3.4,24155,102,503,7,1.4,0.52,1602|7345|9464|64220|79924|127343|347148,DACH1|UCHL1|HAND2|STRA6|ADM2|DMBX1|QRFP,-0.39,hits
GO Biological Processes,19,GO:0021953,central nervous system neuron differentiation,-2.3,2.6,3.2,24155,185,503,10,2,0.62,2043|2737|3624|6422|6659|6900|8022|8828|9201|85358,EPHA4|GLI3|INHBA|SFRP1|SOX4|CNTN2|LHX3|NRP2|DCLK1|SHANK3,-0.39,hits
GO Biological Processes,19,GO:0007254,JNK cascade,-2.2,2.5,3.1,24155,215,503,11,2.2,0.65,2043|2150|5734|6422|9965|10045|10125|10454|23542|29969|51384,EPHA4|F2RL1|PTGER4|SFRP1|FGF19|SH2D3A|RASGRP1|TAB1|MAPK8IP2|MDFIC|WNT16,-0.39,hits
KEGG Pathway,24,hsa05217,Basal cell carcinoma,-2.2,4.4,3.6,24155,55,503,5,0.99,0.44,2737|7483|8313|51176|51384,GLI3|WNT9A|AXIN2|LEF1|WNT16,-0.38,hits
GO Biological Processes,19,GO:0031016,pancreas development,-2.2,3.7,3.5,24155,78,503,6,1.2,0.48,654|2294|3643|3651|6659|123872,BMP6|FOXF1|INSR|PDX1|SOX4|DNAAF1,-0.38,hits
GO Biological Processes,19,GO:0043410,positive regulation of MAPK cascade,-2.2,1.8,2.9,24155,548,503,21,4.2,0.89,242|2043|2150|2321|2357|3643|3845|5155|5600|7852|9464|9965|10125|10454|10457|23542|23779|29969|51384|54769|80310,ALOX12B|EPHA4|F2RL1|FLT1|FPR1|INSR|KRAS|PDGFB|MAPK11|CXCR4|HAND2|FGF19|RASGRP1|TAB1|GPNMB|MAPK8IP2|ARHGAP8|MDFIC|WNT16|DIRAS2|PDGFD,-0.38,hits
GO Biological Processes,19,GO:0055001,muscle cell development,-2.2,2.6,3.2,24155,186,503,10,2,0.62,4773|5999|6926|7345|10529|27063|29767|57538|57817|115701,NFATC2|RGS4|TBX3|UCHL1|NEBL|ANKRD1|TMOD2|ALPK3|HAMP|ALPK2,-0.38,hits
Reactome Gene Sets,6,R-HSA-209776,Metabolism of amine-derived hormones,-2.2,8,4.3,24155,18,503,3,0.6,0.34,15|1644|1734,AANAT|DDC|DIO2,-0.38,hits
GO Biological Processes,19,GO:0071625,vocalization behavior,-2.2,8,4.3,24155,18,503,3,0.6,0.34,22941|79784|85358,SHANK2|MYH14|SHANK3,-0.38,hits
GO Biological Processes,19,GO:0048333,mesodermal cell differentiation,-2.2,5.5,3.9,24155,35,503,4,0.8,0.4,2139|2294|3624|5076,EYA2|FOXF1|INHBA|PAX2,-0.38,hits
GO Biological Processes,19,GO:0030155,regulation of cell adhesion,-2.2,1.7,2.9,24155,693,503,25,5,0.97,654|864|1012|2242|2294|2737|2796|3606|3676|3909|4811|6422|7852|8728|10085|10125|10457|11005|23654|51176|54440|54518|84959|133584|151888,BMP6|RUNX3|CDH13|FES|FOXF1|GLI3|GNRH1|IL18|ITGA4|LAMA3|NID1|SFRP1|CXCR4|ADAM19|EDIL3|RASGRP1|GPNMB|SPINK5|PLXNB2|LEF1|SASH3|APBB1IP|UBASH3B|EGFLAM|BTLA,-0.38,hits
Canonical Pathways,11,M5883,NABA SECRETED FACTORS,-2.2,2.1,3,24155,344,503,15,3,0.76,627|654|3083|3606|3624|5155|6286|6422|7483|9965|9982|51129|51378|51384|80310,BDNF|BMP6|HGFAC|IL18|INHBA|PDGFB|S100P|SFRP1|WNT9A|FGF19|FGFBP1|ANGPTL4|ANGPT4|WNT16|PDGFD,-0.37,hits
GO Biological Processes,19,GO:0008406,gonad development,-2.2,2.4,3.1,24155,217,503,11,2.2,0.65,174|1588|2796|3624|3643|4846|6422|26471|56956|132625|157506,AFP|CYP19A1|GNRH1|INHBA|INSR|NOS3|SFRP1|NUPR1|LHX9|ZFP42|RDH10,-0.37,hits
GO Biological Processes,19,GO:0002521,leukocyte differentiation,-2.2,1.9,2.9,24155,516,503,20,4,0.87,639|863|864|2150|2242|2737|3606|3624|3676|4242|4773|5734|6422|6659|10125|11005|29781|51176|54440|84959,PRDM1|CBFA2T3|RUNX3|F2RL1|FES|GLI3|IL18|INHBA|ITGA4|MFNG|NFATC2|PTGER4|SFRP1|SOX4|RASGRP1|SPINK5|NCAPH2|LEF1|SASH3|UBASH3B,-0.36,hits
GO Biological Processes,19,GO:1903708,positive regulation of hemopoiesis,-2.2,2.6,3.1,24155,188,503,10,2,0.62,864|2242|2737|3606|3624|5600|10125|51176|54440|85477,RUNX3|FES|GLI3|IL18|INHBA|MAPK11|RASGRP1|LEF1|SASH3|SCIN,-0.36,hits
GO Biological Processes,19,GO:0001525,angiogenesis,-2.2,1.8,2.9,24155,588,503,22,4.4,0.91,1012|1306|2321|3606|4846|5787|6422|7291|7852|7857|8828|9464|9982|10457|11005|26585|51129|51176|51378|79400|79805|79924,CDH13|COL15A1|FLT1|IL18|NOS3|PTPRB|SFRP1|TWIST1|CXCR4|SCG2|NRP2|HAND2|FGFBP1|GPNMB|SPINK5|GREM1|ANGPTL4|LEF1|ANGPT4|NOX5|VASH2|ADM2,-0.36,hits
GO Biological Processes,19,GO:0010720,positive regulation of cell development,-2.2,1.8,2.9,24155,553,503,21,4.2,0.89,627|654|1272|2043|2242|2737|4131|5139|5789|7436|7852|9148|11075|11141|22941|23242|23654|27063|57611|57817|85358,BDNF|BMP6|CNTN1|EPHA4|FES|GLI3|MAP1B|PDE3A|PTPRD|VLDLR|CXCR4|NEURL1|STMN2|IL1RAPL1|SHANK2|COBL|PLXNB2|ANKRD1|ISLR2|HAMP|SHANK3,-0.35,hits
GO Biological Processes,19,GO:0001841,neural tube formation,-2.2,3.2,3.3,24155,105,503,7,1.4,0.52,5076|6422|6659|7291|23242|23654|57619,PAX2|SFRP1|SOX4|TWIST1|COBL|PLXNB2|SHROOM3,-0.35,hits
GO Biological Processes,19,GO:0055007,cardiac muscle cell differentiation,-2.2,2.9,3.2,24155,132,503,8,1.6,0.56,5999|6926|10529|26585|57538|57817|115701|150094,RGS4|TBX3|NEBL|GREM1|ALPK3|HAMP|ALPK2|SIK1,-0.35,hits
GO Biological Processes,19,GO:0042476,odontogenesis,-2.2,2.9,3.2,24155,132,503,8,1.6,0.56,363|2737|3624|5251|7291|8313|9464|51176,AQP6|GLI3|INHBA|PHEX|TWIST1|AXIN2|HAND2|LEF1,-0.35,hits
GO Biological Processes,19,GO:0046879,hormone secretion,-2.2,2.1,3,24155,315,503,14,2.8,0.73,654|776|1113|1136|1588|3624|3651|3708|6422|6659|6926|55638|114899|130399,BMP6|CACNA1D|CHGA|CHRNA3|CYP19A1|INHBA|PDX1|ITPR1|SFRP1|SOX4|TBX3|SYBU|C1QTNF3|ACVR1C,-0.34,hits
GO Biological Processes,19,GO:0010544,negative regulation of platelet activation,-2.2,7.6,4.2,24155,19,503,3,0.6,0.34,4846|5155|84959,NOS3|PDGFB|UBASH3B,-0.33,hits
GO Biological Processes,19,GO:1905939,regulation of gonad development,-2.2,7.6,4.2,24155,19,503,3,0.6,0.34,2796|3643|26471,GNRH1|INSR|NUPR1,-0.33,hits
GO Biological Processes,19,GO:0031098,stress-activated protein kinase signaling cascade,-2.2,2.1,2.9,24155,317,503,14,2.8,0.73,2043|2150|5600|5734|6422|9464|9965|10045|10125|10454|23542|26585|29969|51384,EPHA4|F2RL1|MAPK11|PTGER4|SFRP1|HAND2|FGF19|SH2D3A|RASGRP1|TAB1|MAPK8IP2|GREM1|MDFIC|WNT16,-0.32,hits
GO Biological Processes,19,GO:0033280,response to vitamin D,-2.1,5.2,3.7,24155,37,503,4,0.8,0.4,1591|2242|5251|6422,CYP24A1|FES|PHEX|SFRP1,-0.32,hits
KEGG Pathway,24,hsa04022,cGMP-PKG signaling pathway,-2.1,2.7,3.1,24155,163,503,9,1.8,0.59,107|491|776|3643|3708|3778|4773|4846|5139,ADCY1|ATP2B2|CACNA1D|INSR|ITPR1|KCNMA1|NFATC2|NOS3|PDE3A,-0.31,hits
GO Biological Processes,19,GO:1902903,regulation of supramolecular fiber organization,-2.1,2,2.9,24155,352,503,15,3,0.76,165|2150|2242|4131|5734|5999|6422|6710|10382|11075|29767|85358|85477|150356|163782,AEBP1|F2RL1|FES|MAP1B|PTGER4|RGS4|SFRP1|SPTB|TUBB4A|STMN2|TMOD2|SHANK3|SCIN|CHADL|KANK4,-0.3,hits
KEGG Pathway,24,hsa04010,MAPK signaling pathway,-2.1,2.3,2.9,24155,255,503,12,2.4,0.68,627|776|1844|3845|5155|5600|6300|9965|10125|10235|10454|23542,BDNF|CACNA1D|DUSP2|KRAS|PDGFB|MAPK11|MAPK12|FGF19|RASGRP1|RASGRP2|TAB1|MAPK8IP2,-0.3,hits
KEGG Pathway,24,hsa04370,VEGF signaling pathway,-2.1,4.1,3.4,24155,59,503,5,0.99,0.44,3845|4773|4846|5600|6300,KRAS|NFATC2|NOS3|MAPK11|MAPK12,-0.29,hits
GO Biological Processes,19,GO:0090596,sensory organ morphogenesis,-2.1,2.3,2.9,24155,256,503,12,2.4,0.68,357|639|2202|2737|3198|5076|6496|7291|7483|10002|51384|64220,SHROOM2|PRDM1|EFEMP1|GLI3|HOXA1|PAX2|SIX3|TWIST1|WNT9A|NR2E3|WNT16|STRA6,-0.29,hits
GO Biological Processes,19,GO:1901879,regulation of protein depolymerization,-2.1,3.5,3.3,24155,83,503,6,1.2,0.48,2150|4131|6710|11075|29767|85477,F2RL1|MAP1B|SPTB|STMN2|TMOD2|SCIN,-0.29,hits
Reactome Gene Sets,6,R-HSA-500792,GPCR ligand binding,-2.1,1.9,2.8,24155,457,503,18,3.6,0.83,2150|2357|2788|2796|2840|2925|5731|5732|5734|7483|7852|9002|9890|10316|51384|79924|165140|347148,F2RL1|FPR1|GNG7|GNRH1|GPR17|GRPR|PTGER1|PTGER2|PTGER4|WNT9A|CXCR4|F2RL3|PLPPR4|NMUR1|WNT16|ADM2|OXER1|QRFP,-0.29,hits
GO Biological Processes,19,GO:0051149,positive regulation of muscle cell differentiation,-2.1,3.1,3.2,24155,109,503,7,1.4,0.52,1491|4773|5600|6300|26585|57817|93145,CTH|NFATC2|MAPK11|MAPK12|GREM1|HAMP|OLFM2,-0.29,hits
Reactome Gene Sets,6,R-HSA-167044,Signalling to RAS,-2.1,7.2,4,24155,20,503,3,0.6,0.34,3845|5600|6300,KRAS|MAPK11|MAPK12,-0.29,hits
Reactome Gene Sets,6,R-HSA-388844,Receptor-type tyrosine-protein phosphatases,-2.1,7.2,4,24155,20,503,3,0.6,0.34,5789|8499|11141,PTPRD|PPFIA2|IL1RAPL1,-0.29,hits
GO Biological Processes,19,GO:0030903,notochord development,-2.1,7.2,4,24155,20,503,3,0.6,0.34,23242|286204|344022,COBL|CRB2|NOTO,-0.29,hits
GO Biological Processes,19,GO:0034104,negative regulation of tissue remodeling,-2.1,7.2,4,24155,20,503,3,0.6,0.34,6422|26585|84959,SFRP1|GREM1|UBASH3B,-0.29,hits
GO Biological Processes,19,GO:0043586,tongue development,-2.1,7.2,4,24155,20,503,3,0.6,0.34,2737|9464|51176,GLI3|HAND2|LEF1,-0.29,hits
GO Biological Processes,19,GO:0098698,postsynaptic specialization assembly,-2.1,7.2,4,24155,20,503,3,0.6,0.34,5789|22941|85358,PTPRD|SHANK2|SHANK3,-0.29,hits
GO Biological Processes,19,GO:0001649,osteoblast differentiation,-2.1,2.3,2.9,24155,226,503,11,2.2,0.65,654|1462|1591|2737|6422|7291|8313|9464|10457|26585|51176,BMP6|VCAN|CYP24A1|GLI3|SFRP1|TWIST1|AXIN2|HAND2|GPNMB|GREM1|LEF1,-0.28,hits
Canonical Pathways,11,M3008,NABA ECM GLYCOPROTEINS,-2.1,2.5,3,24155,196,503,10,2,0.62,165|2202|3909|4811|10085|59277|83872|90113|133584|200403,AEBP1|EFEMP1|LAMA3|NID1|EDIL3|NTN4|HMCN1|VWA5B2|EGFLAM|VWA3B,-0.27,hits
Reactome Gene Sets,6,R-HSA-373076,Class A/1 (Rhodopsin-like receptors),-2.1,2.1,2.8,24155,324,503,14,2.8,0.73,2150|2357|2796|2840|2925|5731|5732|5734|7852|9002|9890|10316|165140|347148,F2RL1|FPR1|GNRH1|GPR17|GRPR|PTGER1|PTGER2|PTGER4|CXCR4|F2RL3|PLPPR4|NMUR1|OXER1|QRFP,-0.27,hits
GO Biological Processes,19,GO:0070328,triglyceride homeostasis,-2.1,4.9,3.6,24155,39,503,4,0.8,0.4,3606|51085|51129|114899,IL18|MLXIPL|ANGPTL4|C1QTNF3,-0.26,hits
GO Biological Processes,19,GO:0055090,acylglycerol homeostasis,-2.1,4.9,3.6,24155,39,503,4,0.8,0.4,3606|51085|51129|114899,IL18|MLXIPL|ANGPTL4|C1QTNF3,-0.26,hits
GO Biological Processes,19,GO:1902742,apoptotic process involved in development,-2.1,4.9,3.6,24155,39,503,4,0.8,0.4,5076|6496|9464|51176,PAX2|SIX3|HAND2|LEF1,-0.26,hits
GO Biological Processes,19,GO:0009914,hormone transport,-2.1,2.1,2.8,24155,325,503,14,2.8,0.73,654|776|1113|1136|1588|3624|3651|3708|6422|6659|6926|55638|114899|130399,BMP6|CACNA1D|CHGA|CHRNA3|CYP19A1|INHBA|PDX1|ITPR1|SFRP1|SOX4|TBX3|SYBU|C1QTNF3|ACVR1C,-0.26,hits
GO Biological Processes,19,GO:0003170,heart valve development,-2.1,3.9,3.3,24155,61,503,5,0.99,0.44,639|4846|6659|7291|64220,PRDM1|NOS3|SOX4|TWIST1|STRA6,-0.26,hits
GO Biological Processes,19,GO:0042733,embryonic digit morphogenesis,-2.1,3.9,3.3,24155,61,503,5,0.99,0.44,2737|6926|7291|9464|50515,GLI3|TBX3|TWIST1|HAND2|CHST11,-0.26,hits
GO Biological Processes,19,GO:0045580,regulation of T cell differentiation,-2.1,2.8,3,24155,139,503,8,1.6,0.56,639|864|2737|3606|4773|10125|11005|54440,PRDM1|RUNX3|GLI3|IL18|NFATC2|RASGRP1|SPINK5|SASH3,-0.26,hits
GO Biological Processes,19,GO:0048485,sympathetic nervous system development,-2,6.9,3.9,24155,21,503,3,0.6,0.34,6659|8828|9464,SOX4|NRP2|HAND2,-0.25,hits
GO Biological Processes,19,GO:0030728,ovulation,-2,6.9,3.9,24155,21,503,3,0.6,0.34,174|3624|4846,AFP|INHBA|NOS3,-0.25,hits
GO Biological Processes,19,GO:0001667,ameboidal-type cell migration,-2,1.9,2.7,24155,464,503,18,3.6,0.83,1012|3676|3868|4846|5155|6286|7291|7857|8828|9464|9965|9982|26585|51378|56920|80031|130399|286204,CDH13|ITGA4|KRT16|NOS3|PDGFB|S100P|TWIST1|SCG2|NRP2|HAND2|FGF19|FGFBP1|GREM1|ANGPT4|SEMA3G|SEMA6D|ACVR1C|CRB2,-0.25,hits
KEGG Pathway,24,hsa04725,Cholinergic synapse,-2,3,3.1,24155,112,503,7,1.4,0.52,107|776|1136|2788|3708|3761|3845,ADCY1|CACNA1D|CHRNA3|GNG7|ITPR1|KCNJ4|KRAS,-0.25,hits
GO Biological Processes,19,GO:0072001,renal system development,-2,2.1,2.8,24155,294,503,13,2.6,0.71,654|2043|2294|2737|4811|5076|5155|6422|6659|10252|64220|80310|157506,BMP6|EPHA4|FOXF1|GLI3|NID1|PAX2|PDGFB|SFRP1|SOX4|SPRY1|STRA6|PDGFD|RDH10,-0.25,hits
GO Biological Processes,19,GO:0050866,negative regulation of cell activation,-2,2.4,2.9,24155,199,503,10,2,0.62,864|2294|2737|2796|3624|4846|5155|6422|10457|84959,RUNX3|FOXF1|GLI3|GNRH1|INHBA|NOS3|PDGFB|SFRP1|GPNMB|UBASH3B,-0.25,hits
GO Biological Processes,19,GO:0060538,skeletal muscle organ development,-2,2.6,3,24155,169,503,9,1.8,0.59,1959|7291|9148|22989|26471|27063|64091|64220|79784,EGR2|TWIST1|NEURL1|MYH15|NUPR1|ANKRD1|POPDC2|STRA6|MYH14,-0.25,hits
GO Biological Processes,19,GO:0071396,cellular response to lipid,-2,1.7,2.7,24155,610,503,22,4.4,0.91,107|654|1373|1591|2242|2706|3606|3624|4846|5076|5251|5732|5734|6422|7025|7483|10002|27063|51176|56937|57476|57817,ADCY1|BMP6|CPS1|CYP24A1|FES|GJB2|IL18|INHBA|NOS3|PAX2|PHEX|PTGER2|PTGER4|SFRP1|NR2F1|WNT9A|NR2E3|ANKRD1|LEF1|PMEPA1|GRAMD1B|HAMP,-0.24,hits
GO Biological Processes,19,GO:0043244,regulation of protein complex disassembly,-2,3,3.1,24155,113,503,7,1.4,0.52,2150|3643|4131|6710|11075|29767|85477,F2RL1|INSR|MAP1B|SPTB|STMN2|TMOD2|SCIN,-0.24,hits
GO Biological Processes,19,GO:0031333,negative regulation of protein complex assembly,-2,2.7,3,24155,141,503,8,1.6,0.56,5734|6710|10382|11075|29767|56937|85477|163782,PTGER4|SPTB|TUBB4A|STMN2|TMOD2|PMEPA1|SCIN|KANK4,-0.23,hits
GO Biological Processes,19,GO:0001837,epithelial to mesenchymal transition,-2,2.7,3,24155,142,503,8,1.6,0.56,6422|7291|8313|10252|26585|51176|51384|286204,SFRP1|TWIST1|AXIN2|SPRY1|GREM1|LEF1|WNT16|CRB2,-0.22,hits
GO Biological Processes,19,GO:0051588,regulation of neurotransmitter transport,-2,2.7,3,24155,142,503,8,1.6,0.56,107|776|1136|5413|5999|6529|8499|9162,ADCY1|CACNA1D|CHRNA3|SEPTIN5|RGS4|SLC6A1|PPFIA2|DGKI,-0.22,hits
KEGG Pathway,24,hsa04670,Leukocyte transendothelial migration,-2,2.9,3,24155,114,503,7,1.4,0.52,3676|5600|6300|7852|9071|9075|9080,ITGA4|MAPK11|MAPK12|CXCR4|CLDN10|CLDN2|CLDN9,-0.22,hits
