,_MEMBER_hits,_LogP_hits,GO,Description,_PATTERN_,_RANK_,GiniIndex
19_GO:0021602,1,-3.5,GO:0021602,cranial nerve morphogenesis,M1,1,0
19_GO:0009792,1,-4.8,GO:0009792,embryo development ending in birth or egg hatching,M1,1,0
19_GO:0001505,1,-2.5,GO:0001505,regulation of neurotransmitter levels,M1,1,0
19_GO:0031098,1,-2.2,GO:0031098,stress-activated protein kinase signaling cascade,M1,1,0
19_GO:1902904,1,-2.5,GO:1902904,negative regulation of supramolecular fiber organization,M1,1,0
19_GO:0060485,1,-4.1,GO:0060485,mesenchyme development,M1,1,0
19_GO:0021872,1,-2.5,GO:0021872,forebrain generation of neurons,M1,1,0
19_GO:0030155,1,-2.2,GO:0030155,regulation of cell adhesion,M1,1,0
24_hsa04022,1,-2.1,hsa04022,cGMP-PKG signaling pathway,M1,1,0
19_GO:0060537,1,-3.4,GO:0060537,muscle tissue development,M1,1,0
19_GO:0048596,1,-3.8,GO:0048596,embryonic camera-type eye morphogenesis,M1,1,0
6_R-HSA-112316,1,-3.3,R-HSA-112316,Neuronal System,M1,1,0
19_GO:0048589,1,-3.3,GO:0048589,developmental growth,M1,1,0
19_GO:0050708,1,-3,GO:0050708,regulation of protein secretion,M1,1,0
19_GO:0050679,1,-2.4,GO:0050679,positive regulation of epithelial cell proliferation,M1,1,0
19_GO:0099536,1,-5,GO:0099536,synaptic signaling,M1,1,0
24_hsa04726,1,-2.6,hsa04726,Serotonergic synapse,M1,1,0
19_GO:1900006,1,-3.8,GO:1900006,positive regulation of dendrite development,M1,1,0
19_GO:0043583,1,-3.1,GO:0043583,ear development,M1,1,0
19_GO:0055006,1,-2.4,GO:0055006,cardiac cell development,M1,1,0
19_GO:0048645,1,-2.8,GO:0048645,animal organ formation,M1,1,0
19_GO:0045860,1,-2.7,GO:0045860,positive regulation of protein kinase activity,M1,1,0
19_GO:0055001,1,-2.2,GO:0055001,muscle cell development,M1,1,0
19_GO:0003002,1,-3.8,GO:0003002,regionalization,M1,1,0
19_GO:0014065,1,-3,GO:0014065,phosphatidylinositol 3-kinase signaling,M1,1,0
19_GO:0001704,1,-2.4,GO:0001704,formation of primary germ layer,M1,1,0
19_GO:0061138,1,-2.3,GO:0061138,morphogenesis of a branching epithelium,M1,1,0
19_GO:0007409,1,-6.2,GO:0007409,axonogenesis,M1,1,0
19_GO:0048485,1,-2,GO:0048485,sympathetic nervous system development,M1,1,0
19_GO:1905939,1,-2.2,GO:1905939,regulation of gonad development,M1,1,0
19_GO:0001101,1,-2.6,GO:0001101,response to acid chemical,M1,1,0
19_GO:0045668,1,-2.4,GO:0045668,negative regulation of osteoblast differentiation,M1,1,0
19_GO:0048732,1,-2.7,GO:0048732,gland development,M1,1,0
19_GO:0019932,1,-2.6,GO:0019932,second-messenger-mediated signaling,M1,1,0
19_GO:0048705,1,-3.3,GO:0048705,skeletal system morphogenesis,M1,1,0
6_R-HSA-9006934,1,-3.4,R-HSA-9006934,Signaling by Receptor Tyrosine Kinases,M1,1,0
19_GO:0099173,1,-2.6,GO:0099173,postsynapse organization,M1,1,0
19_GO:0061371,1,-2.6,GO:0061371,determination of heart left/right asymmetry,M1,1,0
19_GO:0035176,1,-2.4,GO:0035176,social behavior,M1,1,0
19_GO:0055007,1,-2.2,GO:0055007,cardiac muscle cell differentiation,M1,1,0
19_GO:0009953,1,-2.6,GO:0009953,dorsal/ventral pattern formation,M1,1,0
19_GO:0001525,1,-2.2,GO:0001525,angiogenesis,M1,1,0
19_GO:0033280,1,-2.1,GO:0033280,response to vitamin D,M1,1,0
19_GO:0055090,1,-2.1,GO:0055090,acylglycerol homeostasis,M1,1,0
19_GO:0050714,1,-2.8,GO:0050714,positive regulation of protein secretion,M1,1,0
19_GO:0014066,1,-2.9,GO:0014066,regulation of phosphatidylinositol 3-kinase signaling,M1,1,0
6_R-HSA-416476,1,-4.9,R-HSA-416476,G alpha (q) signalling events,M1,1,0
19_GO:0009306,1,-2.8,GO:0009306,protein secretion,M1,1,0
6_R-HSA-375165,1,-2.7,R-HSA-375165,NCAM signaling for neurite out-growth,M1,1,0
19_GO:0048863,1,-2.5,GO:0048863,stem cell differentiation,M1,1,0
24_hsa04015,1,-4.4,hsa04015,Rap1 signaling pathway,M1,1,0
19_GO:0061029,1,-2.7,GO:0061029,eyelid development in camera-type eye,M1,1,0
24_hsa04010,1,-2.1,hsa04010,MAPK signaling pathway,M1,1,0
19_GO:0046883,1,-2.4,GO:0046883,regulation of hormone secretion,M1,1,0
6_R-HSA-391903,1,-5,R-HSA-391903,Eicosanoid ligand-binding receptors,M1,1,0
6_R-HSA-500792,1,-2.1,R-HSA-500792,GPCR ligand binding,M1,1,0
19_GO:0021953,1,-2.3,GO:0021953,central nervous system neuron differentiation,M1,1,0
19_GO:0042476,1,-2.2,GO:0042476,odontogenesis,M1,1,0
19_GO:2000241,1,-2.4,GO:2000241,regulation of reproductive process,M1,1,0
19_GO:0071295,1,-2.4,GO:0071295,cellular response to vitamin,M1,1,0
19_GO:0060078,1,-2.6,GO:0060078,regulation of postsynaptic membrane potential,M1,1,0
19_GO:0035115,1,-2.3,GO:0035115,embryonic forelimb morphogenesis,M1,1,0
19_GO:0035282,1,-3.6,GO:0035282,segmentation,M1,1,0
19_GO:0050953,1,-3.1,GO:0050953,sensory perception of light stimulus,M1,1,0
6_R-HSA-4411364,1,-3.3,R-HSA-4411364,Binding of TCF/LEF:CTNNB1 to target gene promoters,M1,1,0
19_GO:0003170,1,-2.1,GO:0003170,heart valve development,M1,1,0
19_GO:0060840,1,-2.9,GO:0060840,artery development,M1,1,0
19_GO:1904018,1,-2.5,GO:1904018,positive regulation of vasculature development,M1,1,0
19_GO:0021675,1,-3.6,GO:0021675,nerve development,M1,1,0
19_GO:0007612,1,-2.5,GO:0007612,learning,M1,1,0
24_hsa04611,1,-3,hsa04611,Platelet activation,M1,1,0
19_GO:0042733,1,-2.1,GO:0042733,embryonic digit morphogenesis,M1,1,0
19_GO:0032330,1,-4.9,GO:0032330,regulation of chondrocyte differentiation,M1,1,0
19_GO:0048858,1,-5.8,GO:0048858,cell projection morphogenesis,M1,1,0
11_M5885,1,-3.9,M5885,NABA MATRISOME ASSOCIATED,M1,1,0
19_GO:0072001,1,-2,GO:0072001,renal system development,M1,1,0
19_GO:0048706,1,-2.3,GO:0048706,embryonic skeletal system development,M1,1,0
19_GO:0045666,1,-3.1,GO:0045666,positive regulation of neuron differentiation,M1,1,0
19_GO:0061458,1,-4.8,GO:0061458,reproductive system development,M1,1,0
19_GO:0046632,1,-2.3,GO:0046632,alpha-beta T cell differentiation,M1,1,0
19_GO:0071407,1,-2.3,GO:0071407,cellular response to organic cyclic compound,M1,1,0
19_GO:0002793,1,-2.5,GO:0002793,positive regulation of peptide secretion,M1,1,0
6_R-HSA-418457,1,-2.4,R-HSA-418457,cGMP effects,M1,1,0
19_GO:0048169,1,-2.7,GO:0048169,regulation of long-term neuronal synaptic plasticity,M1,1,0
19_GO:0001707,1,-2.3,GO:0001707,mesoderm formation,M1,1,0
19_GO:0050804,1,-4.8,GO:0050804,modulation of chemical synaptic transmission,M1,1,0
19_GO:0033273,1,-2.5,GO:0033273,response to vitamin,M1,1,0
19_GO:2000194,1,-2.7,GO:2000194,regulation of female gonad development,M1,1,0
19_GO:0048332,1,-3,GO:0048332,mesoderm morphogenesis,M1,1,0
24_hsa04912,1,-2.5,hsa04912,GnRH signaling pathway,M1,1,0
19_GO:0018108,1,-2.8,GO:0018108,peptidyl-tyrosine phosphorylation,M1,1,0
19_GO:0030540,1,-2.3,GO:0030540,female genitalia development,M1,1,0
19_GO:0043408,1,-2.7,GO:0043408,regulation of MAPK cascade,M1,1,0
6_R-HSA-373752,1,-2.4,R-HSA-373752,Netrin-1 signaling,M1,1,0
19_GO:0030198,1,-3.5,GO:0030198,extracellular matrix organization,M1,1,0
19_GO:0007156,1,-8.5,GO:0007156,homophilic cell adhesion via plasma membrane adhesion molecules,M1,1,0
19_GO:0003279,1,-2.6,GO:0003279,cardiac septum development,M1,1,0
19_GO:0048608,1,-4.8,GO:0048608,reproductive structure development,M1,1,0
19_GO:0034104,1,-2.1,GO:0034104,negative regulation of tissue remodeling,M1,1,0
19_GO:0071625,1,-2.2,GO:0071625,vocalization behavior,M1,1,0
19_GO:0046785,1,-2.3,GO:0046785,microtubule polymerization,M1,1,0
19_GO:0001667,1,-2,GO:0001667,ameboidal-type cell migration,M1,1,0
19_GO:0023061,1,-2.4,GO:0023061,signal release,M1,1,0
19_GO:0051146,1,-2.8,GO:0051146,striated muscle cell differentiation,M1,1,0
19_GO:0021604,1,-2.9,GO:0021604,cranial nerve structural organization,M1,1,0
19_GO:0046777,1,-2.4,GO:0046777,protein autophosphorylation,M1,1,0
19_GO:0071380,1,-2.4,GO:0071380,cellular response to prostaglandin E stimulus,M1,1,0
19_GO:0048844,1,-2.3,GO:0048844,artery morphogenesis,M1,1,0
19_GO:0006935,1,-5.6,GO:0006935,chemotaxis,M1,1,0
19_GO:0048813,1,-2.5,GO:0048813,dendrite morphogenesis,M1,1,0
19_GO:0010544,1,-2.2,GO:0010544,negative regulation of platelet activation,M1,1,0
19_GO:0048864,1,-2.7,GO:0048864,stem cell development,M1,1,0
19_GO:0032990,1,-5.9,GO:0032990,cell part morphogenesis,M1,1,0
19_GO:0001701,1,-3,GO:0001701,in utero embryonic development,M1,1,0
6_R-HSA-167044,1,-2.1,R-HSA-167044,Signalling to RAS,M1,1,0
19_GO:0048880,1,-2.7,GO:0048880,sensory system development,M1,1,0
19_GO:0046579,1,-2.7,GO:0046579,positive regulation of Ras protein signal transduction,M1,1,0
19_GO:0097090,1,-2.8,GO:0097090,presynaptic membrane organization,M1,1,0
19_GO:0043009,1,-4.2,GO:0043009,chordate embryonic development,M1,1,0
19_GO:0007548,1,-3.2,GO:0007548,sex differentiation,M1,1,0
19_GO:0009914,1,-2.1,GO:0009914,hormone transport,M1,1,0
19_GO:0007254,1,-2.2,GO:0007254,JNK cascade,M1,1,0
19_GO:0001504,1,-2.6,GO:0001504,neurotransmitter uptake,M1,1,0
19_GO:0007411,1,-4.7,GO:0007411,axon guidance,M1,1,0
19_GO:0097485,1,-4.6,GO:0097485,neuron projection guidance,M1,1,0
6_R-HSA-112315,1,-2.7,R-HSA-112315,Transmission across Chemical Synapses,M1,1,0
19_GO:0010001,1,-2.7,GO:0010001,glial cell differentiation,M1,1,0
24_hsa04370,1,-2.1,hsa04370,VEGF signaling pathway,M1,1,0
19_GO:0048168,1,-3.1,GO:0048168,regulation of neuronal synaptic plasticity,M1,1,0
19_GO:0048048,1,-4.2,GO:0048048,embryonic eye morphogenesis,M1,1,0
19_GO:0033674,1,-2.6,GO:0033674,positive regulation of kinase activity,M1,1,0
19_GO:0051588,1,-2,GO:0051588,regulation of neurotransmitter transport,M1,1,0
24_hsa04723,1,-2.3,hsa04723,Retrograde endocannabinoid signaling,M1,1,0
19_GO:0032604,1,-2.4,GO:0032604,granulocyte macrophage colony-stimulating factor production,M1,1,0
24_hsa04750,1,-2.4,hsa04750,Inflammatory mediator regulation of TRP channels,M1,1,0
19_GO:0048532,1,-2.3,GO:0048532,anatomical structure arrangement,M1,1,0
19_GO:0032645,1,-2.5,GO:0032645,regulation of granulocyte macrophage colony-stimulating factor production,M1,1,0
19_GO:0001756,1,-2.5,GO:0001756,somitogenesis,M1,1,0
19_GO:0048812,1,-6,GO:0048812,neuron projection morphogenesis,M1,1,0
19_GO:0001568,1,-4.5,GO:0001568,blood vessel development,M1,1,0
19_GO:0090596,1,-2.1,GO:0090596,sensory organ morphogenesis,M1,1,0
19_GO:1903532,1,-2.3,GO:1903532,positive regulation of secretion by cell,M1,1,0
19_GO:0048736,1,-2.4,GO:0048736,appendage development,M1,1,0
19_GO:0001654,1,-2.8,GO:0001654,eye development,M1,1,0
19_GO:0045619,1,-2.5,GO:0045619,regulation of lymphocyte differentiation,M1,1,0
19_GO:1902742,1,-2.1,GO:1902742,apoptotic process involved in development,M1,1,0
19_GO:0001890,1,-2.3,GO:0001890,placenta development,M1,1,0
19_GO:0061035,1,-3.9,GO:0061035,regulation of cartilage development,M1,1,0
19_GO:0046851,1,-2.5,GO:0046851,negative regulation of bone remodeling,M1,1,0
19_GO:0050773,1,-2.4,GO:0050773,regulation of dendrite development,M1,1,0
19_GO:0045580,1,-2.1,GO:0045580,regulation of T cell differentiation,M1,1,0
19_GO:0090659,1,-2.4,GO:0090659,walking behavior,M1,1,0
19_GO:0007171,1,-2.7,GO:0007171,activation of transmembrane receptor protein tyrosine kinase activity,M1,1,0
19_GO:0043244,1,-2,GO:0043244,regulation of protein complex disassembly,M1,1,0
19_GO:0035107,1,-2.4,GO:0035107,appendage morphogenesis,M1,1,0
19_GO:0001763,1,-2.6,GO:0001763,morphogenesis of a branching structure,M1,1,0
19_GO:0032331,1,-2.9,GO:0032331,negative regulation of chondrocyte differentiation,M1,1,0
19_GO:0016339,1,-2.5,GO:0016339,calcium-dependent cell-cell adhesion via plasma membrane cell adhesion molecules,M1,1,0
19_GO:0097107,1,-2.3,GO:0097107,postsynaptic density assembly,M1,1,0
19_GO:0048593,1,-2.6,GO:0048593,camera-type eye morphogenesis,M1,1,0
6_R-HSA-2474795,1,-2.6,R-HSA-2474795,Diseases associated with visual transduction,M1,1,0
24_hsa04724,1,-2.6,hsa04724,Glutamatergic synapse,M1,1,0
19_GO:0048167,1,-3.2,GO:0048167,regulation of synaptic plasticity,M1,1,0
24_hsa04014,1,-2.5,hsa04014,Ras signaling pathway,M1,1,0
19_GO:0120039,1,-5.8,GO:0120039,plasma membrane bounded cell projection morphogenesis,M1,1,0
19_GO:0051047,1,-3.1,GO:0051047,positive regulation of secretion,M1,1,0
19_GO:0007416,1,-2.9,GO:0007416,synapse assembly,M1,1,0
6_R-HSA-209776,1,-2.2,R-HSA-209776,Metabolism of amine-derived hormones,M1,1,0
19_GO:0071305,1,-2.9,GO:0071305,cellular response to vitamin D,M1,1,0
19_GO:0051216,1,-3.3,GO:0051216,cartilage development,M1,1,0
11_M3008,1,-2.1,M3008,NABA ECM GLYCOPROTEINS,M1,1,0
19_GO:0007368,1,-2.5,GO:0007368,determination of left/right symmetry,M1,1,0
6_R-HSA-114508,1,-3.7,R-HSA-114508,Effects of PIP2 hydrolysis,M1,1,0
19_GO:0014031,1,-2.7,GO:0014031,mesenchymal cell development,M1,1,0
19_GO:0007628,1,-2.5,GO:0007628,adult walking behavior,M1,1,0
11_M5887,1,-2.9,M5887,NABA BASEMENT MEMBRANES,M1,1,0
19_GO:0006836,1,-2.3,GO:0006836,neurotransmitter transport,M1,1,0
19_GO:0043410,1,-2.2,GO:0043410,positive regulation of MAPK cascade,M1,1,0
19_GO:0060900,1,-4.1,GO:0060900,embryonic camera-type eye formation,M1,1,0
19_GO:0051149,1,-2.1,GO:0051149,positive regulation of muscle cell differentiation,M1,1,0
19_GO:0099565,1,-3.4,GO:0099565,"chemical synaptic transmission, postsynaptic",M1,1,0
19_GO:0051057,1,-2.4,GO:0051057,positive regulation of small GTPase mediated signal transduction,M1,1,0
24_hsa04670,1,-2,hsa04670,Leukocyte transendothelial migration,M1,1,0
19_GO:0099177,1,-4.7,GO:0099177,regulation of trans-synaptic signaling,M1,1,0
19_GO:0030326,1,-2.3,GO:0030326,embryonic limb morphogenesis,M1,1,0
19_GO:0070848,1,-2.7,GO:0070848,response to growth factor,M1,1,0
19_GO:0071526,1,-2.9,GO:0071526,semaphorin-plexin signaling pathway,M1,1,0
19_GO:0099537,1,-5.1,GO:0099537,trans-synaptic signaling,M1,1,0
19_GO:0048667,1,-6.6,GO:0048667,cell morphogenesis involved in neuron differentiation,M1,1,0
19_GO:1902105,1,-2.3,GO:1902105,regulation of leukocyte differentiation,M1,1,0
19_GO:0008585,1,-4.5,GO:0008585,female gonad development,M1,1,0
19_GO:0030534,1,-2.5,GO:0030534,adult behavior,M1,1,0
19_GO:0021545,1,-2.4,GO:0021545,cranial nerve development,M1,1,0
19_GO:0002790,1,-2.5,GO:0002790,peptide secretion,M1,1,0
19_GO:0150063,1,-2.7,GO:0150063,visual system development,M1,1,0
11_M5884,1,-3.2,M5884,NABA CORE MATRISOME,M1,1,0
19_GO:0048568,1,-5.4,GO:0048568,embryonic organ development,M1,1,0
19_GO:0031346,1,-2.9,GO:0031346,positive regulation of cell projection organization,M1,1,0
19_GO:0035113,1,-2.3,GO:0035113,embryonic appendage morphogenesis,M1,1,0
19_GO:0001935,1,-2.5,GO:0001935,endothelial cell proliferation,M1,1,0
19_GO:0009855,1,-2.8,GO:0009855,determination of bilateral symmetry,M1,1,0
19_GO:0098742,1,-9.1,GO:0098742,cell-cell adhesion via plasma-membrane adhesion molecules,M1,1,0
19_GO:0030238,1,-2.5,GO:0030238,male sex determination,M1,1,0
19_GO:0050808,1,-4.3,GO:0050808,synapse organization,M1,1,0
19_GO:0030098,1,-2.5,GO:0030098,lymphocyte differentiation,M1,1,0
19_GO:0007631,1,-2.3,GO:0007631,feeding behavior,M1,1,0
19_GO:0060541,1,-3.6,GO:0060541,respiratory system development,M1,1,0
19_GO:0045137,1,-2.6,GO:0045137,development of primary sexual characteristics,M1,1,0
19_GO:0070542,1,-2.7,GO:0070542,response to fatty acid,M1,1,0
19_GO:0048333,1,-2.2,GO:0048333,mesodermal cell differentiation,M1,1,0
19_GO:1903530,1,-3.5,GO:1903530,regulation of secretion by cell,M1,1,0
24_hsa04550,1,-2.6,hsa04550,Signaling pathways regulating pluripotency of stem cells,M1,1,0
19_GO:0061564,1,-5.4,GO:0061564,axon development,M1,1,0
19_GO:0098698,1,-2.1,GO:0098698,postsynaptic specialization assembly,M1,1,0
19_GO:0046879,1,-2.2,GO:0046879,hormone secretion,M1,1,0
19_GO:0008406,1,-2.2,GO:0008406,gonad development,M1,1,0
19_GO:0007507,1,-5.6,GO:0007507,heart development,M1,1,0
19_GO:0048762,1,-4.2,GO:0048762,mesenchymal cell differentiation,M1,1,0
19_GO:0032725,1,-2.7,GO:0032725,positive regulation of granulocyte macrophage colony-stimulating factor production,M1,1,0
19_GO:0062013,1,-2.3,GO:0062013,positive regulation of small molecule metabolic process,M1,1,0
19_GO:0030217,1,-2.3,GO:0030217,T cell differentiation,M1,1,0
19_GO:0048017,1,-2.8,GO:0048017,inositol lipid-mediated signaling,M1,1,0
19_GO:0001649,1,-2.1,GO:0001649,osteoblast differentiation,M1,1,0
19_GO:0055002,1,-2.5,GO:0055002,striated muscle cell development,M1,1,0
19_GO:1901879,1,-2.1,GO:1901879,regulation of protein depolymerization,M1,1,0
19_GO:0016331,1,-2.9,GO:0016331,morphogenesis of embryonic epithelium,M1,1,0
19_GO:0050769,1,-2.3,GO:0050769,positive regulation of neurogenesis,M1,1,0
19_GO:0003006,1,-4,GO:0003006,developmental process involved in reproduction,M1,1,0
19_GO:0051705,1,-3.3,GO:0051705,multi-organism behavior,M1,1,0
19_GO:0060079,1,-2.3,GO:0060079,excitatory postsynaptic potential,M1,1,0
6_R-HSA-194138,1,-2.7,R-HSA-194138,Signaling by VEGF,M1,1,0
19_GO:0042330,1,-5.6,GO:0042330,taxis,M1,1,0
19_GO:0031954,1,-2.7,GO:0031954,positive regulation of protein autophosphorylation,M1,1,0
19_GO:0060021,1,-2.6,GO:0060021,roof of mouth development,M1,1,0
19_GO:0061037,1,-2.5,GO:0061037,negative regulation of cartilage development,M1,1,0
19_GO:0048704,1,-3.1,GO:0048704,embryonic skeletal system morphogenesis,M1,1,0
19_GO:0035051,1,-3.1,GO:0035051,cardiocyte differentiation,M1,1,0
19_GO:0048729,1,-4.8,GO:0048729,tissue morphogenesis,M1,1,0
19_GO:0014032,1,-2.8,GO:0014032,neural crest cell development,M1,1,0
19_GO:0007611,1,-4,GO:0007611,learning or memory,M1,1,0
19_GO:0034695,1,-4,GO:0034695,response to prostaglandin E,M1,1,0
19_GO:0010092,1,-2.3,GO:0010092,specification of animal organ identity,M1,1,0
19_GO:0048592,1,-3.5,GO:0048592,eye morphogenesis,M1,1,0
19_GO:0045596,1,-3.2,GO:0045596,negative regulation of cell differentiation,M1,1,0
19_GO:0030323,1,-3.5,GO:0030323,respiratory tube development,M1,1,0
19_GO:0046545,1,-5.1,GO:0046545,development of primary female sexual characteristics,M1,1,0
19_GO:0048598,1,-6.1,GO:0048598,embryonic morphogenesis,M1,1,0
19_GO:0007200,1,-2.3,GO:0007200,phospholipase C-activating G protein-coupled receptor signaling pathway,M1,1,0
19_GO:1903708,1,-2.2,GO:1903708,positive regulation of hemopoiesis,M1,1,0
19_GO:0014068,1,-2.6,GO:0014068,positive regulation of phosphatidylinositol 3-kinase signaling,M1,1,0
24_hsa05200,1,-2.8,hsa05200,Pathways in cancer,M1,1,0
19_GO:0120035,1,-2.8,GO:0120035,regulation of plasma membrane bounded cell projection organization,M1,1,0
19_GO:0002062,1,-4.9,GO:0002062,chondrocyte differentiation,M1,1,0
19_GO:0060292,1,-2.4,GO:0060292,long-term synaptic depression,M1,1,0
19_GO:0001944,1,-4.9,GO:0001944,vasculature development,M1,1,0
19_GO:0014033,1,-3.2,GO:0014033,neural crest cell differentiation,M1,1,0
19_GO:0050886,1,-2.7,GO:0050886,endocrine process,M1,1,0
19_GO:0048562,1,-5,GO:0048562,embryonic organ morphogenesis,M1,1,0
19_GO:0048565,1,-2.7,GO:0048565,digestive tract development,M1,1,0
19_GO:0046660,1,-6.1,GO:0046660,female sex differentiation,M1,1,0
19_GO:0009799,1,-2.8,GO:0009799,specification of symmetry,M1,1,0
19_GO:1905114,1,-2.5,GO:1905114,cell surface receptor signaling pathway involved in cell-cell signaling,M1,1,0
19_GO:0032272,1,-2.4,GO:0032272,negative regulation of protein polymerization,M1,1,0
19_GO:0030903,1,-2.1,GO:0030903,notochord development,M1,1,0
19_GO:0010976,1,-4,GO:0010976,positive regulation of neuron projection development,M1,1,0
19_GO:0045859,1,-3.2,GO:0045859,regulation of protein kinase activity,M1,1,0
6_R-HSA-388844,1,-2.1,R-HSA-388844,Receptor-type tyrosine-protein phosphatases,M1,1,0
24_hsa04924,1,-2.6,hsa04924,Renin secretion,M1,1,0
19_GO:0060441,1,-2.5,GO:0060441,epithelial tube branching involved in lung morphogenesis,M1,1,0
19_GO:0060560,1,-2.9,GO:0060560,developmental growth involved in morphogenesis,M1,1,0
19_GO:0048514,1,-2.9,GO:0048514,blood vessel morphogenesis,M1,1,0
19_GO:0002791,1,-2.7,GO:0002791,regulation of peptide secretion,M1,1,0
19_GO:0018212,1,-2.7,GO:0018212,peptidyl-tyrosine modification,M1,1,0
19_GO:0071396,1,-2,GO:0071396,cellular response to lipid,M1,1,0
19_GO:0031344,1,-2.7,GO:0031344,regulation of cell projection organization,M1,1,0
19_GO:0044057,1,-2.9,GO:0044057,regulation of system process,M1,1,0
19_GO:0061061,1,-4.4,GO:0061061,muscle structure development,M1,1,0
19_GO:0010720,1,-2.2,GO:0010720,positive regulation of cell development,M1,1,0
19_GO:0055123,1,-3,GO:0055123,digestive system development,M1,1,0
19_GO:0071363,1,-2.7,GO:0071363,cellular response to growth factor stimulus,M1,1,0
19_GO:0060173,1,-2.4,GO:0060173,limb development,M1,1,0
6_R-HSA-2453864,1,-2.6,R-HSA-2453864,Retinoid cycle disease events,M1,1,0
19_GO:1904861,1,-2.8,GO:1904861,excitatory synapse assembly,M1,1,0
6_R-HSA-392154,1,-3,R-HSA-392154,Nitric oxide stimulates guanylate cyclase,M1,1,0
19_GO:0010975,1,-3.4,GO:0010975,regulation of neuron projection development,M1,1,0
19_GO:0003007,1,-4.4,GO:0003007,heart morphogenesis,M1,1,0
19_GO:0043586,1,-2.1,GO:0043586,tongue development,M1,1,0
19_GO:0030324,1,-3.6,GO:0030324,lung development,M1,1,0
19_GO:0030728,1,-2,GO:0030728,ovulation,M1,1,0
6_R-HSA-373076,1,-2.1,R-HSA-373076,Class A/1 (Rhodopsin-like receptors),M1,1,0
24_hsa04360,1,-2.9,hsa04360,Axon guidance,M1,1,0
19_GO:0045664,1,-3.2,GO:0045664,regulation of neuron differentiation,M1,1,0
19_GO:0051403,1,-2.5,GO:0051403,stress-activated MAPK cascade,M1,1,0
19_GO:0043406,1,-2.5,GO:0043406,positive regulation of MAP kinase activity,M1,1,0
19_GO:0060562,1,-4.3,GO:0060562,epithelial tube morphogenesis,M1,1,0
19_GO:0016358,1,-2.4,GO:0016358,dendrite development,M1,1,0
19_GO:0000904,1,-5.9,GO:0000904,cell morphogenesis involved in differentiation,M1,1,0
19_GO:0007610,1,-5.5,GO:0007610,behavior,M1,1,0
19_GO:0097435,1,-2.4,GO:0097435,supramolecular fiber organization,M1,1,0
6_R-HSA-422475,1,-4,R-HSA-422475,Axon guidance,M1,1,0
19_GO:0007268,1,-4.4,GO:0007268,chemical synaptic transmission,M1,1,0
19_GO:0043062,1,-2.8,GO:0043062,extracellular structure organization,M1,1,0
19_GO:0008285,1,-2.3,GO:0008285,negative regulation of cell proliferation,M1,1,0
6_R-HSA-171007,1,-2.7,R-HSA-171007,p38MAPK events,M1,1,0
19_GO:0031333,1,-2,GO:0031333,negative regulation of protein complex assembly,M1,1,0
19_GO:0043584,1,-2.5,GO:0043584,nose development,M1,1,0
19_GO:0001938,1,-2.6,GO:0001938,positive regulation of endothelial cell proliferation,M1,1,0
19_GO:0034694,1,-3.4,GO:0034694,response to prostaglandin,M1,1,0
19_GO:0007601,1,-3.2,GO:0007601,visual perception,M1,1,0
19_GO:0002521,1,-2.2,GO:0002521,leukocyte differentiation,M1,1,0
24_hsa05217,1,-2.2,hsa05217,Basal cell carcinoma,M1,1,0
6_R-HSA-391908,1,-3.2,R-HSA-391908,Prostanoid ligand receptors,M1,1,0
11_M5883,1,-2.2,M5883,NABA SECRETED FACTORS,M1,1,0
19_GO:0031016,1,-2.2,GO:0031016,pancreas development,M1,1,0
19_GO:0051703,1,-2.4,GO:0051703,intraspecies interaction between organisms,M1,1,0
19_GO:0090193,1,-2.9,GO:0090193,positive regulation of glomerulus development,M1,1,0
19_GO:0050890,1,-3.8,GO:0050890,cognition,M1,1,0
19_GO:0042692,1,-4.1,GO:0042692,muscle cell differentiation,M1,1,0
19_GO:0002009,1,-3.3,GO:0002009,morphogenesis of an epithelium,M1,1,0
19_GO:0090192,1,-2.4,GO:0090192,regulation of glomerulus development,M1,1,0
19_GO:0048871,1,-2.9,GO:0048871,multicellular organismal homeostasis,M1,1,0
19_GO:0001841,1,-2.2,GO:0001841,neural tube formation,M1,1,0
19_GO:0061448,1,-3.2,GO:0061448,connective tissue development,M1,1,0
19_GO:0035108,1,-2.4,GO:0035108,limb morphogenesis,M1,1,0
19_GO:0070328,1,-2.1,GO:0070328,triglyceride homeostasis,M1,1,0
19_GO:0014706,1,-3.2,GO:0014706,striated muscle tissue development,M1,1,0
19_GO:0051147,1,-2.8,GO:0051147,regulation of muscle cell differentiation,M1,1,0
19_GO:0001837,1,-2,GO:0001837,epithelial to mesenchymal transition,M1,1,0
19_GO:0001755,1,-2.9,GO:0001755,neural crest cell migration,M1,1,0
19_GO:0001501,1,-4,GO:0001501,skeletal system development,M1,1,0
19_GO:0007423,1,-4,GO:0007423,sensory organ development,M1,1,0
19_GO:0048015,1,-2.8,GO:0048015,phosphatidylinositol-mediated signaling,M1,1,0
19_GO:0031076,1,-4,GO:0031076,embryonic camera-type eye development,M1,1,0
19_GO:0043405,1,-3.5,GO:0043405,regulation of MAP kinase activity,M1,1,0
19_GO:0060538,1,-2,GO:0060538,skeletal muscle organ development,M1,1,0
24_hsa04725,1,-2,hsa04725,Cholinergic synapse,M1,1,0
19_GO:0003205,1,-2.5,GO:0003205,cardiac chamber development,M1,1,0
19_GO:0007389,1,-5.6,GO:0007389,pattern specification process,M1,1,0
19_GO:0050866,1,-2,GO:0050866,negative regulation of cell activation,M1,1,0
19_GO:0048588,1,-2.4,GO:0048588,developmental cell growth,M1,1,0
19_GO:0098916,1,-4.4,GO:0098916,anterograde trans-synaptic signaling,M1,1,0
19_GO:1902903,1,-2.1,GO:1902903,regulation of supramolecular fiber organization,M1,1,0
6_R-HSA-2453902,1,-2.9,R-HSA-2453902,The canonical retinoid cycle in rods (twilight vision),M1,1,0
