Network,Annotation
hits,hsa05322|Systemic lupus erythematosus|-9.5;GO:0007169|transmembrane receptor protein tyrosine kinase signaling pathway|-7.8;R-HSA-3214815|HDACs deacetylate histones|-7.5
hits_MCODE_ALL,hsa05322|Systemic lupus erythematosus|-12.1;R-HSA-171306|Packaging Of Telomere Ends|-11.6;R-HSA-3214815|HDACs deacetylate histones|-11.6
hits_SUB1_MCODE_1,hsa05322|Systemic lupus erythematosus|-18.7;hsa05034|Alcoholism|-17.5;R-HSA-3214815|HDACs deacetylate histones|-17.2
hits_SUB1_MCODE_3,GO:0016266|O-glycan processing|-15.7;R-HSA-913709|O-linked glycosylation of mucins|-15.6;R-HSA-5083625|Defective GALNT3 causes familial hyperphosphatemic tumoral calcinosis (HFTC)|-15.3
hits_SUB1_MCODE_4,GO:0006790|sulfur compound metabolic process|-7.3;GO:0009101|glycoprotein biosynthetic process|-4.9;GO:0009100|glycoprotein metabolic process|-4.7
hits_SUB1_MCODE_5,R-HSA-375276|Peptide ligand-binding receptors|-6.3;R-HSA-416476|G alpha (q) signalling events|-6.1;R-HSA-373076|Class A/1 (Rhodopsin-like receptors)|-5.6
hits_SUB1_MCODE_6,R-HSA-373076|Class A/1 (Rhodopsin-like receptors)|-5.6;R-HSA-418594|G alpha (i) signalling events|-5.3;R-HSA-500792|GPCR ligand binding|-5.2
hits_SUB5_MCODE_8,R-HSA-8853659|RET signaling|-8.3;R-HSA-5673001|RAF/MAP kinase cascade|-6.0;R-HSA-5684996|MAPK1/MAPK3 signaling|-5.9
