Cluster,Gene,Score,Type,Symbol,Network
1,10381,5.0,Clustered,TUBB3,hits_SUB1
1,85236,5.0,Clustered,H2BC12,hits_SUB1
1,8970,5.0,Clustered,H2BC11,hits_SUB1
1,8969,5.0,Clustered,H2AC11,hits_SUB1
1,3014,5.0,Clustered,H2AX,hits_SUB1
1,3017,5.0,Clustered,H2BC5,hits_SUB1
1,8347,5.0,Clustered,H2BC4,hits_SUB1
1,8338,5.0,Seed,H2AC20,hits_SUB1
1,92815,5.0,Clustered,H2AW,hits_SUB1
1,8340,5.0,Clustered,H2BC13,hits_SUB1
1,51807,5.0,Clustered,TUBA8,hits_SUB1
4,9348,1.5,Clustered,NDST3,hits_SUB1
4,9953,1.5,Clustered,HS3ST3B1,hits_SUB1
4,10164,1.5,Clustered,CHST4,hits_SUB1
4,445329,1.5,Seed,SULT1A4,hits_SUB1
3,4584,1.3333333333333333,Clustered,MUC3A,hits_SUB1
3,9245,1.3333333333333333,Clustered,GCNT3,hits_SUB1
3,2591,1.3333333333333333,Clustered,GALNT3,hits_SUB1
3,4588,1.3333333333333333,Clustered,MUC6,hits_SUB1
3,56667,1.3333333333333333,Clustered,MUC13,hits_SUB1
3,200958,1.3333333333333333,Seed,MUC20,hits_SUB1
5,7201,1.0,Clustered,TRHR,hits_SUB1
5,8620,1.0,Clustered,NPFF,hits_SUB1
5,1907,1.0,Seed,EDN2,hits_SUB1
6,5030,1.0,Clustered,P2RY4,hits_SUB1
6,5733,1.0,Clustered,PTGER3,hits_SUB1
6,2919,1.0,Seed,CXCL1,hits_SUB1
2,730087,3.0,Clustered,ZNF726,hits_SUB2
2,84436,3.0,Clustered,ZNF528,hits_SUB2
2,147923,3.0,Clustered,ZNF420,hits_SUB2
2,374900,3.0,Clustered,ZNF568,hits_SUB2
2,199704,3.0,Clustered,ZNF585A,hits_SUB2
2,65251,3.0,Clustered,ZNF649,hits_SUB2
2,113835,3.0,Seed,ZNF257,hits_SUB2
7,112464,1.0,Clustered,CAVIN3,hits_SUB3
7,6748,1.0,Clustered,SSR4,hits_SUB3
7,1000,1.0,Seed,CDH2,hits_SUB3
8,2676,1.0,Clustered,GFRA3,hits_SUB5
8,9048,1.0,Clustered,ARTN,hits_SUB5
8,2674,1.0,Seed,GFRA1,hits_SUB5
