Category,CategoryID,GO,Description,LogP,Enrichment,Z-score,#TotalGeneInLibrary,#GeneInGO,#GeneInHitList,#GeneInGOAndHitList,%InGO,STDV %InGO,GeneID,Hits,Log(q-value),GeneList
Canonical Pathways,11,M5885,NABA MATRISOME ASSOCIATED,-11,3,8.2,24155,753,514,48,9.3,1.3,2|285|653|2069|2159|2247|2487|2719|2919|3083|3606|3699|3700|3956|3960|4313|4324|4325|4327|4584|4588|6271|6275|6284|6320|6383|6405|7047|7051|7424|8646|8817|9048|9723|10882|11096|11167|25849|56667|56920|64218|114898|114899|114902|145957|147372|200958|643866,A2M|ANGPT2|BMP5|EREG|F10|FGF2|FRZB|GPC3|CXCL1|HGFAC|IL18|ITIH3|ITIH4|LGALS1|LGALS4|MMP2|MMP15|MMP16|MMP19|MUC3A|MUC6|S100A1|S100A4|S100A13|CLEC11A|SDC2|SEMA3F|TGM4|TGM1|VEGFC|CHRD|FGF18|ARTN|SEMA3E|C1QL1|ADAMTS5|FSTL1|PARM1|MUC13|SEMA3G|SEMA4A|C1QTNF2|C1QTNF3|C1QTNF5|NRG4|CCBE1|MUC20|CBLN3,-6.5,hits
KEGG Pathway,24,hsa05322,Systemic lupus erythematosus,-10,6.7,9.7,24155,133,514,19,3.7,0.83,721|3012|3014|3017|3123|8294|8336|8338|8340|8347|8357|8363|8365|8969|8970|85236|92815|286436|723790,C4B|H2AC8|H2AX|H2BC5|HLA-DRB1|H4C9|H2AC17|H2AC20|H2BC13|H2BC4|H3C10|H4C11|H4C8|H2AC11|H2BC11|H2BC12|H2AW|H2BM|H2AC19,-6.2,hits
Reactome Gene Sets,6,R-HSA-73728,RNA Polymerase I Promoter Opening,-9.2,9.7,10,24155,63,514,13,2.5,0.69,3012|3014|3017|8294|8338|8340|8347|8357|8363|8365|8970|85236|723790,H2AC8|H2AX|H2BC5|H4C9|H2AC20|H2BC13|H2BC4|H3C10|H4C11|H4C8|H2BC11|H2BC12|H2AC19,-5.5,hits
Reactome Gene Sets,6,R-HSA-171306,Packaging Of Telomere Ends,-9.1,11,10,24155,52,514,12,2.3,0.67,3012|3014|3017|8294|8338|8340|8347|8363|8365|8970|85236|723790,H2AC8|H2AX|H2BC5|H4C9|H2AC20|H2BC13|H2BC4|H4C11|H4C8|H2BC11|H2BC12|H2AC19,-5.5,hits
Reactome Gene Sets,6,R-HSA-5334118,DNA methylation,-9,9.4,10,24155,65,514,13,2.5,0.69,3012|3014|3017|8294|8338|8340|8347|8357|8363|8365|8970|85236|723790,H2AC8|H2AX|H2BC5|H4C9|H2AC20|H2BC13|H2BC4|H3C10|H4C11|H4C8|H2BC11|H2BC12|H2AC19,-5.5,hits
Reactome Gene Sets,6,R-HSA-3214815,HDACs deacetylate histones,-8.9,7.5,9.3,24155,94,514,15,2.9,0.74,3012|3017|8294|8336|8338|8340|8347|8357|8363|8365|8969|8970|85236|92815|723790,H2AC8|H2BC5|H4C9|H2AC17|H2AC20|H2BC13|H2BC4|H3C10|H4C11|H4C8|H2AC11|H2BC11|H2BC12|H2AW|H2AC19,-5.5,hits
Reactome Gene Sets,6,R-HSA-5625886,Activated PKN1 stimulates transcription of AR (androgen receptor) regulated genes KLK2 and KLK3,-8.9,9.1,9.8,24155,67,514,13,2.5,0.69,3012|3014|3017|8294|8338|8340|8347|8357|8363|8365|8970|85236|723790,H2AC8|H2AX|H2BC5|H4C9|H2AC20|H2BC13|H2BC4|H3C10|H4C11|H4C8|H2BC11|H2BC12|H2AC19,-5.5,hits
Reactome Gene Sets,6,R-HSA-427359,SIRT1 negatively regulates rRNA expression,-8.8,9,9.7,24155,68,514,13,2.5,0.69,3012|3014|3017|8294|8338|8340|8347|8357|8363|8365|8970|85236|723790,H2AC8|H2AX|H2BC5|H4C9|H2AC20|H2BC13|H2BC4|H3C10|H4C11|H4C8|H2BC11|H2BC12|H2AC19,-5.5,hits
Reactome Gene Sets,6,R-HSA-110331,Cleavage of the damaged purine,-8.7,10,10,24155,56,514,12,2.3,0.67,3012|3014|3017|8294|8338|8340|8347|8363|8365|8970|85236|723790,H2AC8|H2AX|H2BC5|H4C9|H2AC20|H2BC13|H2BC4|H4C11|H4C8|H2BC11|H2BC12|H2AC19,-5.5,hits
Reactome Gene Sets,6,R-HSA-110330,Recognition and association of DNA glycosylase with site containing an affected purine,-8.7,10,10,24155,56,514,12,2.3,0.67,3012|3014|3017|8294|8338|8340|8347|8363|8365|8970|85236|723790,H2AC8|H2AX|H2BC5|H4C9|H2AC20|H2BC13|H2BC4|H4C11|H4C8|H2BC11|H2BC12|H2AC19,-5.5,hits
Reactome Gene Sets,6,R-HSA-73927,Depurination,-8.7,10,10,24155,56,514,12,2.3,0.67,3012|3014|3017|8294|8338|8340|8347|8363|8365|8970|85236|723790,H2AC8|H2AX|H2BC5|H4C9|H2AC20|H2BC13|H2BC4|H4C11|H4C8|H2BC11|H2BC12|H2AC19,-5.5,hits
Reactome Gene Sets,6,R-HSA-212300,PRC2 methylates histones and DNA,-8.4,8.4,9.3,24155,73,514,13,2.5,0.69,3012|3014|3017|8294|8338|8340|8347|8357|8363|8365|8970|85236|723790,H2AC8|H2AX|H2BC5|H4C9|H2AC20|H2BC13|H2BC4|H3C10|H4C11|H4C8|H2BC11|H2BC12|H2AC19,-5.2,hits
Reactome Gene Sets,6,R-HSA-2299718,Condensation of Prophase Chromosomes,-8.3,8.3,9.2,24155,74,514,13,2.5,0.69,3012|3014|3017|8294|8338|8340|8347|8357|8363|8365|8970|85236|723790,H2AC8|H2AX|H2BC5|H4C9|H2AC20|H2BC13|H2BC4|H3C10|H4C11|H4C8|H2BC11|H2BC12|H2AC19,-5.2,hits
Reactome Gene Sets,6,R-HSA-73928,Depyrimidination,-8.3,9.2,9.5,24155,61,514,12,2.3,0.67,3012|3014|3017|8294|8338|8340|8347|8363|8365|8970|85236|723790,H2AC8|H2AX|H2BC5|H4C9|H2AC20|H2BC13|H2BC4|H4C11|H4C8|H2BC11|H2BC12|H2AC19,-5.2,hits
Reactome Gene Sets,6,R-HSA-110329,Cleavage of the damaged pyrimidine ,-8.3,9.2,9.5,24155,61,514,12,2.3,0.67,3012|3014|3017|8294|8338|8340|8347|8363|8365|8970|85236|723790,H2AC8|H2AX|H2BC5|H4C9|H2AC20|H2BC13|H2BC4|H4C11|H4C8|H2BC11|H2BC12|H2AC19,-5.2,hits
Reactome Gene Sets,6,R-HSA-110328,Recognition and association of DNA glycosylase with site containing an affected pyrimidine,-8.3,9.2,9.5,24155,61,514,12,2.3,0.67,3012|3014|3017|8294|8338|8340|8347|8363|8365|8970|85236|723790,H2AC8|H2AX|H2BC5|H4C9|H2AC20|H2BC13|H2BC4|H4C11|H4C8|H2BC11|H2BC12|H2AC19,-5.2,hits
Reactome Gene Sets,6,R-HSA-427389,ERCC6 (CSB) and EHMT2 (G9a) positively regulate rRNA expression,-8.1,8,9.1,24155,76,514,13,2.5,0.69,3012|3014|3017|8294|8338|8340|8347|8357|8363|8365|8970|85236|723790,H2AC8|H2AX|H2BC5|H4C9|H2AC20|H2BC13|H2BC4|H3C10|H4C11|H4C8|H2BC11|H2BC12|H2AC19,-5.1,hits
Reactome Gene Sets,6,R-HSA-73929,"Base-Excision Repair, AP Site Formation",-8.1,9,9.3,24155,63,514,12,2.3,0.67,3012|3014|3017|8294|8338|8340|8347|8363|8365|8970|85236|723790,H2AC8|H2AX|H2BC5|H4C9|H2AC20|H2BC13|H2BC4|H4C11|H4C8|H2BC11|H2BC12|H2AC19,-5.1,hits
Reactome Gene Sets,6,R-HSA-73772,RNA Polymerase I Promoter Escape,-8.1,7.2,8.8,24155,91,514,14,2.7,0.72,3012|3014|3017|5441|8294|8338|8340|8347|8357|8363|8365|8970|85236|723790,H2AC8|H2AX|H2BC5|POLR2L|H4C9|H2AC20|H2BC13|H2BC4|H3C10|H4C11|H4C8|H2BC11|H2BC12|H2AC19,-5.1,hits
Reactome Gene Sets,6,R-HSA-5250924,B-WICH complex positively regulates rRNA expression,-8.1,7.2,8.8,24155,91,514,14,2.7,0.72,3012|3014|3017|5441|8294|8338|8340|8347|8357|8363|8365|8970|85236|723790,H2AC8|H2AX|H2BC5|POLR2L|H4C9|H2AC20|H2BC13|H2BC4|H3C10|H4C11|H4C8|H2BC11|H2BC12|H2AC19,-5.1,hits
KEGG Pathway,24,hsa05034,Alcoholism,-7.9,5,7.9,24155,180,514,19,3.7,0.83,2791|3012|3014|3017|8294|8336|8338|8340|8347|8357|8363|8365|8969|8970|51764|85236|92815|286436|723790,GNG11|H2AC8|H2AX|H2BC5|H4C9|H2AC17|H2AC20|H2BC13|H2BC4|H3C10|H4C11|H4C8|H2AC11|H2BC11|GNG13|H2BC12|H2AW|H2BM|H2AC19,-5,hits
Reactome Gene Sets,6,R-HSA-1221632,Meiotic synapsis,-7.9,7.7,8.8,24155,79,514,13,2.5,0.69,3012|3014|3017|3306|8294|8338|8340|8347|8363|8365|8970|85236|723790,H2AC8|H2AX|H2BC5|HSPA2|H4C9|H2AC20|H2BC13|H2BC4|H4C11|H4C8|H2BC11|H2BC12|H2AC19,-5,hits
Reactome Gene Sets,6,R-HSA-2559582,Senescence-Associated Secretory Phenotype (SASP),-7.9,6.4,8.4,24155,110,514,15,2.9,0.74,3012|3014|3017|3490|8294|8338|8340|8347|8357|8363|8365|8970|25906|85236|723790,H2AC8|H2AX|H2BC5|IGFBP7|H4C9|H2AC20|H2BC13|H2BC4|H3C10|H4C11|H4C8|H2BC11|ANAPC15|H2BC12|H2AC19,-4.9,hits
Canonical Pathways,11,M5880,NABA ECM AFFILIATED,-7.5,4.9,7.6,24155,171,514,18,3.5,0.81,2719|3956|3960|4584|4588|6320|6383|6405|9723|10882|25849|56667|56920|64218|114898|114899|114902|200958,GPC3|LGALS1|LGALS4|MUC3A|MUC6|CLEC11A|SDC2|SEMA3F|SEMA3E|C1QL1|PARM1|MUC13|SEMA3G|SEMA4A|C1QTNF2|C1QTNF3|C1QTNF5|MUC20,-4.6,hits
Reactome Gene Sets,6,R-HSA-912446,Meiotic recombination,-7.5,7.1,8.4,24155,86,514,13,2.5,0.69,3012|3014|3017|8294|8338|8340|8347|8357|8363|8365|8970|85236|723790,H2AC8|H2AX|H2BC5|H4C9|H2AC20|H2BC13|H2BC4|H3C10|H4C11|H4C8|H2BC11|H2BC12|H2AC19,-4.6,hits
Reactome Gene Sets,6,R-HSA-606279,Deposition of new CENPA-containing nucleosomes at the centromere,-7.3,7.6,8.4,24155,74,514,12,2.3,0.67,3012|3014|3017|8294|8338|8340|8347|8363|8365|8970|85236|723790,H2AC8|H2AX|H2BC5|H4C9|H2AC20|H2BC13|H2BC4|H4C11|H4C8|H2BC11|H2BC12|H2AC19,-4.4,hits
Reactome Gene Sets,6,R-HSA-774815,Nucleosome assembly,-7.3,7.6,8.4,24155,74,514,12,2.3,0.67,3012|3014|3017|8294|8338|8340|8347|8363|8365|8970|85236|723790,H2AC8|H2AX|H2BC5|H4C9|H2AC20|H2BC13|H2BC4|H4C11|H4C8|H2BC11|H2BC12|H2AC19,-4.4,hits
Reactome Gene Sets,6,R-HSA-5250913,Positive epigenetic regulation of rRNA expression,-7.2,6.2,7.9,24155,106,514,14,2.7,0.72,3012|3014|3017|5441|8294|8338|8340|8347|8357|8363|8365|8970|85236|723790,H2AC8|H2AX|H2BC5|POLR2L|H4C9|H2AC20|H2BC13|H2BC4|H3C10|H4C11|H4C8|H2BC11|H2BC12|H2AC19,-4.4,hits
Reactome Gene Sets,6,R-HSA-5578749,Transcriptional regulation by small RNAs,-7.2,6.2,7.9,24155,106,514,14,2.7,0.72,3012|3014|3017|5441|8294|8338|8340|8347|8357|8363|8365|8970|85236|723790,H2AC8|H2AX|H2BC5|POLR2L|H4C9|H2AC20|H2BC13|H2BC4|H3C10|H4C11|H4C8|H2BC11|H2BC12|H2AC19,-4.4,hits
Reactome Gene Sets,6,R-HSA-9616222,Transcriptional regulation of granulopoiesis,-7.2,6.8,8.1,24155,90,514,13,2.5,0.69,3012|3014|3017|8294|8338|8340|8347|8357|8363|8365|8970|85236|723790,H2AC8|H2AX|H2BC5|H4C9|H2AC20|H2BC13|H2BC4|H3C10|H4C11|H4C8|H2BC11|H2BC12|H2AC19,-4.4,hits
Reactome Gene Sets,6,R-HSA-427413,NoRC negatively regulates rRNA expression,-7.2,6.1,7.9,24155,107,514,14,2.7,0.72,3012|3014|3017|5441|8294|8338|8340|8347|8357|8363|8365|8970|85236|723790,H2AC8|H2AX|H2BC5|POLR2L|H4C9|H2AC20|H2BC13|H2BC4|H3C10|H4C11|H4C8|H2BC11|H2BC12|H2AC19,-4.4,hits
Reactome Gene Sets,6,R-HSA-201722,Formation of the beta-catenin:TCF transactivating complex,-7.2,6.7,8.1,24155,91,514,13,2.5,0.69,3012|3014|3017|8294|8338|8340|8347|8357|8363|8365|8970|85236|723790,H2AC8|H2AX|H2BC5|H4C9|H2AC20|H2BC13|H2BC4|H3C10|H4C11|H4C8|H2BC11|H2BC12|H2AC19,-4.4,hits
Reactome Gene Sets,6,R-HSA-1912408,Pre-NOTCH Transcription and Translation,-7.1,6.6,7.9,24155,93,514,13,2.5,0.69,3012|3014|3017|8294|8338|8340|8347|8357|8363|8365|8970|85236|723790,H2AC8|H2AX|H2BC5|H4C9|H2AC20|H2BC13|H2BC4|H3C10|H4C11|H4C8|H2BC11|H2BC12|H2AC19,-4.3,hits
Reactome Gene Sets,6,R-HSA-5250941,Negative epigenetic regulation of rRNA expression,-7,6,7.7,24155,110,514,14,2.7,0.72,3012|3014|3017|5441|8294|8338|8340|8347|8357|8363|8365|8970|85236|723790,H2AC8|H2AX|H2BC5|POLR2L|H4C9|H2AC20|H2BC13|H2BC4|H3C10|H4C11|H4C8|H2BC11|H2BC12|H2AC19,-4.3,hits
Reactome Gene Sets,6,R-HSA-73854,RNA Polymerase I Promoter Clearance,-7,6,7.7,24155,110,514,14,2.7,0.72,3012|3014|3017|5441|8294|8338|8340|8347|8357|8363|8365|8970|85236|723790,H2AC8|H2AX|H2BC5|POLR2L|H4C9|H2AC20|H2BC13|H2BC4|H3C10|H4C11|H4C8|H2BC11|H2BC12|H2AC19,-4.3,hits
Reactome Gene Sets,6,R-HSA-5625740,RHO GTPases activate PKNs,-6.9,6.4,7.8,24155,95,514,13,2.5,0.69,3012|3014|3017|8294|8338|8340|8347|8357|8363|8365|8970|85236|723790,H2AC8|H2AX|H2BC5|H4C9|H2AC20|H2BC13|H2BC4|H3C10|H4C11|H4C8|H2BC11|H2BC12|H2AC19,-4.2,hits
Reactome Gene Sets,6,R-HSA-73864,RNA Polymerase I Transcription,-6.9,5.9,7.6,24155,112,514,14,2.7,0.72,3012|3014|3017|5441|8294|8338|8340|8347|8357|8363|8365|8970|85236|723790,H2AC8|H2AX|H2BC5|POLR2L|H4C9|H2AC20|H2BC13|H2BC4|H3C10|H4C11|H4C8|H2BC11|H2BC12|H2AC19,-4.2,hits
Reactome Gene Sets,6,R-HSA-2559586,DNA Damage/Telomere Stress Induced Senescence,-6.9,7,8,24155,80,514,12,2.3,0.67,3012|3014|3017|8294|8338|8340|8347|8363|8365|8970|85236|723790,H2AC8|H2AX|H2BC5|H4C9|H2AC20|H2BC13|H2BC4|H4C11|H4C8|H2BC11|H2BC12|H2AC19,-4.2,hits
Reactome Gene Sets,6,R-HSA-8936459,RUNX1 regulates genes involved in megakaryocyte differentiation and platelet function,-6.8,6.3,7.7,24155,97,514,13,2.5,0.69,3012|3014|3017|8294|8338|8340|8347|8357|8363|8365|8970|85236|723790,H2AC8|H2AX|H2BC5|H4C9|H2AC20|H2BC13|H2BC4|H3C10|H4C11|H4C8|H2BC11|H2BC12|H2AC19,-4.1,hits
Reactome Gene Sets,6,R-HSA-157579,Telomere Maintenance,-6.8,6.9,7.9,24155,82,514,12,2.3,0.67,3012|3014|3017|8294|8338|8340|8347|8363|8365|8970|85236|723790,H2AC8|H2AX|H2BC5|H4C9|H2AC20|H2BC13|H2BC4|H4C11|H4C8|H2BC11|H2BC12|H2AC19,-4.1,hits
Reactome Gene Sets,6,R-HSA-1500620,Meiosis,-6.6,5.6,7.3,24155,118,514,14,2.7,0.72,3012|3014|3017|3306|8294|8338|8340|8347|8357|8363|8365|8970|85236|723790,H2AC8|H2AX|H2BC5|HSPA2|H4C9|H2AC20|H2BC13|H2BC4|H3C10|H4C11|H4C8|H2BC11|H2BC12|H2AC19,-3.9,hits
Reactome Gene Sets,6,R-HSA-5619507,Activation of HOX genes during differentiation,-6.5,5.4,7.2,24155,122,514,14,2.7,0.72,3012|3014|3017|5441|8294|8338|8340|8347|8357|8363|8365|8970|85236|723790,H2AC8|H2AX|H2BC5|POLR2L|H4C9|H2AC20|H2BC13|H2BC4|H3C10|H4C11|H4C8|H2BC11|H2BC12|H2AC19,-3.8,hits
Reactome Gene Sets,6,R-HSA-5617472,Activation of anterior HOX genes in hindbrain development during early embryogenesis,-6.5,5.4,7.2,24155,122,514,14,2.7,0.72,3012|3014|3017|5441|8294|8338|8340|8347|8357|8363|8365|8970|85236|723790,H2AC8|H2AX|H2BC5|POLR2L|H4C9|H2AC20|H2BC13|H2BC4|H3C10|H4C11|H4C8|H2BC11|H2BC12|H2AC19,-3.8,hits
Reactome Gene Sets,6,R-HSA-3214847,HATs acetylate histones,-6.4,5,7,24155,142,514,15,2.9,0.74,3012|3017|8294|8336|8338|8340|8347|8357|8363|8365|8969|8970|85236|92815|723790,H2AC8|H2BC5|H4C9|H2AC17|H2AC20|H2BC13|H2BC4|H3C10|H4C11|H4C8|H2AC11|H2BC11|H2BC12|H2AW|H2AC19,-3.7,hits
Reactome Gene Sets,6,R-HSA-2559580,Oxidative Stress Induced Senescence,-6.3,5.3,7,24155,125,514,14,2.7,0.72,3012|3014|3017|5608|8294|8338|8340|8347|8357|8363|8365|8970|85236|723790,H2AC8|H2AX|H2BC5|MAP2K6|H4C9|H2AC20|H2BC13|H2BC4|H3C10|H4C11|H4C8|H2BC11|H2BC12|H2AC19,-3.7,hits
Reactome Gene Sets,6,R-HSA-1912422,Pre-NOTCH Expression and Processing,-6.2,5.6,7.1,24155,109,514,13,2.5,0.69,3012|3014|3017|8294|8338|8340|8347|8357|8363|8365|8970|85236|723790,H2AC8|H2AX|H2BC5|H4C9|H2AC20|H2BC13|H2BC4|H3C10|H4C11|H4C8|H2BC11|H2BC12|H2AC19,-3.6,hits
Reactome Gene Sets,6,R-HSA-977225,Amyloid fiber formation,-6.2,5.6,7.1,24155,109,514,13,2.5,0.69,3012|3014|3017|8294|8338|8340|8347|8357|8363|8365|8970|85236|723790,H2AC8|H2AX|H2BC5|H4C9|H2AC20|H2BC13|H2BC4|H3C10|H4C11|H4C8|H2BC11|H2BC12|H2AC19,-3.6,hits
Reactome Gene Sets,6,R-HSA-73884,Base Excision Repair,-6.2,6.1,7.3,24155,92,514,12,2.3,0.67,3012|3014|3017|8294|8338|8340|8347|8363|8365|8970|85236|723790,H2AC8|H2AX|H2BC5|H4C9|H2AC20|H2BC13|H2BC4|H4C11|H4C8|H2BC11|H2BC12|H2AC19,-3.6,hits
Reactome Gene Sets,6,R-HSA-5693565,Recruitment and ATM-mediated phosphorylation of repair and signaling proteins at DNA double strand b,-6.2,6.8,7.5,24155,76,514,11,2.1,0.64,2070|2138|3014|3017|8294|8340|8347|8363|8365|8970|85236,EYA4|EYA1|H2AX|H2BC5|H4C9|H2BC13|H2BC4|H4C11|H4C8|H2BC11|H2BC12,-3.6,hits
Reactome Gene Sets,6,R-HSA-5693606,DNA Double Strand Break Response,-6.2,6.7,7.4,24155,77,514,11,2.1,0.64,2070|2138|3014|3017|8294|8340|8347|8363|8365|8970|85236,EYA4|EYA1|H2AX|H2BC5|H4C9|H2BC13|H2BC4|H4C11|H4C8|H2BC11|H2BC12,-3.5,hits
GO Biological Processes,19,GO:0007565,female pregnancy,-6.1,4.2,6.5,24155,192,514,17,3.3,0.79,285|3291|3490|4313|5669|5670|5671|5672|5673|5675|5678|5680|5740|6696|8620|10991|84868,ANGPT2|HSD11B2|IGFBP7|MMP2|PSG1|PSG2|PSG3|PSG4|PSG5|PSG6|PSG9|PSG11|PTGIS|SPP1|NPFF|SLC38A3|HAVCR2,-3.5,hits
Reactome Gene Sets,6,R-HSA-3214858,RMTs methylate histone arginines,-6,6.5,7.3,24155,79,514,11,2.1,0.64,3012|3014|8294|8336|8338|8357|8363|8365|8969|92815|723790,H2AC8|H2AX|H4C9|H2AC17|H2AC20|H3C10|H4C11|H4C8|H2AC11|H2AW|H2AC19,-3.4,hits
Reactome Gene Sets,6,R-HSA-2559583,Cellular Senescence,-6,4.1,6.4,24155,195,514,17,3.3,0.79,3012|3014|3017|3397|3490|5608|8294|8338|8340|8347|8357|8363|8365|8970|25906|85236|723790,H2AC8|H2AX|H2BC5|ID1|IGFBP7|MAP2K6|H4C9|H2AC20|H2BC13|H2BC4|H3C10|H4C11|H4C8|H2BC11|ANAPC15|H2BC12|H2AC19,-3.4,hits
Reactome Gene Sets,6,R-HSA-211000,Gene Silencing by RNA,-5.9,4.8,6.6,24155,136,514,14,2.7,0.72,3012|3014|3017|5441|8294|8338|8340|8347|8357|8363|8365|8970|85236|723790,H2AC8|H2AX|H2BC5|POLR2L|H4C9|H2AC20|H2BC13|H2BC4|H3C10|H4C11|H4C8|H2BC11|H2BC12|H2AC19,-3.3,hits
Reactome Gene Sets,6,R-HSA-8939211,ESR-mediated signaling,-5.8,3.8,6.2,24155,223,514,18,3.5,0.81,2069|2791|3012|3014|3017|4313|5441|8294|8338|8340|8347|8357|8363|8365|8970|51764|85236|723790,EREG|GNG11|H2AC8|H2AX|H2BC5|MMP2|POLR2L|H4C9|H2AC20|H2BC13|H2BC4|H3C10|H4C11|H4C8|H2BC11|GNG13|H2BC12|H2AC19,-3.2,hits
Canonical Pathways,11,M5884,NABA CORE MATRISOME,-5.7,3.4,5.9,24155,275,514,20,3.9,0.85,1299|1310|1462|3486|3490|3911|4013|6585|6696|7448|8076|8292|10319|10516|22854|50939|79883|79987|83690|342035,COL9A3|COL19A1|VCAN|IGFBP3|IGFBP7|LAMA5|VWA5A|SLIT1|SPP1|VTN|MFAP5|COLQ|LAMC3|FBLN5|NTNG1|IMPG2|PODNL1|SVEP1|CRISPLD1|GLDN,-3.1,hits
Reactome Gene Sets,6,R-HSA-1474244,Extracellular matrix organization,-5.6,3.3,5.9,24155,301,514,21,4.1,0.87,2|827|1299|1310|1462|2247|3679|3680|3911|4313|4324|4325|4327|4680|6383|6696|7448|8076|10319|10516|11096,A2M|CAPN6|COL9A3|COL19A1|VCAN|FGF2|ITGA7|ITGA9|LAMA5|MMP2|MMP15|MMP16|MMP19|CEACAM6|SDC2|SPP1|VTN|MFAP5|LAMC3|FBLN5|ADAMTS5,-3.1,hits
Reactome Gene Sets,6,R-HSA-1474165,Reproduction,-5.6,4.6,6.3,24155,144,514,14,2.7,0.72,3012|3014|3017|3306|8294|8338|8340|8347|8357|8363|8365|8970|85236|723790,H2AC8|H2AX|H2BC5|HSPA2|H4C9|H2AC20|H2BC13|H2BC4|H3C10|H4C11|H4C8|H2BC11|H2BC12|H2AC19,-3,hits
Reactome Gene Sets,6,R-HSA-212165,Epigenetic regulation of gene expression,-5.4,4.4,6.2,24155,149,514,14,2.7,0.72,3012|3014|3017|5441|8294|8338|8340|8347|8357|8363|8365|8970|85236|723790,H2AC8|H2AX|H2BC5|POLR2L|H4C9|H2AC20|H2BC13|H2BC4|H3C10|H4C11|H4C8|H2BC11|H2BC12|H2AC19,-2.9,hits
Reactome Gene Sets,6,R-HSA-73886,Chromosome Maintenance,-5.4,5.1,6.4,24155,110,514,12,2.3,0.67,3012|3014|3017|8294|8338|8340|8347|8363|8365|8970|85236|723790,H2AC8|H2AX|H2BC5|H4C9|H2AC20|H2BC13|H2BC4|H4C11|H4C8|H2BC11|H2BC12|H2AC19,-2.9,hits
Reactome Gene Sets,6,R-HSA-9018519,Estrogen-dependent gene expression,-5.4,4.4,6.1,24155,150,514,14,2.7,0.72,3012|3014|3017|5441|8294|8338|8340|8347|8357|8363|8365|8970|85236|723790,H2AC8|H2AX|H2BC5|POLR2L|H4C9|H2AC20|H2BC13|H2BC4|H3C10|H4C11|H4C8|H2BC11|H2BC12|H2AC19,-2.8,hits
Reactome Gene Sets,6,R-HSA-8939236,RUNX1 regulates transcription of genes involved in differentiation of HSCs,-5.4,4.7,6.2,24155,130,514,13,2.5,0.69,3012|3014|3017|8294|8338|8340|8347|8357|8363|8365|8970|85236|723790,H2AC8|H2AX|H2BC5|H4C9|H2AC20|H2BC13|H2BC4|H3C10|H4C11|H4C8|H2BC11|H2BC12|H2AC19,-2.8,hits
Reactome Gene Sets,6,R-HSA-9006931,Signaling by Nuclear Receptors,-5.3,3.4,5.7,24155,266,514,19,3.7,0.83,126|2069|2791|3012|3014|3017|4313|5441|8294|8338|8340|8347|8357|8363|8365|8970|51764|85236|723790,ADH1C|EREG|GNG11|H2AC8|H2AX|H2BC5|MMP2|POLR2L|H4C9|H2AC20|H2BC13|H2BC4|H3C10|H4C11|H4C8|H2BC11|GNG13|H2BC12|H2AC19,-2.8,hits
GO Biological Processes,19,GO:0044706,multi-multicellular organism process,-5.2,3.6,5.7,24155,222,514,17,3.3,0.79,285|3291|3490|4313|5669|5670|5671|5672|5673|5675|5678|5680|5740|6696|8620|10991|84868,ANGPT2|HSD11B2|IGFBP7|MMP2|PSG1|PSG2|PSG3|PSG4|PSG5|PSG6|PSG9|PSG11|PTGIS|SPP1|NPFF|SLC38A3|HAVCR2,-2.7,hits
Reactome Gene Sets,6,R-HSA-68875,Mitotic Prophase,-4.9,4.3,5.8,24155,142,514,13,2.5,0.69,3012|3014|3017|8294|8338|8340|8347|8357|8363|8365|8970|85236|723790,H2AC8|H2AX|H2BC5|H4C9|H2AC20|H2BC13|H2BC4|H3C10|H4C11|H4C8|H2BC11|H2BC12|H2AC19,-2.4,hits
Reactome Gene Sets,6,R-HSA-381426,Regulation of Insulin-like Growth Factor (IGF) transport and uptake by Insulin-like Growth Factor Bi,-4.8,4.5,5.8,24155,125,514,12,2.3,0.67,721|1000|1462|2719|3486|3490|3956|4313|6383|6696|10232|11167,C4B|CDH2|VCAN|GPC3|IGFBP3|IGFBP7|LGALS1|MMP2|SDC2|SPP1|MSLN|FSTL1,-2.3,hits
Reactome Gene Sets,6,R-HSA-5693571,Nonhomologous End-Joining (NHEJ),-4.8,6.1,6.3,24155,69,514,9,1.8,0.58,3014|3017|8294|8340|8347|8363|8365|8970|85236,H2AX|H2BC5|H4C9|H2BC13|H2BC4|H4C11|H4C8|H2BC11|H2BC12,-2.3,hits
GO Biological Processes,19,GO:0030198,extracellular matrix organization,-4.8,2.8,5.1,24155,370,514,22,4.3,0.89,2|1299|1310|1462|2247|3679|3680|3911|4313|4324|4325|4327|5156|6692|6696|7448|8076|8292|10319|10516|11096|169611,A2M|COL9A3|COL19A1|VCAN|FGF2|ITGA7|ITGA9|LAMA5|MMP2|MMP15|MMP16|MMP19|PDGFRA|SPINT1|SPP1|VTN|MFAP5|COLQ|LAMC3|FBLN5|ADAMTS5|OLFML2A,-2.3,hits
GO Biological Processes,19,GO:0001503,ossification,-4.8,2.7,5.1,24155,399,514,23,4.5,0.91,43|249|653|1009|1462|2261|2719|2736|3397|3486|4091|4313|4325|4330|5251|5587|6320|6696|8642|8646|8792|8817|148979,ACHE|ALPL|BMP5|CDH11|VCAN|FGFR3|GPC3|GLI2|ID1|IGFBP3|SMAD6|MMP2|MMP16|MN1|PHEX|PRKD1|CLEC11A|SPP1|DCHS1|CHRD|TNFRSF11A|FGF18|GLIS1,-2.3,hits
GO Biological Processes,19,GO:0050920,regulation of chemotaxis,-4.7,3.5,5.4,24155,217,514,16,3.1,0.77,285|1012|1907|2247|5156|5587|5919|6405|7424|8817|9048|9723|11240|56920|59341|64218,ANGPT2|CDH13|EDN2|FGF2|PDGFRA|PRKD1|RARRES2|SEMA3F|VEGFC|FGF18|ARTN|SEMA3E|PADI2|SEMA3G|TRPV4|SEMA4A,-2.3,hits
Reactome Gene Sets,6,R-HSA-8957275,Post-translational protein phosphorylation,-4.7,4.8,5.8,24155,108,514,11,2.1,0.64,721|1000|1462|2719|3486|3490|3956|6383|6696|10232|11167,C4B|CDH2|VCAN|GPC3|IGFBP3|IGFBP7|LGALS1|SDC2|SPP1|MSLN|FSTL1,-2.2,hits
Canonical Pathways,11,M3008,NABA ECM GLYCOPROTEINS,-4.7,3.6,5.4,24155,196,514,15,2.9,0.74,3486|3490|3911|4013|6585|6696|7448|8076|8292|10319|10516|22854|79987|83690|342035,IGFBP3|IGFBP7|LAMA5|VWA5A|SLIT1|SPP1|VTN|MFAP5|COLQ|LAMC3|FBLN5|NTNG1|SVEP1|CRISPLD1|GLDN,-2.2,hits
Reactome Gene Sets,6,R-HSA-5083625,Defective GALNT3 causes familial hyperphosphatemic tumoral calcinosis (HFTC),-4.7,14,7.8,24155,17,514,5,0.97,0.43,2591|4584|4588|56667|200958,GALNT3|MUC3A|MUC6|MUC13|MUC20,-2.2,hits
GO Biological Processes,19,GO:0048598,embryonic morphogenesis,-4.6,2.3,4.8,24155,586,514,29,5.6,1,653|2138|2247|2348|2487|2719|2736|3235|3679|3714|3911|4313|4324|4325|5156|6692|6913|6928|6943|7424|7448|8646|9132|9355|26011|51168|57057|84913|374900,BMP5|EYA1|FGF2|FOLR1|FRZB|GPC3|GLI2|HOXD9|ITGA7|JAG2|LAMA5|MMP2|MMP15|MMP16|PDGFRA|SPINT1|TBX15|HNF1B|TCF21|VEGFC|VTN|CHRD|KCNQ4|LHX2|TENM4|MYO15A|TBX20|ATOH8|ZNF568,-2.1,hits
Reactome Gene Sets,6,R-HSA-195258,RHO GTPase Effectors,-4.6,2.9,5,24155,327,514,20,3.9,0.85,1730|3012|3014|3017|5300|7454|8294|8338|8340|8347|8357|8363|8365|8970|10381|51466|51807|85236|723790|100527963,DIAPH2|H2AC8|H2AX|H2BC5|PIN1|WAS|H4C9|H2AC20|H2BC13|H2BC4|H3C10|H4C11|H4C8|H2BC11|TUBB3|EVL|TUBA8|H2BC12|H2AC19|PMF1-BGLAP,-2.1,hits
Reactome Gene Sets,6,R-HSA-109582,Hemostasis,-4.5,2.3,4.7,24155,621,514,30,5.8,1,1|2|285|1191|1607|1675|2159|2791|2983|3699|3700|4680|5669|5670|5671|5672|5673|5675|5678|5680|5919|6383|6414|7424|8357|10381|11069|51764|51807|440533,A1BG|A2M|ANGPT2|CLU|DGKB|CFD|F10|GNG11|GUCY1B1|ITIH3|ITIH4|CEACAM6|PSG1|PSG2|PSG3|PSG4|PSG5|PSG6|PSG9|PSG11|RARRES2|SDC2|SELENOP|VEGFC|H3C10|TUBB3|RAPGEF4|GNG13|TUBA8|PSG8,-2.1,hits
Reactome Gene Sets,6,R-HSA-202733,Cell surface interactions at the vascular wall,-4.4,4.1,5.4,24155,138,514,12,2.3,0.67,285|4680|5669|5670|5671|5672|5673|5675|5678|5680|6383|440533,ANGPT2|CEACAM6|PSG1|PSG2|PSG3|PSG4|PSG5|PSG6|PSG9|PSG11|SDC2|PSG8,-2,hits
GO Biological Processes,19,GO:0001501,skeletal system development,-4.3,2.4,4.6,24155,518,514,26,5.1,0.97,249|653|1009|1310|1462|2138|2247|2261|2487|2736|3235|3714|4313|4325|5156|5251|6913|8642|8646|8817|9060|10683|23508|51208|51435|59341,ALPL|BMP5|CDH11|COL19A1|VCAN|EYA1|FGF2|FGFR3|FRZB|GLI2|HOXD9|JAG2|MMP2|MMP16|PDGFRA|PHEX|TBX15|DCHS1|CHRD|FGF18|PAPSS2|DLL3|TTC9|CLDN18|SCARA3|TRPV4,-1.8,hits
Reactome Gene Sets,6,R-HSA-3247509,Chromatin modifying enzymes,-4,2.9,4.7,24155,274,514,17,3.3,0.79,3012|3014|3017|8294|8336|8338|8340|8347|8357|8363|8365|8969|8970|11240|85236|92815|723790,H2AC8|H2AX|H2BC5|H4C9|H2AC17|H2AC20|H2BC13|H2BC4|H3C10|H4C11|H4C8|H2AC11|H2BC11|PADI2|H2BC12|H2AW|H2AC19,-1.6,hits
Reactome Gene Sets,6,R-HSA-4839726,Chromatin organization,-4,2.9,4.7,24155,274,514,17,3.3,0.79,3012|3014|3017|8294|8336|8338|8340|8347|8357|8363|8365|8969|8970|11240|85236|92815|723790,H2AC8|H2AX|H2BC5|H4C9|H2AC17|H2AC20|H2BC13|H2BC4|H3C10|H4C11|H4C8|H2AC11|H2BC11|PADI2|H2BC12|H2AW|H2AC19,-1.6,hits
Reactome Gene Sets,6,R-HSA-73894,DNA Repair,-4,2.7,4.5,24155,334,514,19,3.7,0.83,1069|2070|2138|3012|3014|3017|4255|5441|8294|8338|8340|8347|8363|8365|8970|85236|353497|548593|723790,CETN2|EYA4|EYA1|H2AC8|H2AX|H2BC5|MGMT|POLR2L|H4C9|H2AC20|H2BC13|H2BC4|H4C11|H4C8|H2BC11|H2BC12|POLN|SLX1A|H2AC19,-1.6,hits
GO Biological Processes,19,GO:0060485,mesenchyme development,-4,2.9,4.6,24155,279,514,17,3.3,0.79,653|2065|2348|2487|3911|4222|6275|6405|6943|7049|8642|9723|10683|56920|57057|64218|348262,BMP5|ERBB3|FOLR1|FRZB|LAMA5|MEOX1|S100A4|SEMA3F|TCF21|TGFBR3|DCHS1|SEMA3E|DLL3|SEMA3G|TBX20|SEMA4A|MCRIP1,-1.6,hits
Reactome Gene Sets,6,R-HSA-5689901,Metalloprotease DUBs,-3.9,7.6,5.9,24155,37,514,6,1.2,0.47,3012|8336|8338|8969|92815|723790,H2AC8|H2AC17|H2AC20|H2AC11|H2AW|H2AC19,-1.5,hits
Reactome Gene Sets,6,R-HSA-190372,FGFR3c ligand binding and activation,-3.9,14,7.2,24155,13,514,4,0.78,0.39,2247|2261|2591|8817,FGF2|FGFR3|GALNT3|FGF18,-1.5,hits
Reactome Gene Sets,6,R-HSA-190239,FGFR3 ligand binding and activation,-3.9,14,7.2,24155,13,514,4,0.78,0.39,2247|2261|2591|8817,FGF2|FGFR3|GALNT3|FGF18,-1.5,hits
GO Biological Processes,19,GO:0043062,extracellular structure organization,-3.9,2.4,4.4,24155,425,514,22,4.3,0.89,2|1299|1310|1462|2247|3679|3680|3911|4313|4324|4325|4327|5156|6692|6696|7448|8076|8292|10319|10516|11096|169611,A2M|COL9A3|COL19A1|VCAN|FGF2|ITGA7|ITGA9|LAMA5|MMP2|MMP15|MMP16|MMP19|PDGFRA|SPINT1|SPP1|VTN|MFAP5|COLQ|LAMC3|FBLN5|ADAMTS5|OLFML2A,-1.5,hits
Reactome Gene Sets,6,R-HSA-194315,Signaling by Rho GTPases,-3.9,2.4,4.4,24155,455,514,23,4.5,0.91,2|1730|3012|3014|3017|5300|7454|8294|8338|8340|8347|8357|8363|8365|8970|10381|51466|51807|84033|85236|91614|723790|100527963,A2M|DIAPH2|H2AC8|H2AX|H2BC5|PIN1|WAS|H4C9|H2AC20|H2BC13|H2BC4|H3C10|H4C11|H4C8|H2BC11|TUBB3|EVL|TUBA8|OBSCN|H2BC12|DEPDC7|H2AC19|PMF1-BGLAP,-1.5,hits
Reactome Gene Sets,6,R-HSA-201681,TCF dependent signaling in response to WNT,-3.8,3,4.6,24155,233,514,15,2.9,0.74,3012|3014|3017|8294|8338|8340|8347|8357|8363|8365|8970|54894|85236|723790|102800317,H2AC8|H2AX|H2BC5|H4C9|H2AC20|H2BC13|H2BC4|H3C10|H4C11|H4C8|H2BC11|RNF43|H2BC12|H2AC19|TPTEP2-CSNK1E,-1.4,hits
Canonical Pathways,11,M5883,NABA SECRETED FACTORS,-3.8,2.6,4.4,24155,344,514,19,3.7,0.83,285|653|2069|2247|2487|2919|3083|3606|6271|6275|6284|7424|8646|8817|9048|11167|145957|147372|643866,ANGPT2|BMP5|EREG|FGF2|FRZB|CXCL1|HGFAC|IL18|S100A1|S100A4|S100A13|VEGFC|CHRD|FGF18|ARTN|FSTL1|NRG4|CCBE1|CBLN3,-1.4,hits
Reactome Gene Sets,6,R-HSA-157118,Signaling by NOTCH,-3.8,3,4.5,24155,235,514,15,2.9,0.74,3012|3014|3017|3714|8294|8338|8340|8347|8357|8363|8365|8970|54492|85236|723790,H2AC8|H2AX|H2BC5|JAG2|H4C9|H2AC20|H2BC13|H2BC4|H3C10|H4C11|H4C8|H2BC11|NEURL1B|H2BC12|H2AC19,-1.4,hits
GO Biological Processes,19,GO:0072078,nephron tubule morphogenesis,-3.8,5.1,5.2,24155,74,514,8,1.6,0.55,2138|2247|2719|3911|6928|6943|8642|26249,EYA1|FGF2|GPC3|LAMA5|HNF1B|TCF21|DCHS1|KLHL3,-1.4,hits
GO Biological Processes,19,GO:0001957,intramembranous ossification,-3.7,23,8.1,24155,6,514,3,0.58,0.34,4313|4330|8817,MMP2|MN1|FGF18,-1.4,hits
GO Biological Processes,19,GO:0036072,direct ossification,-3.7,23,8.1,24155,6,514,3,0.58,0.34,4313|4330|8817,MMP2|MN1|FGF18,-1.4,hits
Reactome Gene Sets,6,R-HSA-69473,G2/M DNA damage checkpoint,-3.7,4.5,5,24155,95,514,9,1.8,0.58,3014|3017|8294|8340|8347|8363|8365|8970|85236,H2AX|H2BC5|H4C9|H2BC13|H2BC4|H4C11|H4C8|H2BC11|H2BC12,-1.4,hits
GO Biological Processes,19,GO:0060993,kidney morphogenesis,-3.7,4.5,5,24155,95,514,9,1.8,0.58,2138|2247|2719|3911|6928|6943|8642|9245|26249,EYA1|FGF2|GPC3|LAMA5|HNF1B|TCF21|DCHS1|GCNT3|KLHL3,-1.4,hits
GO Biological Processes,19,GO:0045596,negative regulation of cell differentiation,-3.7,2,4.1,24155,757,514,32,6.2,1.1,653|2069|2487|2736|3397|3606|3956|4091|6405|6696|8294|8363|8365|8646|8993|9355|9706|9723|10683|26287|28959|51208|55796|56920|59341|64218|81606|84525|130733|146760|148979|282969,BMP5|EREG|FRZB|GLI2|ID1|IL18|LGALS1|SMAD6|SEMA3F|SPP1|H4C9|H4C11|H4C8|CHRD|PGLYRP1|LHX2|ULK2|SEMA3E|DLL3|ANKRD2|TMEM176B|CLDN18|MBNL3|SEMA3G|TRPV4|SEMA4A|LBH|HOPX|TMEM178A|RTN4RL1|GLIS1|FUOM,-1.4,hits
Reactome Gene Sets,6,R-HSA-1474228,Degradation of the extracellular matrix,-3.7,3.7,4.7,24155,140,514,11,2.1,0.64,2|827|1299|1310|3911|4313|4324|4325|4327|6696|11096,A2M|CAPN6|COL9A3|COL19A1|LAMA5|MMP2|MMP15|MMP16|MMP19|SPP1|ADAMTS5,-1.3,hits
GO Biological Processes,19,GO:0072088,nephron epithelium morphogenesis,-3.7,4.9,5.1,24155,76,514,8,1.6,0.55,2138|2247|2719|3911|6928|6943|8642|26249,EYA1|FGF2|GPC3|LAMA5|HNF1B|TCF21|DCHS1|KLHL3,-1.3,hits
Reactome Gene Sets,6,R-HSA-5693532,DNA Double-Strand Break Repair,-3.6,3.4,4.6,24155,166,514,12,2.3,0.67,2070|2138|3014|3017|8294|8340|8347|8363|8365|8970|85236|548593,EYA4|EYA1|H2AX|H2BC5|H4C9|H2BC13|H2BC4|H4C11|H4C8|H2BC11|H2BC12|SLX1A,-1.3,hits
GO Biological Processes,19,GO:0006333,chromatin assembly or disassembly,-3.6,3.2,4.5,24155,191,514,13,2.5,0.69,3014|3017|8294|8340|8347|8357|8363|8365|8970|11240|85236|92815|286436,H2AX|H2BC5|H4C9|H2BC13|H2BC4|H3C10|H4C11|H4C8|H2BC11|PADI2|H2BC12|H2AW|H2BM,-1.3,hits
Reactome Gene Sets,6,R-HSA-5693607,Processing of DNA double-strand break ends,-3.6,4.3,4.8,24155,98,514,9,1.8,0.58,3014|3017|8294|8340|8347|8363|8365|8970|85236,H2AX|H2BC5|H4C9|H2BC13|H2BC4|H4C11|H4C8|H2BC11|H2BC12,-1.3,hits
GO Biological Processes,19,GO:0001658,branching involved in ureteric bud morphogenesis,-3.6,5.6,5.2,24155,59,514,7,1.4,0.51,2138|2247|2719|3911|6928|6943|8642,EYA1|FGF2|GPC3|LAMA5|HNF1B|TCF21|DCHS1,-1.3,hits
GO Biological Processes,19,GO:0072028,nephron morphogenesis,-3.6,4.8,5,24155,78,514,8,1.6,0.55,2138|2247|2719|3911|6928|6943|8642|26249,EYA1|FGF2|GPC3|LAMA5|HNF1B|TCF21|DCHS1|KLHL3,-1.3,hits
GO Biological Processes,19,GO:0061333,renal tubule morphogenesis,-3.6,4.8,5,24155,78,514,8,1.6,0.55,2138|2247|2719|3911|6928|6943|8642|26249,EYA1|FGF2|GPC3|LAMA5|HNF1B|TCF21|DCHS1|KLHL3,-1.3,hits
GO Biological Processes,19,GO:0006334,nucleosome assembly,-3.5,3.6,4.6,24155,145,514,11,2.1,0.64,3014|3017|8294|8340|8347|8357|8363|8365|8970|85236|286436,H2AX|H2BC5|H4C9|H2BC13|H2BC4|H3C10|H4C11|H4C8|H2BC11|H2BC12|H2BM,-1.3,hits
GO Biological Processes,19,GO:0098742,cell-cell adhesion via plasma-membrane adhesion molecules,-3.5,2.7,4.3,24155,275,514,16,3.1,0.77,1000|1009|1012|1365|4680|8642|22854|26011|51208|54798|56105|56107|56112|56122|56123|56128,CDH2|CDH11|CDH13|CLDN3|CEACAM6|DCHS1|NTNG1|TENM4|CLDN18|DCHS2|PCDHGA11|PCDHGA9|PCDHGA3|PCDHB14|PCDHB13|PCDHB8,-1.2,hits
GO Biological Processes,19,GO:0007156,homophilic cell adhesion via plasma membrane adhesion molecules,-3.5,3.3,4.5,24155,170,514,12,2.3,0.67,1000|1009|1012|4680|8642|54798|56105|56107|56112|56122|56123|56128,CDH2|CDH11|CDH13|CEACAM6|DCHS1|DCHS2|PCDHGA11|PCDHGA9|PCDHGA3|PCDHB14|PCDHB13|PCDHB8,-1.2,hits
GO Biological Processes,19,GO:0042447,hormone catabolic process,-3.5,12,6.3,24155,16,514,4,0.78,0.39,43|1734|6696|8292,ACHE|DIO2|SPP1|COLQ,-1.2,hits
GO Biological Processes,19,GO:0016266,O-glycan processing,-3.5,5.4,5.1,24155,61,514,7,1.4,0.51,2591|4584|4588|9245|10164|56667|200958,GALNT3|MUC3A|MUC6|GCNT3|CHST4|MUC13|MUC20,-1.2,hits
GO Biological Processes,19,GO:0006935,chemotaxis,-3.5,2,3.9,24155,645,514,28,5.4,1,285|1012|1907|2046|2247|2674|2676|2736|2919|3680|5156|5587|5919|6405|6585|7424|8792|8817|9048|9355|9723|10381|11240|22854|51466|56920|59341|64218,ANGPT2|CDH13|EDN2|EPHA8|FGF2|GFRA1|GFRA3|GLI2|CXCL1|ITGA9|PDGFRA|PRKD1|RARRES2|SEMA3F|SLIT1|VEGFC|TNFRSF11A|FGF18|ARTN|LHX2|SEMA3E|TUBB3|PADI2|NTNG1|EVL|SEMA3G|TRPV4|SEMA4A,-1.2,hits
GO Biological Processes,19,GO:0042330,taxis,-3.5,2,3.9,24155,647,514,28,5.4,1,285|1012|1907|2046|2247|2674|2676|2736|2919|3680|5156|5587|5919|6405|6585|7424|8792|8817|9048|9355|9723|10381|11240|22854|51466|56920|59341|64218,ANGPT2|CDH13|EDN2|EPHA8|FGF2|GFRA1|GFRA3|GLI2|CXCL1|ITGA9|PDGFRA|PRKD1|RARRES2|SEMA3F|SLIT1|VEGFC|TNFRSF11A|FGF18|ARTN|LHX2|SEMA3E|TUBB3|PADI2|NTNG1|EVL|SEMA3G|TRPV4|SEMA4A,-1.2,hits
Reactome Gene Sets,6,R-HSA-68886,M Phase,-3.5,2.4,4.1,24155,395,514,20,3.9,0.85,1069|3012|3014|3017|8294|8338|8340|8347|8357|8363|8365|8970|10381|25906|51807|55559|85236|723790|100527963|102800317,CETN2|H2AC8|H2AX|H2BC5|H4C9|H2AC20|H2BC13|H2BC4|H3C10|H4C11|H4C8|H2BC11|TUBB3|ANAPC15|TUBA8|HAUS7|H2BC12|H2AC19|PMF1-BGLAP|TPTEP2-CSNK1E,-1.2,hits
Reactome Gene Sets,6,R-HSA-5083636,Defective GALNT12 causes colorectal cancer 1 (CRCS1),-3.4,11,6.1,24155,17,514,4,0.78,0.39,4584|4588|56667|200958,MUC3A|MUC6|MUC13|MUC20,-1.1,hits
Reactome Gene Sets,6,R-HSA-913709,O-linked glycosylation of mucins,-3.4,5.1,4.9,24155,64,514,7,1.4,0.51,2591|4584|4588|9245|10164|56667|200958,GALNT3|MUC3A|MUC6|GCNT3|CHST4|MUC13|MUC20,-1.1,hits
GO Biological Processes,19,GO:0007169,transmembrane receptor protein tyrosine kinase signaling pathway,-3.4,2,3.8,24155,722,514,30,5.8,1,285|624|653|1012|2046|2065|2069|2247|2261|2591|2674|3486|4313|5156|5157|5284|5441|5587|5919|6098|6383|7424|7448|8817|29988|115727|116449|145957|147372|200958,ANGPT2|BDKRB2|BMP5|CDH13|EPHA8|ERBB3|EREG|FGF2|FGFR3|GALNT3|GFRA1|IGFBP3|MMP2|PDGFRA|PDGFRL|PIGR|POLR2L|PRKD1|RARRES2|ROS1|SDC2|VEGFC|VTN|FGF18|SLC2A8|RASGRP4|CLNK|NRG4|CCBE1|MUC20,-1.1,hits
GO Biological Processes,19,GO:0060675,ureteric bud morphogenesis,-3.3,5.1,4.8,24155,65,514,7,1.4,0.51,2138|2247|2719|3911|6928|6943|8642,EYA1|FGF2|GPC3|LAMA5|HNF1B|TCF21|DCHS1,-1.1,hits
GO Biological Processes,19,GO:0030574,collagen catabolic process,-3.3,6,5.1,24155,47,514,6,1.2,0.47,1310|4313|4324|4325|4327|64115,COL19A1|MMP2|MMP15|MMP16|MMP19|VSIR,-1.1,hits
GO Biological Processes,19,GO:0042445,hormone metabolic process,-3.3,2.8,4.1,24155,232,514,14,2.7,0.72,43|126|653|1066|1363|1589|1734|3291|5156|6696|8292|10202|27344|145226,ACHE|ADH1C|BMP5|CES1|CPE|CYP21A2|DIO2|HSD11B2|PDGFRA|SPP1|COLQ|DHRS2|PCSK1N|RDH12,-1.1,hits
Reactome Gene Sets,6,R-HSA-5083632,Defective C1GALT1C1 causes Tn polyagglutination syndrome (TNPS),-3.3,10,5.9,24155,18,514,4,0.78,0.39,4584|4588|56667|200958,MUC3A|MUC6|MUC13|MUC20,-1.1,hits
GO Biological Processes,19,GO:0072171,mesonephric tubule morphogenesis,-3.3,5,4.8,24155,66,514,7,1.4,0.51,2138|2247|2719|3911|6928|6943|8642,EYA1|FGF2|GPC3|LAMA5|HNF1B|TCF21|DCHS1,-1.1,hits
GO Biological Processes,19,GO:0016339,calcium-dependent cell-cell adhesion via plasma membrane cell adhesion molecules,-3.3,5.9,5,24155,48,514,6,1.2,0.47,1000|1009|1012|8642|56122|56123,CDH2|CDH11|CDH13|DCHS1|PCDHB14|PCDHB13,-1.1,hits
GO Biological Processes,19,GO:0043552,positive regulation of phosphatidylinositol 3-kinase activity,-3.3,7.3,5.3,24155,32,514,5,0.97,0.43,2046|2247|2261|5156|5587,EPHA8|FGF2|FGFR3|PDGFRA|PRKD1,-1,hits
Reactome Gene Sets,6,R-HSA-5693567,HDR through Homologous Recombination (HRR) or Single Strand Annealing (SSA),-3.3,3.6,4.3,24155,132,514,10,1.9,0.61,3014|3017|8294|8340|8347|8363|8365|8970|85236|548593,H2AX|H2BC5|H4C9|H2BC13|H2BC4|H4C11|H4C8|H2BC11|H2BC12|SLX1A,-1,hits
GO Biological Processes,19,GO:0034728,nucleosome organization,-3.2,3.1,4.1,24155,184,514,12,2.3,0.67,3014|3017|8294|8340|8347|8357|8363|8365|8970|85236|92815|286436,H2AX|H2BC5|H4C9|H2BC13|H2BC4|H3C10|H4C11|H4C8|H2BC11|H2BC12|H2AW|H2BM,-0.99,hits
GO Biological Processes,19,GO:0097035,regulation of membrane lipid distribution,-3.2,5.6,4.8,24155,50,514,6,1.2,0.47,6521|10396|79895|121601|148229|338440,SLC4A1|ATP8A1|ATP8B4|ANO4|ATP8B3|ANO9,-0.97,hits
GO Biological Processes,19,GO:0001706,endoderm formation,-3.2,5.6,4.8,24155,50,514,6,1.2,0.47,3679|4313|4324|6928|7448|57057,ITGA7|MMP2|MMP15|HNF1B|VTN|TBX20,-0.97,hits
GO Biological Processes,19,GO:0048566,embryonic digestive tract development,-3.1,6.9,5.1,24155,34,514,5,0.97,0.43,2736|5156|5919|6928|6943,GLI2|PDGFRA|RARRES2|HNF1B|TCF21,-0.93,hits
Reactome Gene Sets,6,R-HSA-5693538,Homology Directed Repair,-3.1,3.4,4.2,24155,138,514,10,1.9,0.61,3014|3017|8294|8340|8347|8363|8365|8970|85236|548593,H2AX|H2BC5|H4C9|H2BC13|H2BC4|H4C11|H4C8|H2BC11|H2BC12|SLX1A,-0.91,hits
Reactome Gene Sets,6,R-HSA-195721,Signaling by WNT,-3.1,2.4,3.8,24155,330,514,17,3.3,0.79,2791|3012|3014|3017|8294|8338|8340|8347|8357|8363|8365|8970|51764|54894|85236|723790|102800317,GNG11|H2AC8|H2AX|H2BC5|H4C9|H2AC20|H2BC13|H2BC4|H3C10|H4C11|H4C8|H2BC11|GNG13|RNF43|H2BC12|H2AC19|TPTEP2-CSNK1E,-0.9,hits
GO Biological Processes,19,GO:0072080,nephron tubule development,-3.1,4,4.3,24155,93,514,8,1.6,0.55,2138|2247|2719|3911|6928|6943|8642|26249,EYA1|FGF2|GPC3|LAMA5|HNF1B|TCF21|DCHS1|KLHL3,-0.88,hits
GO Biological Processes,19,GO:0031497,chromatin assembly,-3.1,3.1,4.1,24155,165,514,11,2.1,0.64,3014|3017|8294|8340|8347|8357|8363|8365|8970|85236|286436,H2AX|H2BC5|H4C9|H2BC13|H2BC4|H3C10|H4C11|H4C8|H2BC11|H2BC12|H2BM,-0.87,hits
GO Biological Processes,19,GO:0006302,double-strand break repair,-3,2.7,3.9,24155,248,514,14,2.7,0.72,2138|3014|4255|7454|8294|8363|8365|51659|55137|126074|157777|199720|353497|548593,EYA1|H2AX|MGMT|WAS|H4C9|H4C11|H4C8|GINS2|FIGN|SWSAP1|MCMDC2|GGN|POLN|SLX1A,-0.84,hits
GO Biological Processes,19,GO:0065004,protein-DNA complex assembly,-3,2.7,3.9,24155,248,514,14,2.7,0.72,1069|3014|3017|6928|8294|8340|8347|8357|8363|8365|8970|85236|157777|286436,CETN2|H2AX|H2BC5|HNF1B|H4C9|H2BC13|H2BC4|H3C10|H4C11|H4C8|H2BC11|H2BC12|MCMDC2|H2BM,-0.84,hits
GO Biological Processes,19,GO:0090218,positive regulation of lipid kinase activity,-3,6.5,4.9,24155,36,514,5,0.97,0.43,2046|2247|2261|5156|5587,EPHA8|FGF2|FGFR3|PDGFRA|PRKD1,-0.84,hits
GO Biological Processes,19,GO:0002385,mucosal immune response,-3,6.5,4.9,24155,36,514,5,0.97,0.43,5284|8347|8970|9245|85236,PIGR|H2BC4|H2BC11|GCNT3|H2BC12,-0.84,hits
GO Biological Processes,19,GO:0061326,renal tubule development,-3,4,4.3,24155,95,514,8,1.6,0.55,2138|2247|2719|3911|6928|6943|8642|26249,EYA1|FGF2|GPC3|LAMA5|HNF1B|TCF21|DCHS1|KLHL3,-0.84,hits
GO Biological Processes,19,GO:0045055,regulated exocytosis,-3,1.8,3.5,24155,795,514,31,6,1.1,1|2|240|321|1191|1675|2919|3699|3700|4680|5030|5284|5317|5919|6284|6414|6947|7097|7424|7462|8618|8993|10396|11001|11069|11240|79895|84443|91683|112476|140730,A1BG|A2M|ALOX5|APBA2|CLU|CFD|CXCL1|ITIH3|ITIH4|CEACAM6|P2RY4|PIGR|PKP1|RARRES2|S100A13|SELENOP|TCN1|TLR2|VEGFC|LAT2|CADPS|PGLYRP1|ATP8A1|SLC27A2|RAPGEF4|PADI2|ATP8B4|FRMPD3|SYT12|PRRT2|RIMS4,-0.84,hits
Reactome Gene Sets,6,R-HSA-2262752,Cellular responses to stress,-3,2.2,3.7,24155,429,514,20,3.9,0.85,3012|3014|3017|3306|3397|3490|5608|8294|8338|8340|8347|8357|8363|8365|8970|10381|25906|51807|85236|723790,H2AC8|H2AX|H2BC5|HSPA2|ID1|IGFBP7|MAP2K6|H4C9|H2AC20|H2BC13|H2BC4|H3C10|H4C11|H4C8|H2BC11|TUBB3|ANAPC15|TUBA8|H2BC12|H2AC19,-0.84,hits
GO Biological Processes,19,GO:0001568,blood vessel development,-3,1.9,3.5,24155,762,514,30,5.8,1,285|1000|1012|1747|2069|2138|2247|2348|2719|3397|3606|3911|4091|4313|4327|4879|5156|5587|5740|6271|6692|6943|7049|7424|8817|9723|50814|57057|64218|147372,ANGPT2|CDH2|CDH13|DLX3|EREG|EYA1|FGF2|FOLR1|GPC3|ID1|IL18|LAMA5|SMAD6|MMP2|MMP19|NPPB|PDGFRA|PRKD1|PTGIS|S100A1|SPINT1|TCF21|TGFBR3|VEGFC|FGF18|SEMA3E|NSDHL|TBX20|SEMA4A|CCBE1,-0.83,hits
GO Biological Processes,19,GO:0072006,nephron development,-3,3.3,4,24155,143,514,10,1.9,0.61,285|2138|2247|2719|3911|5156|6928|6943|8642|26249,ANGPT2|EYA1|FGF2|GPC3|LAMA5|PDGFRA|HNF1B|TCF21|DCHS1|KLHL3,-0.83,hits
Reactome Gene Sets,6,R-HSA-3781865,Diseases of glycosylation,-3,3.3,4,24155,143,514,10,1.9,0.61,1462|2591|2719|4584|4588|6383|9060|11096|56667|200958,VCAN|GALNT3|GPC3|MUC3A|MUC6|SDC2|PAPSS2|ADAMTS5|MUC13|MUC20,-0.83,hits
GO Biological Processes,19,GO:0048846,axon extension involved in axon guidance,-3,6.4,4.8,24155,37,514,5,0.97,0.43,6405|6585|9723|56920|64218,SEMA3F|SLIT1|SEMA3E|SEMA3G|SEMA4A,-0.81,hits
GO Biological Processes,19,GO:1902284,neuron projection extension involved in neuron projection guidance,-3,6.4,4.8,24155,37,514,5,0.97,0.43,6405|6585|9723|56920|64218,SEMA3F|SLIT1|SEMA3E|SEMA3G|SEMA4A,-0.81,hits
Reactome Gene Sets,6,R-HSA-2219530,Constitutive Signaling by Aberrant PI3K in Cancer,-3,4.4,4.3,24155,75,514,7,1.4,0.51,2065|2069|2247|2261|5156|8817|145957,ERBB3|EREG|FGF2|FGFR3|PDGFRA|FGF18|NRG4,-0.81,hits
Canonical Pathways,11,M276,PID FGF PATHWAY,-3,5.1,4.5,24155,55,514,6,1.2,0.47,1000|2247|2261|6383|6696|8817,CDH2|FGF2|FGFR3|SDC2|SPP1|FGF18,-0.81,hits
GO Biological Processes,19,GO:0001657,ureteric bud development,-3,3.9,4.2,24155,97,514,8,1.6,0.55,2138|2247|2719|3911|4091|6928|6943|8642,EYA1|FGF2|GPC3|LAMA5|SMAD6|HNF1B|TCF21|DCHS1,-0.81,hits
KEGG Pathway,24,hsa04151,PI3K-Akt signaling pathway,-2.9,2.3,3.7,24155,342,514,17,3.3,0.79,285|1299|2247|2261|2791|3679|3680|3911|5156|5522|6696|7097|7424|7448|8817|10319|51764,ANGPT2|COL9A3|FGF2|FGFR3|GNG11|ITGA7|ITGA9|LAMA5|PDGFRA|PPP2R2C|SPP1|TLR2|VEGFC|VTN|FGF18|LAMC3|GNG13,-0.79,hits
GO Biological Processes,19,GO:0001704,formation of primary germ layer,-2.9,3.5,4.1,24155,121,514,9,1.8,0.58,2138|3679|4313|4324|6928|7448|8646|57057|84913,EYA1|ITGA7|MMP2|MMP15|HNF1B|VTN|CHRD|TBX20|ATOH8,-0.79,hits
GO Biological Processes,19,GO:0072164,mesonephric tubule development,-2.9,3.8,4.1,24155,98,514,8,1.6,0.55,2138|2247|2719|3911|4091|6928|6943|8642,EYA1|FGF2|GPC3|LAMA5|SMAD6|HNF1B|TCF21|DCHS1,-0.79,hits
GO Biological Processes,19,GO:0072163,mesonephric epithelium development,-2.9,3.8,4.1,24155,98,514,8,1.6,0.55,2138|2247|2719|3911|4091|6928|6943|8642,EYA1|FGF2|GPC3|LAMA5|SMAD6|HNF1B|TCF21|DCHS1,-0.79,hits
GO Biological Processes,19,GO:0051961,negative regulation of nervous system development,-2.9,2.4,3.7,24155,315,514,16,3.1,0.77,3397|3956|6405|6585|6696|7097|8646|9355|9706|9723|10683|56920|59341|64218|146760|282969,ID1|LGALS1|SEMA3F|SLIT1|SPP1|TLR2|CHRD|LHX2|ULK2|SEMA3E|DLL3|SEMA3G|TRPV4|SEMA4A|RTN4RL1|FUOM,-0.76,hits
GO Biological Processes,19,GO:0002251,organ or tissue specific immune response,-2.9,6,4.6,24155,39,514,5,0.97,0.43,5284|8347|8970|9245|85236,PIGR|H2BC4|H2BC11|GCNT3|H2BC12,-0.73,hits
GO Biological Processes,19,GO:0061061,muscle structure development,-2.9,1.9,3.4,24155,674,514,27,5.3,0.98,43|1000|1310|2065|2069|2247|3235|3486|3606|3679|3880|3911|3956|5156|5300|6943|7049|7134|7139|26287|26548|55796|57057|57538|84033|85407|100271849,ACHE|CDH2|COL19A1|ERBB3|EREG|FGF2|HOXD9|IGFBP3|IL18|ITGA7|KRT19|LAMA5|LGALS1|PDGFRA|PIN1|TCF21|TGFBR3|TNNC1|TNNT2|ANKRD2|ITGB1BP2|MBNL3|TBX20|ALPK3|OBSCN|NKD1|MEF2B,-0.73,hits
GO Biological Processes,19,GO:0048729,tissue morphogenesis,-2.9,1.9,3.4,24155,674,514,27,5.3,0.98,653|2138|2247|2300|2348|2487|2719|2736|3714|3911|6692|6928|6943|7049|7134|7139|7424|8642|8646|9048|9245|9355|9723|26249|51435|57057|85407,BMP5|EYA1|FGF2|FOXL1|FOLR1|FRZB|GPC3|GLI2|JAG2|LAMA5|SPINT1|HNF1B|TCF21|TGFBR3|TNNC1|TNNT2|VEGFC|DCHS1|CHRD|ARTN|GCNT3|LHX2|SEMA3E|KLHL3|SCARA3|TBX20|NKD1,-0.73,hits
GO Biological Processes,19,GO:0071824,protein-DNA complex subunit organization,-2.9,2.4,3.6,24155,288,514,15,2.9,0.74,1069|3014|3017|6928|8294|8340|8347|8357|8363|8365|8970|85236|92815|157777|286436,CETN2|H2AX|H2BC5|HNF1B|H4C9|H2BC13|H2BC4|H3C10|H4C11|H4C8|H2BC11|H2BC12|H2AW|MCMDC2|H2BM,-0.73,hits
GO Biological Processes,19,GO:0008015,blood circulation,-2.8,2,3.5,24155,541,514,23,4.5,0.91,624|774|1066|1674|1907|2983|3291|3752|4879|5139|5349|5608|6271|6330|7134|7139|7424|8620|10021|27092|53826|57057|59341,BDKRB2|CACNA1B|CES1|DES|EDN2|GUCY1B1|HSD11B2|KCND3|NPPB|PDE3A|FXYD3|MAP2K6|S100A1|SCN4B|TNNC1|TNNT2|VEGFC|NPFF|HCN4|CACNG4|FXYD6|TBX20|TRPV4,-0.72,hits
GO Biological Processes,19,GO:0001755,neural crest cell migration,-2.8,4.9,4.3,24155,58,514,6,1.2,0.47,2348|3911|6405|9723|56920|64218,FOLR1|LAMA5|SEMA3F|SEMA3E|SEMA3G|SEMA4A,-0.72,hits
GO Biological Processes,19,GO:0048754,branching morphogenesis of an epithelial tube,-2.8,3.1,3.9,24155,150,514,10,1.9,0.61,2138|2247|2719|2736|3911|6928|6943|8642|9723|57057,EYA1|FGF2|GPC3|GLI2|LAMA5|HNF1B|TCF21|DCHS1|SEMA3E|TBX20,-0.72,hits
GO Biological Processes,19,GO:0003006,developmental process involved in reproduction,-2.8,1.9,3.4,24155,677,514,27,5.3,0.98,117|249|285|653|1299|1730|1747|2069|2736|3306|3880|4327|5139|5156|5414|5740|6691|6692|6696|6795|6943|29999|50814|130026|157777|374900|768239,ADCYAP1R1|ALPL|ANGPT2|BMP5|COL9A3|DIAPH2|DLX3|EREG|GLI2|HSPA2|KRT19|MMP19|PDE3A|PDGFRA|SEPTIN4|PTGIS|SPINK2|SPINT1|SPP1|AURKC|TCF21|FSCN3|NSDHL|ICA1L|MCMDC2|ZNF568|PSAPL1,-0.72,hits
KEGG Pathway,24,hsa04610,Complement and coagulation cascades,-2.8,4.2,4.2,24155,79,514,7,1.4,0.51,2|624|721|1191|1675|2159|7448,A2M|BDKRB2|C4B|CLU|CFD|F10|VTN,-0.72,hits
GO Biological Processes,19,GO:0001823,mesonephros development,-2.8,3.7,4,24155,102,514,8,1.6,0.55,2138|2247|2719|3911|4091|6928|6943|8642,EYA1|FGF2|GPC3|LAMA5|SMAD6|HNF1B|TCF21|DCHS1,-0.71,hits
GO Biological Processes,19,GO:0051180,vitamin transport,-2.8,5.9,4.5,24155,40,514,5,0.97,0.43,2348|6947|8029|29988|83546,FOLR1|TCN1|CUBN|SLC2A8|RTBDN,-0.71,hits
Reactome Gene Sets,6,R-HSA-977068,Termination of O-glycan biosynthesis,-2.8,7.8,4.9,24155,24,514,4,0.78,0.39,4584|4588|56667|200958,MUC3A|MUC6|MUC13|MUC20,-0.71,hits
GO Biological Processes,19,GO:0040008,regulation of growth,-2.8,1.9,3.4,24155,682,514,27,5.3,0.98,2247|2261|2487|2593|2719|3486|3490|4131|4879|5300|6098|6405|6414|6696|6928|7049|8292|9706|9723|10516|23136|56920|57057|64218|84722|85407|340719,FGF2|FGFR3|FRZB|GAMT|GPC3|IGFBP3|IGFBP7|MAP1B|NPPB|PIN1|ROS1|SEMA3F|SELENOP|SPP1|HNF1B|TGFBR3|COLQ|ULK2|SEMA3E|FBLN5|EPB41L3|SEMA3G|TBX20|SEMA4A|PSRC1|NKD1|NANOS1,-0.69,hits
GO Biological Processes,19,GO:0002576,platelet degranulation,-2.8,3.3,3.9,24155,128,514,9,1.8,0.58,1|2|1191|1675|3699|3700|5919|6414|7424,A1BG|A2M|CLU|CFD|ITIH3|ITIH4|RARRES2|SELENOP|VEGFC,-0.67,hits
GO Biological Processes,19,GO:0001505,regulation of neurotransmitter levels,-2.8,2.3,3.5,24155,355,514,17,3.3,0.79,43|275|321|774|1191|1806|2644|5030|5740|7097|8292|8618|25953|55784|91683|112476|140730,ACHE|AMT|APBA2|CACNA1B|CLU|DPYD|GCHFR|P2RY4|PTGIS|TLR2|COLQ|CADPS|PNKD|MCTP2|SYT12|PRRT2|RIMS4,-0.67,hits
GO Biological Processes,19,GO:0050830,defense response to Gram-positive bacterium,-2.8,3.6,3.9,24155,104,514,8,1.6,0.55,5919|7097|8347|8970|8993|84868|85236|129530,RARRES2|TLR2|H2BC4|H2BC11|PGLYRP1|HAVCR2|H2BC12|LYG1,-0.67,hits
Reactome Gene Sets,6,R-HSA-114608,Platelet degranulation ,-2.7,3.3,3.8,24155,129,514,9,1.8,0.58,1|2|1191|1675|3699|3700|5919|6414|7424,A1BG|A2M|CLU|CFD|ITIH3|ITIH4|RARRES2|SELENOP|VEGFC,-0.66,hits
GO Biological Processes,19,GO:0003013,circulatory system process,-2.7,2,3.4,24155,551,514,23,4.5,0.91,624|774|1066|1674|1907|2983|3291|3752|4879|5139|5349|5608|6271|6330|7134|7139|7424|8620|10021|27092|53826|57057|59341,BDKRB2|CACNA1B|CES1|DES|EDN2|GUCY1B1|HSD11B2|KCND3|NPPB|PDE3A|FXYD3|MAP2K6|S100A1|SCN4B|TNNC1|TNNT2|VEGFC|NPFF|HCN4|CACNG4|FXYD6|TBX20|TRPV4,-0.66,hits
KEGG Pathway,24,hsa04512,ECM-receptor interaction,-2.7,4,4,24155,82,514,7,1.4,0.51,1299|3679|3680|3911|6696|7448|10319,COL9A3|ITGA7|ITGA9|LAMA5|SPP1|VTN|LAMC3,-0.66,hits
Reactome Gene Sets,6,R-HSA-1839130,Signaling by activated point mutants of FGFR3,-2.7,12,5.5,24155,12,514,3,0.58,0.34,2247|2261|8817,FGF2|FGFR3|FGF18,-0.66,hits
Reactome Gene Sets,6,R-HSA-2033514,FGFR3 mutant receptor activation,-2.7,12,5.5,24155,12,514,3,0.58,0.34,2247|2261|8817,FGF2|FGFR3|FGF18,-0.66,hits
GO Biological Processes,19,GO:0010977,negative regulation of neuron projection development,-2.7,3,3.7,24155,155,514,10,1.9,0.61,3397|3956|6405|6696|9706|9723|56920|59341|64218|146760,ID1|LGALS1|SEMA3F|SPP1|ULK2|SEMA3E|SEMA3G|TRPV4|SEMA4A|RTN4RL1,-0.66,hits
GO Biological Processes,19,GO:0001944,vasculature development,-2.7,1.8,3.3,24155,793,514,30,5.8,1,285|1000|1012|1747|2069|2138|2247|2348|2719|3397|3606|3911|4091|4313|4327|4879|5156|5587|5740|6271|6692|6943|7049|7424|8817|9723|50814|57057|64218|147372,ANGPT2|CDH2|CDH13|DLX3|EREG|EYA1|FGF2|FOLR1|GPC3|ID1|IL18|LAMA5|SMAD6|MMP2|MMP19|NPPB|PDGFRA|PRKD1|PTGIS|S100A1|SPINT1|TCF21|TGFBR3|VEGFC|FGF18|SEMA3E|NSDHL|TBX20|SEMA4A|CCBE1,-0.66,hits
GO Biological Processes,19,GO:0006027,glycosaminoglycan catabolic process,-2.7,4.6,4.2,24155,61,514,6,1.2,0.47,1462|2247|2719|6383|8993|129530,VCAN|FGF2|GPC3|SDC2|PGLYRP1|LYG1,-0.66,hits
GO Biological Processes,19,GO:0061138,morphogenesis of a branching epithelium,-2.7,2.8,3.7,24155,182,514,11,2.1,0.64,2138|2247|2719|2736|3911|6692|6928|6943|8642|9723|57057,EYA1|FGF2|GPC3|GLI2|LAMA5|SPINT1|HNF1B|TCF21|DCHS1|SEMA3E|TBX20,-0.66,hits
GO Biological Processes,19,GO:0006323,DNA packaging,-2.7,2.7,3.6,24155,210,514,12,2.3,0.67,3014|3017|8294|8340|8347|8357|8363|8365|8970|10595|85236|286436,H2AX|H2BC5|H4C9|H2BC13|H2BC4|H3C10|H4C11|H4C8|H2BC11|ERN2|H2BC12|H2BM,-0.65,hits
Reactome Gene Sets,6,R-HSA-8878171,Transcriptional regulation by RUNX1,-2.7,2.6,3.6,24155,239,514,13,2.5,0.69,3012|3014|3017|8294|8338|8340|8347|8357|8363|8365|8970|85236|723790,H2AC8|H2AX|H2BC5|H4C9|H2AC20|H2BC13|H2BC4|H3C10|H4C11|H4C8|H2BC11|H2BC12|H2AC19,-0.65,hits
GO Biological Processes,19,GO:0050926,regulation of positive chemotaxis,-2.7,7.2,4.7,24155,26,514,4,0.78,0.39,285|1012|7424|9048,ANGPT2|CDH13|VEGFC|ARTN,-0.62,hits
GO Biological Processes,19,GO:0048843,negative regulation of axon extension involved in axon guidance,-2.7,7.2,4.7,24155,26,514,4,0.78,0.39,6405|9723|56920|64218,SEMA3F|SEMA3E|SEMA3G|SEMA4A,-0.62,hits
GO Biological Processes,19,GO:0042476,odontogenesis,-2.7,3.2,3.7,24155,132,514,9,1.8,0.58,249|360|1747|2736|3714|3911|5156|5251|11096,ALPL|AQP3|DLX3|GLI2|JAG2|LAMA5|PDGFRA|PHEX|ADAMTS5,-0.62,hits
GO Biological Processes,19,GO:0007369,gastrulation,-2.7,2.8,3.6,24155,185,514,11,2.1,0.64,2138|2719|3679|4313|4324|6928|7448|8646|26011|57057|84913,EYA1|GPC3|ITGA7|MMP2|MMP15|HNF1B|VTN|CHRD|TENM4|TBX20|ATOH8,-0.62,hits
GO Biological Processes,19,GO:0048568,embryonic organ development,-2.6,2.1,3.3,24155,429,514,19,3.7,0.83,653|2138|2348|2487|2736|3235|3880|4325|5156|5919|6692|6913|6928|6943|9132|50814|51168|57057|374900,BMP5|EYA1|FOLR1|FRZB|GLI2|HOXD9|KRT19|MMP16|PDGFRA|RARRES2|SPINT1|TBX15|HNF1B|TCF21|KCNQ4|NSDHL|MYO15A|TBX20|ZNF568,-0.59,hits
GO Biological Processes,19,GO:0072009,nephron epithelium development,-2.6,3.4,3.8,24155,109,514,8,1.6,0.55,2138|2247|2719|3911|6928|6943|8642|26249,EYA1|FGF2|GPC3|LAMA5|HNF1B|TCF21|DCHS1|KLHL3,-0.59,hits
GO Biological Processes,19,GO:0030203,glycosaminoglycan metabolic process,-2.6,2.9,3.6,24155,160,514,10,1.9,0.61,1462|2247|2719|3699|3700|6383|8993|9348|9953|129530,VCAN|FGF2|GPC3|ITIH3|ITIH4|SDC2|PGLYRP1|NDST3|HS3ST3B1|LYG1,-0.59,hits
Reactome Gene Sets,6,R-HSA-76005,Response to elevated platelet cytosolic Ca2+,-2.6,3.2,3.7,24155,134,514,9,1.8,0.58,1|2|1191|1675|3699|3700|5919|6414|7424,A1BG|A2M|CLU|CFD|ITIH3|ITIH4|RARRES2|SELENOP|VEGFC,-0.59,hits
Reactome Gene Sets,6,R-HSA-5654227,Phospholipase C-mediated cascade; FGFR3,-2.6,11,5.2,24155,13,514,3,0.58,0.34,2247|2261|8817,FGF2|FGFR3|FGF18,-0.59,hits
Reactome Gene Sets,6,R-HSA-8847993,ERBB2 Activates PTK6 Signaling,-2.6,11,5.2,24155,13,514,3,0.58,0.34,2065|2069|145957,ERBB3|EREG|NRG4,-0.59,hits
GO Biological Processes,19,GO:0050922,negative regulation of chemotaxis,-2.6,4.4,4,24155,64,514,6,1.2,0.47,285|6405|9723|11240|56920|64218,ANGPT2|SEMA3F|SEMA3E|PADI2|SEMA3G|SEMA4A,-0.58,hits
GO Biological Processes,19,GO:0031345,negative regulation of cell projection organization,-2.6,2.7,3.6,24155,188,514,11,2.1,0.64,3397|3956|6405|6696|9706|9723|51466|56920|59341|64218|146760,ID1|LGALS1|SEMA3F|SPP1|ULK2|SEMA3E|EVL|SEMA3G|TRPV4|SEMA4A|RTN4RL1,-0.58,hits
Reactome Gene Sets,6,R-HSA-5621480,Dectin-2 family,-2.6,7,4.6,24155,27,514,4,0.78,0.39,4584|4588|56667|200958,MUC3A|MUC6|MUC13|MUC20,-0.58,hits
GO Biological Processes,19,GO:0050921,positive regulation of chemotaxis,-2.6,3.1,3.7,24155,135,514,9,1.8,0.58,1012|1907|2247|5587|5919|7424|8817|9048|59341,CDH13|EDN2|FGF2|PRKD1|RARRES2|VEGFC|FGF18|ARTN|TRPV4,-0.58,hits
GO Biological Processes,19,GO:0007411,axon guidance,-2.6,2.4,3.4,24155,276,514,14,2.7,0.72,2046|2674|2676|2736|6405|6585|9048|9355|9723|10381|22854|51466|56920|64218,EPHA8|GFRA1|GFRA3|GLI2|SEMA3F|SLIT1|ARTN|LHX2|SEMA3E|TUBB3|NTNG1|EVL|SEMA3G|SEMA4A,-0.57,hits
GO Biological Processes,19,GO:0035987,endodermal cell differentiation,-2.6,5.2,4.2,24155,45,514,5,0.97,0.43,3679|4313|4324|6928|7448,ITGA7|MMP2|MMP15|HNF1B|VTN,-0.56,hits
GO Biological Processes,19,GO:0097485,neuron projection guidance,-2.6,2.4,3.4,24155,277,514,14,2.7,0.72,2046|2674|2676|2736|6405|6585|9048|9355|9723|10381|22854|51466|56920|64218,EPHA8|GFRA1|GFRA3|GLI2|SEMA3F|SLIT1|ARTN|LHX2|SEMA3E|TUBB3|NTNG1|EVL|SEMA3G|SEMA4A,-0.56,hits
Reactome Gene Sets,6,R-HSA-5173105,O-linked glycosylation,-2.6,3.4,3.7,24155,112,514,8,1.6,0.55,2591|4584|4588|9245|10164|11096|56667|200958,GALNT3|MUC3A|MUC6|GCNT3|CHST4|ADAMTS5|MUC13|MUC20,-0.54,hits
GO Biological Processes,19,GO:1902668,negative regulation of axon guidance,-2.6,6.7,4.5,24155,28,514,4,0.78,0.39,6405|9723|56920|64218,SEMA3F|SEMA3E|SEMA3G|SEMA4A,-0.54,hits
GO Biological Processes,19,GO:0001958,endochondral ossification,-2.6,6.7,4.5,24155,28,514,4,0.78,0.39,249|2261|4325|8817,ALPL|FGFR3|MMP16|FGF18,-0.54,hits
GO Biological Processes,19,GO:0036075,replacement ossification,-2.6,6.7,4.5,24155,28,514,4,0.78,0.39,249|2261|4325|8817,ALPL|FGFR3|MMP16|FGF18,-0.54,hits
GO Biological Processes,19,GO:0006026,aminoglycan catabolic process,-2.6,4.3,3.9,24155,66,514,6,1.2,0.47,1462|2247|2719|6383|8993|129530,VCAN|FGF2|GPC3|SDC2|PGLYRP1|LYG1,-0.54,hits
GO Biological Processes,19,GO:0000904,cell morphogenesis involved in differentiation,-2.5,1.8,3.1,24155,745,514,28,5.4,1,1000|1009|1365|2046|2674|2676|2736|3397|3911|4131|6383|6405|6585|6696|9048|9355|9706|9723|10319|10381|22854|51435|51466|56920|57520|64098|64218|80243,CDH2|CDH11|CLDN3|EPHA8|GFRA1|GFRA3|GLI2|ID1|LAMA5|MAP1B|SDC2|SEMA3F|SLIT1|SPP1|ARTN|LHX2|ULK2|SEMA3E|LAMC3|TUBB3|NTNG1|SCARA3|EVL|SEMA3G|HECW2|PARVG|SEMA4A|PREX2,-0.53,hits
GO Biological Processes,19,GO:0050919,negative chemotaxis,-2.5,5.1,4.1,24155,46,514,5,0.97,0.43,6405|6585|9723|56920|64218,SEMA3F|SLIT1|SEMA3E|SEMA3G|SEMA4A,-0.53,hits
GO Biological Processes,19,GO:0060047,heart contraction,-2.5,2.3,3.3,24155,280,514,14,2.7,0.72,774|1674|1907|3752|5349|5608|6271|6330|7134|7139|8620|10021|27092|53826,CACNA1B|DES|EDN2|KCND3|FXYD3|MAP2K6|S100A1|SCN4B|TNNC1|TNNT2|NPFF|HCN4|CACNG4|FXYD6,-0.53,hits
GO Biological Processes,19,GO:0048762,mesenchymal cell differentiation,-2.5,2.6,3.4,24155,221,514,12,2.3,0.67,653|2348|2487|3911|6275|6405|6943|7049|9723|56920|64218|348262,BMP5|FOLR1|FRZB|LAMA5|S100A4|SEMA3F|TCF21|TGFBR3|SEMA3E|SEMA3G|SEMA4A|MCRIP1,-0.53,hits
GO Biological Processes,19,GO:0048640,negative regulation of developmental growth,-2.5,3.3,3.7,24155,113,514,8,1.6,0.55,2261|6405|6696|9706|9723|56920|64218|85407,FGFR3|SEMA3F|SPP1|ULK2|SEMA3E|SEMA3G|SEMA4A|NKD1,-0.53,hits
Reactome Gene Sets,6,R-HSA-193775,Synthesis of bile acids and bile salts via 24-hydroxycholesterol,-2.5,10,5,24155,14,514,3,0.58,0.34,5740|10998|11001,PTGIS|SLC27A5|SLC27A2,-0.53,hits
GO Biological Processes,19,GO:0072073,kidney epithelium development,-2.5,3,3.5,24155,140,514,9,1.8,0.58,2138|2247|2719|3911|4091|6928|6943|8642|26249,EYA1|FGF2|GPC3|LAMA5|SMAD6|HNF1B|TCF21|DCHS1|KLHL3,-0.5,hits
GO Biological Processes,19,GO:0010927,cellular component assembly involved in morphogenesis,-2.5,3.3,3.6,24155,115,514,8,1.6,0.55,3880|5156|6691|7097|7139|23136|26011|84033,KRT19|PDGFRA|SPINK2|TLR2|TNNT2|EPB41L3|TENM4|OBSCN,-0.49,hits
Reactome Gene Sets,6,R-HSA-3906995,Diseases associated with O-glycosylation of proteins,-2.5,4.1,3.8,24155,68,514,6,1.2,0.47,2591|4584|4588|11096|56667|200958,GALNT3|MUC3A|MUC6|ADAMTS5|MUC13|MUC20,-0.49,hits
GO Biological Processes,19,GO:0014033,neural crest cell differentiation,-2.5,3.6,3.7,24155,91,514,7,1.4,0.51,2348|2487|3911|6405|9723|56920|64218,FOLR1|FRZB|LAMA5|SEMA3F|SEMA3E|SEMA3G|SEMA4A,-0.49,hits
GO Biological Processes,19,GO:0001763,morphogenesis of a branching structure,-2.5,2.6,3.4,24155,196,514,11,2.1,0.64,2138|2247|2719|2736|3911|6692|6928|6943|8642|9723|57057,EYA1|FGF2|GPC3|GLI2|LAMA5|SPINT1|HNF1B|TCF21|DCHS1|SEMA3E|TBX20,-0.49,hits
GO Biological Processes,19,GO:0048812,neuron projection morphogenesis,-2.5,1.8,3.1,24155,648,514,25,4.9,0.95,1000|1009|2046|2674|2676|2736|3397|4131|6383|6405|6585|6696|9048|9355|9706|9723|10381|22854|23136|51466|56920|57520|64218|80243|123904,CDH2|CDH11|EPHA8|GFRA1|GFRA3|GLI2|ID1|MAP1B|SDC2|SEMA3F|SLIT1|SPP1|ARTN|LHX2|ULK2|SEMA3E|TUBB3|NTNG1|EPB41L3|EVL|SEMA3G|HECW2|SEMA4A|PREX2|NRN1L,-0.49,hits
GO Biological Processes,19,GO:0048638,regulation of developmental growth,-2.5,2.2,3.2,24155,347,514,16,3.1,0.77,2247|2261|2593|4131|5300|6405|6696|6928|7049|8292|9706|9723|56920|57057|64218|85407,FGF2|FGFR3|GAMT|MAP1B|PIN1|SEMA3F|SPP1|HNF1B|TGFBR3|COLQ|ULK2|SEMA3E|SEMA3G|TBX20|SEMA4A|NKD1,-0.49,hits
GO Biological Processes,19,GO:0030865,cortical cytoskeleton organization,-2.5,4.9,4,24155,48,514,5,0.97,0.43,3993|7454|23136|59341|112464,LLGL2|WAS|EPB41L3|TRPV4|CAVIN3,-0.48,hits
GO Biological Processes,19,GO:1903727,positive regulation of phospholipid metabolic process,-2.5,4.9,4,24155,48,514,5,0.97,0.43,2046|2247|2261|5156|5587,EPHA8|FGF2|FGFR3|PDGFRA|PRKD1,-0.48,hits
GO Biological Processes,19,GO:0050771,negative regulation of axonogenesis,-2.5,4.1,3.8,24155,69,514,6,1.2,0.47,6405|6696|9706|9723|56920|64218,SEMA3F|SPP1|ULK2|SEMA3E|SEMA3G|SEMA4A,-0.47,hits
GO Biological Processes,19,GO:0061564,axon development,-2.4,1.9,3.1,24155,514,514,21,4.1,0.87,1000|1009|2046|2348|2674|2676|2736|4131|6405|6585|6696|9048|9355|9706|9723|10381|22854|51466|56920|64218|146760,CDH2|CDH11|EPHA8|FOLR1|GFRA1|GFRA3|GLI2|MAP1B|SEMA3F|SLIT1|SPP1|ARTN|LHX2|ULK2|SEMA3E|TUBB3|NTNG1|EVL|SEMA3G|SEMA4A|RTN4RL1,-0.47,hits
Reactome Gene Sets,6,R-HSA-6785631,ERBB2 Regulates Cell Motility,-2.4,9.4,4.8,24155,15,514,3,0.58,0.34,2065|2069|145957,ERBB3|EREG|NRG4,-0.47,hits
Canonical Pathways,11,M201,PID ERBB NETWORK PATHWAY,-2.4,9.4,4.8,24155,15,514,3,0.58,0.34,2065|2069|145957,ERBB3|EREG|NRG4,-0.47,hits
GO Biological Processes,19,GO:2001028,positive regulation of endothelial cell chemotaxis,-2.4,9.4,4.8,24155,15,514,3,0.58,0.34,2247|5587|8817,FGF2|PRKD1|FGF18,-0.47,hits
GO Biological Processes,19,GO:0048667,cell morphogenesis involved in neuron differentiation,-2.4,1.9,3.1,24155,583,514,23,4.5,0.91,1000|1009|2046|2674|2676|2736|3397|4131|6383|6405|6585|6696|9048|9355|9706|9723|10381|22854|51466|56920|57520|64218|80243,CDH2|CDH11|EPHA8|GFRA1|GFRA3|GLI2|ID1|MAP1B|SDC2|SEMA3F|SLIT1|SPP1|ARTN|LHX2|ULK2|SEMA3E|TUBB3|NTNG1|EVL|SEMA3G|HECW2|SEMA4A|PREX2,-0.47,hits
KEGG Pathway,24,hsa04510,Focal adhesion,-2.4,2.6,3.3,24155,199,514,11,2.1,0.64,1299|3679|3680|3911|5156|6696|7424|7448|10319|56924|64098,COL9A3|ITGA7|ITGA9|LAMA5|PDGFRA|SPP1|VEGFC|VTN|LAMC3|PAK6|PARVG,-0.46,hits
GO Biological Processes,19,GO:0033273,response to vitamin,-2.4,3.5,3.6,24155,93,514,7,1.4,0.51,249|360|2348|4131|4255|5251|6696,ALPL|AQP3|FOLR1|MAP1B|MGMT|PHEX|SPP1,-0.46,hits
GO Biological Processes,19,GO:0006022,aminoglycan metabolic process,-2.4,2.7,3.4,24155,171,514,10,1.9,0.61,1462|2247|2719|3699|3700|6383|8993|9348|9953|129530,VCAN|FGF2|GPC3|ITIH3|ITIH4|SDC2|PGLYRP1|NDST3|HS3ST3B1|LYG1,-0.46,hits
KEGG Pathway,24,hsa04514,Cell adhesion molecules (CAMs),-2.4,2.9,3.4,24155,144,514,9,1.8,0.58,1000|1365|1462|3123|3680|6383|6614|22854|51208,CDH2|CLDN3|VCAN|HLA-DRB1|ITGA9|SDC2|SIGLEC1|NTNG1|CLDN18,-0.46,hits
GO Biological Processes,19,GO:0030324,lung development,-2.4,2.7,3.4,24155,172,514,10,1.9,0.61,1907|2719|2736|3397|3911|5156|5251|6943|8817|147372,EDN2|GPC3|GLI2|ID1|LAMA5|PDGFRA|PHEX|TCF21|FGF18|CCBE1,-0.45,hits
GO Biological Processes,19,GO:0003015,heart process,-2.4,2.3,3.2,24155,290,514,14,2.7,0.72,774|1674|1907|3752|5349|5608|6271|6330|7134|7139|8620|10021|27092|53826,CACNA1B|DES|EDN2|KCND3|FXYD3|MAP2K6|S100A1|SCN4B|TNNC1|TNNT2|NPFF|HCN4|CACNG4|FXYD6,-0.44,hits
GO Biological Processes,19,GO:0048871,multicellular organismal homeostasis,-2.4,1.9,3.1,24155,485,514,20,3.9,0.85,43|360|1734|1907|3397|3606|4588|5284|5608|5733|6696|8029|8792|11096|51208|56667|59341|112609|145226|340719,ACHE|AQP3|DIO2|EDN2|ID1|IL18|MUC6|PIGR|MAP2K6|PTGER3|SPP1|CUBN|TNFRSF11A|ADAMTS5|CLDN18|MUC13|TRPV4|MRAP2|RDH12|NANOS1,-0.44,hits
GO Biological Processes,19,GO:0060562,epithelial tube morphogenesis,-2.4,2.2,3.2,24155,322,514,15,2.9,0.74,653|2138|2247|2348|2719|2736|3911|6692|6928|6943|8642|9355|9723|26249|57057,BMP5|EYA1|FGF2|FOLR1|GPC3|GLI2|LAMA5|SPINT1|HNF1B|TCF21|DCHS1|LHX2|SEMA3E|KLHL3|TBX20,-0.44,hits
Reactome Gene Sets,6,R-HSA-2022928,HS-GAG biosynthesis,-2.4,6.1,4.2,24155,31,514,4,0.78,0.39,2719|6383|9348|9953,GPC3|SDC2|NDST3|HS3ST3B1,-0.44,hits
GO Biological Processes,19,GO:0016049,cell growth,-2.4,1.9,3.1,24155,487,514,20,3.9,0.85,2487|3486|3490|4131|4879|5300|6098|6405|6585|6696|9355|9706|9723|10516|23136|56920|64218|84722|123904|340719,FRZB|IGFBP3|IGFBP7|MAP1B|NPPB|PIN1|ROS1|SEMA3F|SLIT1|SPP1|LHX2|ULK2|SEMA3E|FBLN5|EPB41L3|SEMA3G|SEMA4A|PSRC1|NRN1L|NANOS1,-0.42,hits
Reactome Gene Sets,6,R-HSA-76002,"Platelet activation, signaling and aggregation",-2.4,2.3,3.2,24155,262,514,13,2.5,0.69,1|2|1191|1607|1675|2791|3699|3700|5919|6414|7424|11069|51764,A1BG|A2M|CLU|DGKB|CFD|GNG11|ITIH3|ITIH4|RARRES2|SELENOP|VEGFC|RAPGEF4|GNG13,-0.42,hits
GO Biological Processes,19,GO:0060193,positive regulation of lipase activity,-2.4,3.9,3.7,24155,72,514,6,1.2,0.47,117|2247|2261|5156|115727|440503,ADCYAP1R1|FGF2|FGFR3|PDGFRA|RASGRP4|PLIN5,-0.42,hits
Reactome Gene Sets,6,R-HSA-1963642,PI3K events in ERBB2 signaling,-2.4,8.8,4.6,24155,16,514,3,0.58,0.34,2065|2069|145957,ERBB3|EREG|NRG4,-0.41,hits
GO Biological Processes,19,GO:0120039,plasma membrane bounded cell projection morphogenesis,-2.4,1.8,3,24155,662,514,25,4.9,0.95,1000|1009|2046|2674|2676|2736|3397|4131|6383|6405|6585|6696|9048|9355|9706|9723|10381|22854|23136|51466|56920|57520|64218|80243|123904,CDH2|CDH11|EPHA8|GFRA1|GFRA3|GLI2|ID1|MAP1B|SDC2|SEMA3F|SLIT1|SPP1|ARTN|LHX2|ULK2|SEMA3E|TUBB3|NTNG1|EPB41L3|EVL|SEMA3G|HECW2|SEMA4A|PREX2|NRN1L,-0.41,hits
GO Biological Processes,19,GO:0048675,axon extension,-2.4,3.1,3.4,24155,121,514,8,1.6,0.55,4131|6405|6585|9355|9706|9723|56920|64218,MAP1B|SEMA3F|SLIT1|LHX2|ULK2|SEMA3E|SEMA3G|SEMA4A,-0.41,hits
GO Biological Processes,19,GO:0034723,DNA replication-dependent nucleosome organization,-2.3,5.9,4.1,24155,32,514,4,0.78,0.39,8294|8357|8363|8365,H4C9|H3C10|H4C11|H4C8,-0.41,hits
GO Biological Processes,19,GO:0006335,DNA replication-dependent nucleosome assembly,-2.3,5.9,4.1,24155,32,514,4,0.78,0.39,8294|8357|8363|8365,H4C9|H3C10|H4C11|H4C8,-0.41,hits
GO Biological Processes,19,GO:0048841,regulation of axon extension involved in axon guidance,-2.3,5.9,4.1,24155,32,514,4,0.78,0.39,6405|9723|56920|64218,SEMA3F|SEMA3E|SEMA3G|SEMA4A,-0.41,hits
GO Biological Processes,19,GO:0043009,chordate embryonic development,-2.3,1.8,3,24155,629,514,24,4.7,0.93,321|653|2021|2138|2348|2736|3235|3714|3880|4222|4325|5156|6692|6913|6928|8642|8646|9355|10683|50814|64359|84525|85407|374900,APBA2|BMP5|ENDOG|EYA1|FOLR1|GLI2|HOXD9|JAG2|KRT19|MEOX1|MMP16|PDGFRA|SPINT1|TBX15|HNF1B|DCHS1|CHRD|LHX2|DLL3|NSDHL|NXN|HOPX|NKD1|ZNF568,-0.41,hits
Reactome Gene Sets,6,R-HSA-8953897,Cellular responses to external stimuli,-2.3,1.9,3,24155,525,514,21,4.1,0.87,3012|3014|3017|3306|3397|3490|5608|6620|8294|8338|8340|8347|8357|8363|8365|8970|10381|25906|51807|85236|723790,H2AC8|H2AX|H2BC5|HSPA2|ID1|IGFBP7|MAP2K6|SNCB|H4C9|H2AC20|H2BC13|H2BC4|H3C10|H4C11|H4C8|H2BC11|TUBB3|ANAPC15|TUBA8|H2BC12|H2AC19,-0.41,hits
GO Biological Processes,19,GO:0030323,respiratory tube development,-2.3,2.7,3.3,24155,176,514,10,1.9,0.61,1907|2719|2736|3397|3911|5156|5251|6943|8817|147372,EDN2|GPC3|GLI2|ID1|LAMA5|PDGFRA|PHEX|TCF21|FGF18|CCBE1,-0.41,hits
GO Biological Processes,19,GO:0060350,endochondral bone morphogenesis,-2.3,3.9,3.6,24155,73,514,6,1.2,0.47,249|2261|4325|8817|51435|59341,ALPL|FGFR3|MMP16|FGF18|SCARA3|TRPV4,-0.4,hits
GO Biological Processes,19,GO:0071103,DNA conformation change,-2.3,2.2,3.1,24155,327,514,15,2.9,0.74,1069|3014|3017|8294|8340|8347|8357|8363|8365|8970|10595|51659|80119|85236|286436,CETN2|H2AX|H2BC5|H4C9|H2BC13|H2BC4|H3C10|H4C11|H4C8|H2BC11|ERN2|GINS2|PIF1|H2BC12|H2BM,-0.4,hits
GO Biological Processes,19,GO:0010771,negative regulation of cell morphogenesis involved in differentiation,-2.3,3.4,3.5,24155,97,514,7,1.4,0.51,3397|6405|6696|9706|9723|56920|64218,ID1|SEMA3F|SPP1|ULK2|SEMA3E|SEMA3G|SEMA4A,-0.4,hits
GO Biological Processes,19,GO:0048858,cell projection morphogenesis,-2.3,1.8,2.9,24155,666,514,25,4.9,0.95,1000|1009|2046|2674|2676|2736|3397|4131|6383|6405|6585|6696|9048|9355|9706|9723|10381|22854|23136|51466|56920|57520|64218|80243|123904,CDH2|CDH11|EPHA8|GFRA1|GFRA3|GLI2|ID1|MAP1B|SDC2|SEMA3F|SLIT1|SPP1|ARTN|LHX2|ULK2|SEMA3E|TUBB3|NTNG1|EPB41L3|EVL|SEMA3G|HECW2|SEMA4A|PREX2|NRN1L,-0.4,hits
GO Biological Processes,19,GO:0060560,developmental growth involved in morphogenesis,-2.3,2.4,3.2,24155,235,514,12,2.3,0.67,4131|6405|6585|6696|6928|9355|9706|9723|56920|64218|85407|123904,MAP1B|SEMA3F|SLIT1|SPP1|HNF1B|LHX2|ULK2|SEMA3E|SEMA3G|SEMA4A|NKD1|NRN1L,-0.4,hits
GO Biological Processes,19,GO:0019730,antimicrobial humoral response,-2.3,3.1,3.4,24155,123,514,8,1.6,0.55,1191|2919|5919|8347|8970|8993|85236|116842,CLU|CXCL1|RARRES2|H2BC4|H2BC11|PGLYRP1|H2BC12|LEAP2,-0.39,hits
GO Biological Processes,19,GO:0016331,morphogenesis of embryonic epithelium,-2.3,2.8,3.3,24155,150,514,9,1.8,0.58,653|2348|2736|3714|3911|6692|6928|7424|9355,BMP5|FOLR1|GLI2|JAG2|LAMA5|SPINT1|HNF1B|VEGFC|LHX2,-0.39,hits
Reactome Gene Sets,6,R-HSA-202433,Generation of second messenger molecules,-2.3,5.7,4,24155,33,514,4,0.78,0.39,3123|7454|9398|51466,HLA-DRB1|WAS|CD101|EVL,-0.37,hits
GO Biological Processes,19,GO:0007043,cell-cell junction assembly,-2.3,3,3.3,24155,124,514,8,1.6,0.55,1000|1009|1012|1365|5317|23136|59341|91862,CDH2|CDH11|CDH13|CLDN3|PKP1|EPB41L3|TRPV4|MARVELD3,-0.37,hits
GO Biological Processes,19,GO:0017121,phospholipid scrambling,-2.3,8.3,4.4,24155,17,514,3,0.58,0.34,6521|121601|338440,SLC4A1|ANO4|ANO9,-0.37,hits
GO Biological Processes,19,GO:0001708,cell fate specification,-2.3,3.3,3.4,24155,99,514,7,1.4,0.51,2138|2247|2736|6913|6928|26011|57057,EYA1|FGF2|GLI2|TBX15|HNF1B|TENM4|TBX20,-0.37,hits
GO Biological Processes,19,GO:0001667,ameboidal-type cell migration,-2.3,1.9,3,24155,464,514,19,3.7,0.83,285|1012|2247|2348|2719|3397|3911|5587|6405|7424|8817|9723|51466|56920|64218|84913|91862|147372|340719,ANGPT2|CDH13|FGF2|FOLR1|GPC3|ID1|LAMA5|PRKD1|SEMA3F|VEGFC|FGF18|SEMA3E|EVL|SEMA3G|SEMA4A|ATOH8|MARVELD3|CCBE1|NANOS1,-0.36,hits
GO Biological Processes,19,GO:0051129,negative regulation of cellular component organization,-2.3,1.7,2.9,24155,745,514,27,5.3,0.98,1191|3306|3397|3956|4091|4131|5587|6405|6585|6696|7097|7454|9706|9723|25906|50810|51466|56920|57057|59341|64218|80119|112476|146760|150696|286527|548593,CLU|HSPA2|ID1|LGALS1|SMAD6|MAP1B|PRKD1|SEMA3F|SLIT1|SPP1|TLR2|WAS|ULK2|SEMA3E|ANAPC15|HDGFL3|EVL|SEMA3G|TBX20|TRPV4|SEMA4A|PIF1|PRRT2|RTN4RL1|PROM2|TMSB15B|SLX1A,-0.36,hits
GO Biological Processes,19,GO:0032102,negative regulation of response to external stimulus,-2.3,2.1,3,24155,365,514,16,3.1,0.77,285|2247|5156|5740|6405|6696|7448|8620|8993|9723|11240|56920|64218|84868|114899|146760,ANGPT2|FGF2|PDGFRA|PTGIS|SEMA3F|SPP1|VTN|NPFF|PGLYRP1|SEMA3E|PADI2|SEMA3G|SEMA4A|HAVCR2|C1QTNF3|RTN4RL1,-0.36,hits
GO Biological Processes,19,GO:0048589,developmental growth,-2.3,1.7,2.9,24155,674,514,25,4.9,0.95,321|2069|2247|2261|2593|2736|4131|5300|6405|6585|6696|6928|7049|8292|9355|9706|9723|26011|51435|56920|57057|64218|85407|123904|768239,APBA2|EREG|FGF2|FGFR3|GAMT|GLI2|MAP1B|PIN1|SEMA3F|SLIT1|SPP1|HNF1B|TGFBR3|COLQ|LHX2|ULK2|SEMA3E|TENM4|SCARA3|SEMA3G|TBX20|SEMA4A|NKD1|NRN1L|PSAPL1,-0.36,hits
GO Biological Processes,19,GO:0007492,endoderm development,-2.3,3.7,3.5,24155,76,514,6,1.2,0.47,3679|4313|4324|6928|7448|57057,ITGA7|MMP2|MMP15|HNF1B|VTN|TBX20,-0.35,hits
Reactome Gene Sets,6,R-HSA-3000178,ECM proteoglycans,-2.3,3.7,3.5,24155,76,514,6,1.2,0.47,1299|1462|3679|3680|3911|7448,COL9A3|VCAN|ITGA7|ITGA9|LAMA5|VTN,-0.35,hits
GO Biological Processes,19,GO:0007409,axonogenesis,-2.2,1.9,2.9,24155,468,514,19,3.7,0.83,1000|1009|2046|2674|2676|2736|4131|6405|6585|6696|9048|9355|9706|9723|10381|22854|51466|56920|64218,CDH2|CDH11|EPHA8|GFRA1|GFRA3|GLI2|MAP1B|SEMA3F|SLIT1|SPP1|ARTN|LHX2|ULK2|SEMA3E|TUBB3|NTNG1|EVL|SEMA3G|SEMA4A,-0.33,hits
Reactome Gene Sets,6,R-HSA-2219528,PI3K/AKT Signaling in Cancer,-2.2,3.3,3.4,24155,101,514,7,1.4,0.51,2065|2069|2247|2261|5156|8817|145957,ERBB3|EREG|FGF2|FGFR3|PDGFRA|FGF18|NRG4,-0.33,hits
Reactome Gene Sets,6,R-HSA-69278,"Cell Cycle, Mitotic",-2.2,1.8,2.9,24155,538,514,21,4.1,0.87,1069|3012|3014|3017|8294|8338|8340|8347|8357|8363|8365|8970|10381|25906|51659|51807|55559|85236|723790|100527963|102800317,CETN2|H2AC8|H2AX|H2BC5|H4C9|H2AC20|H2BC13|H2BC4|H3C10|H4C11|H4C8|H2BC11|TUBB3|ANAPC15|GINS2|TUBA8|HAUS7|H2BC12|H2AC19|PMF1-BGLAP|TPTEP2-CSNK1E,-0.32,hits
GO Biological Processes,19,GO:0048557,embryonic digestive tract morphogenesis,-2.2,7.8,4.3,24155,18,514,3,0.58,0.34,5156|6928|6943,PDGFRA|HNF1B|TCF21,-0.32,hits
GO Biological Processes,19,GO:0045653,negative regulation of megakaryocyte differentiation,-2.2,7.8,4.3,24155,18,514,3,0.58,0.34,8294|8363|8365,H4C9|H4C11|H4C8,-0.32,hits
Reactome Gene Sets,6,R-HSA-5654704,SHC-mediated cascade:FGFR3,-2.2,7.8,4.3,24155,18,514,3,0.58,0.34,2247|2261|8817,FGF2|FGFR3|FGF18,-0.32,hits
GO Biological Processes,19,GO:0006704,glucocorticoid biosynthetic process,-2.2,7.8,4.3,24155,18,514,3,0.58,0.34,653|1589|3291,BMP5|CYP21A2|HSD11B2,-0.32,hits
Reactome Gene Sets,6,R-HSA-5654710,PI-3K cascade:FGFR3,-2.2,7.8,4.3,24155,18,514,3,0.58,0.34,2247|2261|8817,FGF2|FGFR3|FGF18,-0.32,hits
GO Biological Processes,19,GO:0043551,regulation of phosphatidylinositol 3-kinase activity,-2.2,4.3,3.6,24155,55,514,5,0.97,0.43,2046|2247|2261|5156|5587,EPHA8|FGF2|FGFR3|PDGFRA|PRKD1,-0.32,hits
Reactome Gene Sets,6,R-HSA-1638091,Heparan sulfate/heparin (HS-GAG) metabolism,-2.2,4.3,3.6,24155,55,514,5,0.97,0.43,1462|2719|6383|9348|9953,VCAN|GPC3|SDC2|NDST3|HS3ST3B1,-0.32,hits
GO Biological Processes,19,GO:0009792,embryo development ending in birth or egg hatching,-2.2,1.7,2.8,24155,646,514,24,4.7,0.93,321|653|2021|2138|2348|2736|3235|3714|3880|4222|4325|5156|6692|6913|6928|8642|8646|9355|10683|50814|64359|84525|85407|374900,APBA2|BMP5|ENDOG|EYA1|FOLR1|GLI2|HOXD9|JAG2|KRT19|MEOX1|MMP16|PDGFRA|SPINT1|TBX15|HNF1B|DCHS1|CHRD|LHX2|DLL3|NSDHL|NXN|HOPX|NKD1|ZNF568,-0.32,hits
GO Biological Processes,19,GO:0048514,blood vessel morphogenesis,-2.2,1.7,2.8,24155,682,514,25,4.9,0.95,285|1000|1012|2069|2138|2247|2348|3397|3606|3911|4313|4327|4879|5156|5587|5740|6271|6943|7049|7424|8817|9723|57057|64218|147372,ANGPT2|CDH2|CDH13|EREG|EYA1|FGF2|FOLR1|ID1|IL18|LAMA5|MMP2|MMP19|NPPB|PDGFRA|PRKD1|PTGIS|S100A1|TCF21|TGFBR3|VEGFC|FGF18|SEMA3E|TBX20|SEMA4A|CCBE1,-0.32,hits
Reactome Gene Sets,6,R-HSA-6811558,"PI5P, PP2A and IER3 Regulate PI3K/AKT Signaling",-2.2,3.2,3.3,24155,103,514,7,1.4,0.51,2065|2069|2247|2261|5156|8817|145957,ERBB3|EREG|FGF2|FGFR3|PDGFRA|FGF18|NRG4,-0.3,hits
GO Biological Processes,19,GO:0032990,cell part morphogenesis,-2.2,1.7,2.8,24155,685,514,25,4.9,0.95,1000|1009|2046|2674|2676|2736|3397|4131|6383|6405|6585|6696|9048|9355|9706|9723|10381|22854|23136|51466|56920|57520|64218|80243|123904,CDH2|CDH11|EPHA8|GFRA1|GFRA3|GLI2|ID1|MAP1B|SDC2|SEMA3F|SLIT1|SPP1|ARTN|LHX2|ULK2|SEMA3E|TUBB3|NTNG1|EPB41L3|EVL|SEMA3G|HECW2|SEMA4A|PREX2|NRN1L,-0.3,hits
GO Biological Processes,19,GO:0030335,positive regulation of cell migration,-2.2,1.8,2.8,24155,544,514,21,4.1,0.87,1012|1907|2159|2247|4680|5156|5587|5919|6405|7424|7448|8817|9723|10396|56920|59341|64115|64218|84913|147372|286527,CDH13|EDN2|F10|FGF2|CEACAM6|PDGFRA|PRKD1|RARRES2|SEMA3F|VEGFC|VTN|FGF18|SEMA3E|ATP8A1|SEMA3G|TRPV4|VSIR|SEMA4A|ATOH8|CCBE1|TMSB15B,-0.29,hits
GO Biological Processes,19,GO:0060348,bone development,-2.2,2.4,3,24155,217,514,11,2.1,0.64,249|2261|4325|5251|8642|8817|9060|23508|51208|51435|59341,ALPL|FGFR3|MMP16|PHEX|DCHS1|FGF18|PAPSS2|TTC9|CLDN18|SCARA3|TRPV4,-0.27,hits
GO Biological Processes,19,GO:0001822,kidney development,-2.1,2.2,2.9,24155,279,514,13,2.5,0.69,285|2138|2247|2719|2736|3911|4091|5156|6928|6943|8642|9245|26249,ANGPT2|EYA1|FGF2|GPC3|GLI2|LAMA5|SMAD6|PDGFRA|HNF1B|TCF21|DCHS1|GCNT3|KLHL3,-0.27,hits
GO Biological Processes,19,GO:0032288,myelin assembly,-2.1,7.4,4.1,24155,19,514,3,0.58,0.34,7097|23136|26011,TLR2|EPB41L3|TENM4,-0.27,hits
GO Biological Processes,19,GO:0098581,detection of external biotic stimulus,-2.1,7.4,4.1,24155,19,514,3,0.58,0.34,721|7097|8993,C4B|TLR2|PGLYRP1,-0.27,hits
Reactome Gene Sets,6,R-HSA-936837,Ion transport by P-type ATPases,-2.1,4.1,3.5,24155,57,514,5,0.97,0.43,5349|10396|53826|79895|148229,FXYD3|ATP8A1|FXYD6|ATP8B4|ATP8B3,-0.27,hits
GO Biological Processes,19,GO:0010721,negative regulation of cell development,-2.1,2,2.9,24155,344,514,15,2.9,0.74,2487|3397|3956|6405|6696|9355|9706|9723|10683|51208|56920|59341|64218|146760|282969,FRZB|ID1|LGALS1|SEMA3F|SPP1|LHX2|ULK2|SEMA3E|DLL3|CLDN18|SEMA3G|TRPV4|SEMA4A|RTN4RL1|FUOM,-0.27,hits
GO Biological Processes,19,GO:0045926,negative regulation of growth,-2.1,2.3,3,24155,249,514,12,2.3,0.67,2261|2487|2719|4879|6405|6696|9706|9723|56920|64218|84722|85407,FGFR3|FRZB|GPC3|NPPB|SEMA3F|SPP1|ULK2|SEMA3E|SEMA3G|SEMA4A|PSRC1|NKD1,-0.26,hits
GO Biological Processes,19,GO:0043114,regulation of vascular permeability,-2.1,5.1,3.7,24155,37,514,4,0.78,0.39,624|4879|5139|59341,BDKRB2|NPPB|PDE3A|TRPV4,-0.25,hits
GO Biological Processes,19,GO:0033280,response to vitamin D,-2.1,5.1,3.7,24155,37,514,4,0.78,0.39,249|360|5251|6696,ALPL|AQP3|PHEX|SPP1,-0.25,hits
Reactome Gene Sets,6,R-HSA-5689880,Ub-specific processing proteases,-2.1,2.3,3,24155,220,514,11,2.1,0.64,3012|3017|8336|8338|8340|8347|8969|8970|85236|92815|723790,H2AC8|H2BC5|H2AC17|H2AC20|H2BC13|H2BC4|H2AC11|H2BC11|H2BC12|H2AW|H2AC19,-0.25,hits
GO Biological Processes,19,GO:0048565,digestive tract development,-2.1,2.8,3.1,24155,134,514,8,1.6,0.55,2300|2736|5156|5919|6928|6943|8642|51208,FOXL1|GLI2|PDGFRA|RARRES2|HNF1B|TCF21|DCHS1|CLDN18,-0.24,hits
GO Biological Processes,19,GO:0000724,double-strand break repair via homologous recombination,-2.1,2.8,3.1,24155,134,514,8,1.6,0.55,3014|7454|51659|55137|126074|157777|353497|548593,H2AX|WAS|GINS2|FIGN|SWSAP1|MCMDC2|POLN|SLX1A,-0.24,hits
GO Biological Processes,19,GO:0008016,regulation of heart contraction,-2.1,2.2,2.9,24155,252,514,12,2.3,0.67,774|1674|1907|3752|5349|6271|6330|7139|8620|10021|27092|53826,CACNA1B|DES|EDN2|KCND3|FXYD3|S100A1|SCN4B|TNNT2|NPFF|HCN4|CACNG4|FXYD6,-0.24,hits
GO Biological Processes,19,GO:0014032,neural crest cell development,-2.1,3.4,3.3,24155,82,514,6,1.2,0.47,2348|3911|6405|9723|56920|64218,FOLR1|LAMA5|SEMA3F|SEMA3E|SEMA3G|SEMA4A,-0.24,hits
GO Biological Processes,19,GO:0022617,extracellular matrix disassembly,-2.1,3.4,3.3,24155,82,514,6,1.2,0.47,2|4313|4324|4325|4327|11096,A2M|MMP2|MMP15|MMP16|MMP19|ADAMTS5,-0.24,hits
GO Biological Processes,19,GO:0010518,positive regulation of phospholipase activity,-2.1,4,3.4,24155,59,514,5,0.97,0.43,117|2247|2261|5156|115727,ADCYAP1R1|FGF2|FGFR3|PDGFRA|RASGRP4,-0.23,hits
Reactome Gene Sets,6,R-HSA-3000171,Non-integrin membrane-ECM interactions,-2.1,4,3.4,24155,59,514,5,0.97,0.43,2247|3911|6383|7448|10319,FGF2|LAMA5|SDC2|VTN|LAMC3,-0.23,hits
Reactome Gene Sets,6,R-HSA-8866654,E3 ubiquitin ligases ubiquitinate target proteins,-2.1,4,3.4,24155,59,514,5,0.97,0.43,3017|8340|8347|8970|85236,H2BC5|H2BC13|H2BC4|H2BC11|H2BC12,-0.23,hits
Reactome Gene Sets,6,R-HSA-3560801,Defective B3GAT3 causes JDSSDHD,-2.1,7,4,24155,20,514,3,0.58,0.34,1462|2719|6383,VCAN|GPC3|SDC2,-0.23,hits
Reactome Gene Sets,6,R-HSA-4420332,Defective B3GALT6 causes EDSP2 and SEMDJL1,-2.1,7,4,24155,20,514,3,0.58,0.34,1462|2719|6383,VCAN|GPC3|SDC2,-0.23,hits
Reactome Gene Sets,6,R-HSA-3560783,"Defective B4GALT7 causes EDS, progeroid type",-2.1,7,4,24155,20,514,3,0.58,0.34,1462|2719|6383,VCAN|GPC3|SDC2,-0.23,hits
Reactome Gene Sets,6,R-HSA-5654706,FRS-mediated FGFR3 signaling,-2.1,7,4,24155,20,514,3,0.58,0.34,2247|2261|8817,FGF2|FGFR3|FGF18,-0.23,hits
GO Biological Processes,19,GO:0000725,recombinational repair,-2.1,2.8,3.1,24155,135,514,8,1.6,0.55,3014|7454|51659|55137|126074|157777|353497|548593,H2AX|WAS|GINS2|FIGN|SWSAP1|MCMDC2|POLN|SLX1A,-0.23,hits
KEGG Pathway,24,hsa05410,Hypertrophic cardiomyopathy (HCM),-2.1,3.4,3.2,24155,83,514,6,1.2,0.47,1674|3679|3680|7134|7139|27092,DES|ITGA7|ITGA9|TNNC1|TNNT2|CACNG4,-0.22,hits
GO Biological Processes,19,GO:0030099,myeloid cell differentiation,-2.1,1.9,2.8,24155,418,514,17,3.3,0.79,2719|4151|6521|7049|7097|8294|8357|8363|8365|8792|9398|10202|10537|25893|51208|115727|130733,GPC3|MB|SLC4A1|TGFBR3|TLR2|H4C9|H3C10|H4C11|H4C8|TNFRSF11A|CD101|DHRS2|UBD|TRIM58|CLDN18|RASGRP4|TMEM178A,-0.22,hits
GO Biological Processes,19,GO:0001558,regulation of cell growth,-2.1,1.9,2.8,24155,419,514,17,3.3,0.79,2487|3486|3490|4131|4879|5300|6098|6405|6696|9706|9723|10516|23136|56920|64218|84722|340719,FRZB|IGFBP3|IGFBP7|MAP1B|NPPB|PIN1|ROS1|SEMA3F|SPP1|ULK2|SEMA3E|FBLN5|EPB41L3|SEMA3G|SEMA4A|PSRC1|NANOS1,-0.21,hits
GO Biological Processes,19,GO:0071695,anatomical structure maturation,-2,2.6,3,24155,165,514,9,1.8,0.58,2046|2069|2261|4313|5139|8642|10882|25893|342035,EPHA8|EREG|FGFR3|MMP2|PDE3A|DCHS1|C1QL1|TRIM58|GLDN,-0.21,hits
GO Biological Processes,19,GO:0045665,negative regulation of neuron differentiation,-2,2.3,2.9,24155,225,514,11,2.1,0.64,3397|3956|6405|6696|9706|9723|56920|59341|64218|146760|282969,ID1|LGALS1|SEMA3F|SPP1|ULK2|SEMA3E|SEMA3G|TRPV4|SEMA4A|RTN4RL1|FUOM,-0.2,hits
GO Biological Processes,19,GO:0048562,embryonic organ morphogenesis,-2,2.1,2.8,24155,288,514,13,2.5,0.69,2138|2348|2487|2736|3235|4325|5156|6913|6928|6943|9132|51168|57057,EYA1|FOLR1|FRZB|GLI2|HOXD9|MMP16|PDGFRA|TBX15|HNF1B|TCF21|KCNQ4|MYO15A|TBX20,-0.2,hits
GO Biological Processes,19,GO:1901136,carbohydrate derivative catabolic process,-2,2.4,2.9,24155,195,514,10,1.9,0.61,1462|1806|2247|2719|6383|8993|10930|129530|129807|342897,VCAN|DPYD|FGF2|GPC3|SDC2|PGLYRP1|APOBEC2|LYG1|NEU4|NCCRP1,-0.2,hits
Reactome Gene Sets,6,R-HSA-199418,Negative regulation of the PI3K/AKT network,-2,3,3.1,24155,110,514,7,1.4,0.51,2065|2069|2247|2261|5156|8817|145957,ERBB3|EREG|FGF2|FGFR3|PDGFRA|FGF18|NRG4,-0.2,hits
GO Biological Processes,19,GO:0061387,regulation of extent of cell growth,-2,3,3.1,24155,110,514,7,1.4,0.51,4131|6405|6696|9706|9723|56920|64218,MAP1B|SEMA3F|SPP1|ULK2|SEMA3E|SEMA3G|SEMA4A,-0.2,hits
Reactome Gene Sets,6,R-HSA-8955332,Carboxyterminal post-translational modifications of tubulin,-2,4.8,3.5,24155,39,514,4,0.78,0.39,10381|51807|79841|340351,TUBB3|TUBA8|AGBL2|AGBL3,-0.2,hits
GO Biological Processes,19,GO:0001649,osteoblast differentiation,-2,2.3,2.9,24155,226,514,11,2.1,0.64,43|249|1462|2736|3397|3486|4091|5587|6696|8646|148979,ACHE|ALPL|VCAN|GLI2|ID1|IGFBP3|SMAD6|PRKD1|SPP1|CHRD|GLIS1,-0.2,hits
GO Biological Processes,19,GO:0042135,neurotransmitter catabolic process,-2,6.7,3.9,24155,21,514,3,0.58,0.34,43|275|8292,ACHE|AMT|COLQ,-0.19,hits
GO Biological Processes,19,GO:0048863,stem cell differentiation,-2,2.2,2.8,24155,258,514,12,2.3,0.67,2|2348|2487|3911|4222|5156|6405|6928|9723|56920|64218|81606,A2M|FOLR1|FRZB|LAMA5|MEOX1|PDGFRA|SEMA3F|HNF1B|SEMA3E|SEMA3G|SEMA4A|LBH,-0.19,hits
GO Biological Processes,19,GO:0040017,positive regulation of locomotion,-2,1.7,2.7,24155,598,514,22,4.3,0.89,1012|1907|2159|2247|4680|5156|5587|5919|6405|7424|7448|8817|9048|9723|10396|56920|59341|64115|64218|84913|147372|286527,CDH13|EDN2|F10|FGF2|CEACAM6|PDGFRA|PRKD1|RARRES2|SEMA3F|VEGFC|VTN|FGF18|ARTN|SEMA3E|ATP8A1|SEMA3G|TRPV4|VSIR|SEMA4A|ATOH8|CCBE1|TMSB15B,-0.19,hits
GO Biological Processes,19,GO:0006493,protein O-linked glycosylation,-2,3,3.1,24155,111,514,7,1.4,0.51,2591|4584|4588|9245|10164|56667|200958,GALNT3|MUC3A|MUC6|GCNT3|CHST4|MUC13|MUC20,-0.19,hits
GO Biological Processes,19,GO:0031589,cell-substrate adhesion,-2,2,2.7,24155,356,514,15,2.9,0.74,285|1012|3397|3679|3911|3956|4091|4680|6614|7448|9723|10232|10319|10516|64098,ANGPT2|CDH13|ID1|ITGA7|LAMA5|LGALS1|SMAD6|CEACAM6|SIGLEC1|VTN|SEMA3E|MSLN|LAMC3|FBLN5|PARVG,-0.19,hits
GO Biological Processes,19,GO:0032103,positive regulation of response to external stimulus,-2,2,2.8,24155,323,514,14,2.7,0.72,1012|1907|2247|3606|5587|5733|5919|7097|7424|8792|8817|9048|59341|84868,CDH13|EDN2|FGF2|IL18|PRKD1|PTGER3|RARRES2|TLR2|VEGFC|TNFRSF11A|FGF18|ARTN|TRPV4|HAVCR2,-0.19,hits
GO Biological Processes,19,GO:0051054,positive regulation of DNA metabolic process,-2,2.3,2.8,24155,228,514,11,2.1,0.64,2021|2069|2070|2138|2247|2736|3014|4255|7454|25849|548593,ENDOG|EREG|EYA4|EYA1|FGF2|GLI2|H2AX|MGMT|WAS|PARM1|SLX1A,-0.18,hits
