,_MEMBER_hits,_LogP_hits,GO,Description,_PATTERN_,_RANK_,GiniIndex
19_GO:0032103,1,-2,GO:0032103,positive regulation of response to external stimulus,M1,1,0
6_R-HSA-9616222,1,-7.2,R-HSA-9616222,Transcriptional regulation of granulopoiesis,M1,1,0
19_GO:0042135,1,-2,GO:0042135,neurotransmitter catabolic process,M1,1,0
6_R-HSA-110328,1,-8.3,R-HSA-110328,Recognition and association of DNA glycosylase with site containing an affected pyrimidine,M1,1,0
11_M5884,1,-5.7,M5884,NABA CORE MATRISOME,M1,1,0
19_GO:0010518,1,-2.1,GO:0010518,positive regulation of phospholipase activity,M1,1,0
6_R-HSA-5693538,1,-3.1,R-HSA-5693538,Homology Directed Repair,M1,1,0
19_GO:0030324,1,-2.4,GO:0030324,lung development,M1,1,0
6_R-HSA-157579,1,-6.8,R-HSA-157579,Telomere Maintenance,M1,1,0
19_GO:0006335,1,-2.3,GO:0006335,DNA replication-dependent nucleosome assembly,M1,1,0
6_R-HSA-3214815,1,-8.9,R-HSA-3214815,HDACs deacetylate histones,M1,1,0
19_GO:0048514,1,-2.2,GO:0048514,blood vessel morphogenesis,M1,1,0
19_GO:0001503,1,-4.8,GO:0001503,ossification,M1,1,0
19_GO:0060993,1,-3.7,GO:0060993,kidney morphogenesis,M1,1,0
6_R-HSA-1221632,1,-7.9,R-HSA-1221632,Meiotic synapsis,M1,1,0
19_GO:0072163,1,-2.9,GO:0072163,mesonephric epithelium development,M1,1,0
6_R-HSA-76002,1,-2.4,R-HSA-76002,"Platelet activation, signaling and aggregation",M1,1,0
6_R-HSA-912446,1,-7.5,R-HSA-912446,Meiotic recombination,M1,1,0
6_R-HSA-5173105,1,-2.6,R-HSA-5173105,O-linked glycosylation,M1,1,0
19_GO:0061387,1,-2,GO:0061387,regulation of extent of cell growth,M1,1,0
6_R-HSA-109582,1,-4.5,R-HSA-109582,Hemostasis,M1,1,0
6_R-HSA-9006931,1,-5.3,R-HSA-9006931,Signaling by Nuclear Receptors,M1,1,0
19_GO:0001568,1,-3,GO:0001568,blood vessel development,M1,1,0
19_GO:0030865,1,-2.5,GO:0030865,cortical cytoskeleton organization,M1,1,0
19_GO:0000904,1,-2.5,GO:0000904,cell morphogenesis involved in differentiation,M1,1,0
19_GO:0032288,1,-2.1,GO:0032288,myelin assembly,M1,1,0
19_GO:0072009,1,-2.6,GO:0072009,nephron epithelium development,M1,1,0
6_R-HSA-110331,1,-8.7,R-HSA-110331,Cleavage of the damaged purine,M1,1,0
6_R-HSA-5693607,1,-3.6,R-HSA-5693607,Processing of DNA double-strand break ends,M1,1,0
6_R-HSA-195258,1,-4.6,R-HSA-195258,RHO GTPase Effectors,M1,1,0
19_GO:0006704,1,-2.2,GO:0006704,glucocorticoid biosynthetic process,M1,1,0
19_GO:0048675,1,-2.4,GO:0048675,axon extension,M1,1,0
6_R-HSA-5654706,1,-2.1,R-HSA-5654706,FRS-mediated FGFR3 signaling,M1,1,0
6_R-HSA-2022928,1,-2.4,R-HSA-2022928,HS-GAG biosynthesis,M1,1,0
19_GO:1902668,1,-2.6,GO:1902668,negative regulation of axon guidance,M1,1,0
11_M3008,1,-4.7,M3008,NABA ECM GLYCOPROTEINS,M1,1,0
19_GO:0048568,1,-2.6,GO:0048568,embryonic organ development,M1,1,0
6_R-HSA-3560801,1,-2.1,R-HSA-3560801,Defective B3GAT3 causes JDSSDHD,M1,1,0
19_GO:0048871,1,-2.4,GO:0048871,multicellular organismal homeostasis,M1,1,0
6_R-HSA-5693571,1,-4.8,R-HSA-5693571,Nonhomologous End-Joining (NHEJ),M1,1,0
6_R-HSA-9018519,1,-5.4,R-HSA-9018519,Estrogen-dependent gene expression,M1,1,0
19_GO:0001658,1,-3.6,GO:0001658,branching involved in ureteric bud morphogenesis,M1,1,0
6_R-HSA-5693567,1,-3.3,R-HSA-5693567,HDR through Homologous Recombination (HRR) or Single Strand Annealing (SSA),M1,1,0
19_GO:0016331,1,-2.3,GO:0016331,morphogenesis of embryonic epithelium,M1,1,0
6_R-HSA-6811558,1,-2.2,R-HSA-6811558,"PI5P, PP2A and IER3 Regulate PI3K/AKT Signaling",M1,1,0
19_GO:0071824,1,-2.9,GO:0071824,protein-DNA complex subunit organization,M1,1,0
6_R-HSA-5625740,1,-6.9,R-HSA-5625740,RHO GTPases activate PKNs,M1,1,0
19_GO:0001558,1,-2.1,GO:0001558,regulation of cell growth,M1,1,0
19_GO:0001763,1,-2.5,GO:0001763,morphogenesis of a branching structure,M1,1,0
6_R-HSA-1638091,1,-2.2,R-HSA-1638091,Heparan sulfate/heparin (HS-GAG) metabolism,M1,1,0
19_GO:0048754,1,-2.8,GO:0048754,branching morphogenesis of an epithelial tube,M1,1,0
6_R-HSA-202433,1,-2.3,R-HSA-202433,Generation of second messenger molecules,M1,1,0
6_R-HSA-5250913,1,-7.2,R-HSA-5250913,Positive epigenetic regulation of rRNA expression,M1,1,0
6_R-HSA-5250924,1,-8.1,R-HSA-5250924,B-WICH complex positively regulates rRNA expression,M1,1,0
6_R-HSA-201681,1,-3.8,R-HSA-201681,TCF dependent signaling in response to WNT,M1,1,0
19_GO:0048812,1,-2.5,GO:0048812,neuron projection morphogenesis,M1,1,0
19_GO:0001706,1,-3.2,GO:0001706,endoderm formation,M1,1,0
19_GO:0071103,1,-2.3,GO:0071103,DNA conformation change,M1,1,0
19_GO:0001755,1,-2.8,GO:0001755,neural crest cell migration,M1,1,0
6_R-HSA-4839726,1,-4,R-HSA-4839726,Chromatin organization,M1,1,0
24_hsa04512,1,-2.7,hsa04512,ECM-receptor interaction,M1,1,0
19_GO:0043551,1,-2.2,GO:0043551,regulation of phosphatidylinositol 3-kinase activity,M1,1,0
19_GO:0007492,1,-2.3,GO:0007492,endoderm development,M1,1,0
19_GO:0097485,1,-2.6,GO:0097485,neuron projection guidance,M1,1,0
19_GO:0036075,1,-2.6,GO:0036075,replacement ossification,M1,1,0
6_R-HSA-194315,1,-3.9,R-HSA-194315,Signaling by Rho GTPases,M1,1,0
6_R-HSA-8957275,1,-4.7,R-HSA-8957275,Post-translational protein phosphorylation,M1,1,0
6_R-HSA-114608,1,-2.7,R-HSA-114608,Platelet degranulation ,M1,1,0
6_R-HSA-2219528,1,-2.2,R-HSA-2219528,PI3K/AKT Signaling in Cancer,M1,1,0
24_hsa04610,1,-2.8,hsa04610,Complement and coagulation cascades,M1,1,0
19_GO:0022617,1,-2.1,GO:0022617,extracellular matrix disassembly,M1,1,0
19_GO:0045653,1,-2.2,GO:0045653,negative regulation of megakaryocyte differentiation,M1,1,0
19_GO:0050922,1,-2.6,GO:0050922,negative regulation of chemotaxis,M1,1,0
19_GO:0001505,1,-2.8,GO:0001505,regulation of neurotransmitter levels,M1,1,0
19_GO:0048598,1,-4.6,GO:0048598,embryonic morphogenesis,M1,1,0
6_R-HSA-8866654,1,-2.1,R-HSA-8866654,E3 ubiquitin ligases ubiquitinate target proteins,M1,1,0
6_R-HSA-2559582,1,-7.9,R-HSA-2559582,Senescence-Associated Secretory Phenotype (SASP),M1,1,0
6_R-HSA-606279,1,-7.3,R-HSA-606279,Deposition of new CENPA-containing nucleosomes at the centromere,M1,1,0
19_GO:0030203,1,-2.6,GO:0030203,glycosaminoglycan metabolic process,M1,1,0
19_GO:0030335,1,-2.2,GO:0030335,positive regulation of cell migration,M1,1,0
19_GO:0034728,1,-3.2,GO:0034728,nucleosome organization,M1,1,0
11_M5883,1,-3.8,M5883,NABA SECRETED FACTORS,M1,1,0
6_R-HSA-73886,1,-5.4,R-HSA-73886,Chromosome Maintenance,M1,1,0
19_GO:0014033,1,-2.5,GO:0014033,neural crest cell differentiation,M1,1,0
6_R-HSA-2262752,1,-3,R-HSA-2262752,Cellular responses to stress,M1,1,0
6_R-HSA-73728,1,-9.2,R-HSA-73728,RNA Polymerase I Promoter Opening,M1,1,0
19_GO:0001649,1,-2,GO:0001649,osteoblast differentiation,M1,1,0
6_R-HSA-76005,1,-2.6,R-HSA-76005,Response to elevated platelet cytosolic Ca2+,M1,1,0
6_R-HSA-913709,1,-3.4,R-HSA-913709,O-linked glycosylation of mucins,M1,1,0
6_R-HSA-1474228,1,-3.7,R-HSA-1474228,Degradation of the extracellular matrix,M1,1,0
19_GO:0120039,1,-2.4,GO:0120039,plasma membrane bounded cell projection morphogenesis,M1,1,0
19_GO:0060348,1,-2.2,GO:0060348,bone development,M1,1,0
19_GO:0001501,1,-4.3,GO:0001501,skeletal system development,M1,1,0
19_GO:0042447,1,-3.5,GO:0042447,hormone catabolic process,M1,1,0
6_R-HSA-427359,1,-8.8,R-HSA-427359,SIRT1 negatively regulates rRNA expression,M1,1,0
19_GO:0061564,1,-2.4,GO:0061564,axon development,M1,1,0
6_R-HSA-8939211,1,-5.8,R-HSA-8939211,ESR-mediated signaling,M1,1,0
19_GO:0030574,1,-3.3,GO:0030574,collagen catabolic process,M1,1,0
6_R-HSA-5619507,1,-6.5,R-HSA-5619507,Activation of HOX genes during differentiation,M1,1,0
6_R-HSA-3781865,1,-3,R-HSA-3781865,Diseases of glycosylation,M1,1,0
19_GO:0009792,1,-2.2,GO:0009792,embryo development ending in birth or egg hatching,M1,1,0
19_GO:1902284,1,-3,GO:1902284,neuron projection extension involved in neuron projection guidance,M1,1,0
6_R-HSA-5083636,1,-3.4,R-HSA-5083636,Defective GALNT12 causes colorectal cancer 1 (CRCS1),M1,1,0
6_R-HSA-8939236,1,-5.4,R-HSA-8939236,RUNX1 regulates transcription of genes involved in differentiation of HSCs,M1,1,0
6_R-HSA-1912422,1,-6.2,R-HSA-1912422,Pre-NOTCH Expression and Processing,M1,1,0
19_GO:0006027,1,-2.7,GO:0006027,glycosaminoglycan catabolic process,M1,1,0
6_R-HSA-5621480,1,-2.6,R-HSA-5621480,Dectin-2 family,M1,1,0
19_GO:0001822,1,-2.1,GO:0001822,kidney development,M1,1,0
19_GO:0002385,1,-3,GO:0002385,mucosal immune response,M1,1,0
19_GO:0072006,1,-3,GO:0072006,nephron development,M1,1,0
19_GO:0032990,1,-2.2,GO:0032990,cell part morphogenesis,M1,1,0
6_R-HSA-5693565,1,-6.2,R-HSA-5693565,Recruitment and ATM-mediated phosphorylation of repair and signaling proteins at DNA double strand b,M1,1,0
6_R-HSA-8936459,1,-6.8,R-HSA-8936459,RUNX1 regulates genes involved in megakaryocyte differentiation and platelet function,M1,1,0
19_GO:0043552,1,-3.3,GO:0043552,positive regulation of phosphatidylinositol 3-kinase activity,M1,1,0
6_R-HSA-211000,1,-5.9,R-HSA-211000,Gene Silencing by RNA,M1,1,0
19_GO:0006323,1,-2.7,GO:0006323,DNA packaging,M1,1,0
6_R-HSA-5334118,1,-9,R-HSA-5334118,DNA methylation,M1,1,0
6_R-HSA-73927,1,-8.7,R-HSA-73927,Depurination,M1,1,0
19_GO:0010721,1,-2.1,GO:0010721,negative regulation of cell development,M1,1,0
19_GO:0072080,1,-3.1,GO:0072080,nephron tubule development,M1,1,0
19_GO:0036072,1,-3.7,GO:0036072,direct ossification,M1,1,0
19_GO:0016049,1,-2.4,GO:0016049,cell growth,M1,1,0
6_R-HSA-977068,1,-2.8,R-HSA-977068,Termination of O-glycan biosynthesis,M1,1,0
6_R-HSA-774815,1,-7.3,R-HSA-774815,Nucleosome assembly,M1,1,0
6_R-HSA-5654704,1,-2.2,R-HSA-5654704,SHC-mediated cascade:FGFR3,M1,1,0
19_GO:0048762,1,-2.5,GO:0048762,mesenchymal cell differentiation,M1,1,0
19_GO:0035987,1,-2.6,GO:0035987,endodermal cell differentiation,M1,1,0
19_GO:2001028,1,-2.4,GO:2001028,positive regulation of endothelial cell chemotaxis,M1,1,0
19_GO:0003013,1,-2.7,GO:0003013,circulatory system process,M1,1,0
19_GO:0090218,1,-3,GO:0090218,positive regulation of lipid kinase activity,M1,1,0
6_R-HSA-5693606,1,-6.2,R-HSA-5693606,DNA Double Strand Break Response,M1,1,0
19_GO:0001708,1,-2.3,GO:0001708,cell fate specification,M1,1,0
19_GO:0051180,1,-2.8,GO:0051180,vitamin transport,M1,1,0
19_GO:0001704,1,-2.9,GO:0001704,formation of primary germ layer,M1,1,0
19_GO:0072078,1,-3.8,GO:0072078,nephron tubule morphogenesis,M1,1,0
6_R-HSA-8955332,1,-2,R-HSA-8955332,Carboxyterminal post-translational modifications of tubulin,M1,1,0
19_GO:0014032,1,-2.1,GO:0014032,neural crest cell development,M1,1,0
6_R-HSA-73884,1,-6.2,R-HSA-73884,Base Excision Repair,M1,1,0
6_R-HSA-3906995,1,-2.5,R-HSA-3906995,Diseases associated with O-glycosylation of proteins,M1,1,0
6_R-HSA-6785631,1,-2.4,R-HSA-6785631,ERBB2 Regulates Cell Motility,M1,1,0
19_GO:0031497,1,-3.1,GO:0031497,chromatin assembly,M1,1,0
11_M201,1,-2.4,M201,PID ERBB NETWORK PATHWAY,M1,1,0
19_GO:0065004,1,-3,GO:0065004,protein-DNA complex assembly,M1,1,0
19_GO:0007043,1,-2.3,GO:0007043,cell-cell junction assembly,M1,1,0
24_hsa05322,1,-10,hsa05322,Systemic lupus erythematosus,M1,1,0
19_GO:0034723,1,-2.3,GO:0034723,DNA replication-dependent nucleosome organization,M1,1,0
6_R-HSA-5689880,1,-2.1,R-HSA-5689880,Ub-specific processing proteases,M1,1,0
6_R-HSA-5617472,1,-6.5,R-HSA-5617472,Activation of anterior HOX genes in hindbrain development during early embryogenesis,M1,1,0
6_R-HSA-68875,1,-4.9,R-HSA-68875,Mitotic Prophase,M1,1,0
19_GO:0061061,1,-2.9,GO:0061061,muscle structure development,M1,1,0
19_GO:0072164,1,-2.9,GO:0072164,mesonephric tubule development,M1,1,0
19_GO:0051054,1,-2,GO:0051054,positive regulation of DNA metabolic process,M1,1,0
19_GO:0048843,1,-2.7,GO:0048843,negative regulation of axon extension involved in axon guidance,M1,1,0
19_GO:0006493,1,-2,GO:0006493,protein O-linked glycosylation,M1,1,0
6_R-HSA-190239,1,-3.9,R-HSA-190239,FGFR3 ligand binding and activation,M1,1,0
6_R-HSA-2559583,1,-6,R-HSA-2559583,Cellular Senescence,M1,1,0
19_GO:0016339,1,-3.3,GO:0016339,calcium-dependent cell-cell adhesion via plasma membrane cell adhesion molecules,M1,1,0
19_GO:0045665,1,-2,GO:0045665,negative regulation of neuron differentiation,M1,1,0
6_R-HSA-69278,1,-2.2,R-HSA-69278,"Cell Cycle, Mitotic",M1,1,0
6_R-HSA-2299718,1,-8.3,R-HSA-2299718,Condensation of Prophase Chromosomes,M1,1,0
19_GO:1903727,1,-2.5,GO:1903727,positive regulation of phospholipid metabolic process,M1,1,0
6_R-HSA-171306,1,-9.1,R-HSA-171306,Packaging Of Telomere Ends,M1,1,0
19_GO:0006935,1,-3.5,GO:0006935,chemotaxis,M1,1,0
6_R-HSA-199418,1,-2,R-HSA-199418,Negative regulation of the PI3K/AKT network,M1,1,0
6_R-HSA-5654710,1,-2.2,R-HSA-5654710,PI-3K cascade:FGFR3,M1,1,0
6_R-HSA-5654227,1,-2.6,R-HSA-5654227,Phospholipase C-mediated cascade; FGFR3,M1,1,0
19_GO:0040008,1,-2.8,GO:0040008,regulation of growth,M1,1,0
19_GO:0097035,1,-3.2,GO:0097035,regulation of membrane lipid distribution,M1,1,0
19_GO:0098742,1,-3.5,GO:0098742,cell-cell adhesion via plasma-membrane adhesion molecules,M1,1,0
19_GO:0048841,1,-2.3,GO:0048841,regulation of axon extension involved in axon guidance,M1,1,0
19_GO:0017121,1,-2.3,GO:0017121,phospholipid scrambling,M1,1,0
19_GO:0006026,1,-2.6,GO:0006026,aminoglycan catabolic process,M1,1,0
24_hsa05410,1,-2.1,hsa05410,Hypertrophic cardiomyopathy (HCM),M1,1,0
19_GO:0050926,1,-2.7,GO:0050926,regulation of positive chemotaxis,M1,1,0
19_GO:0030198,1,-4.8,GO:0030198,extracellular matrix organization,M1,1,0
6_R-HSA-8878171,1,-2.7,R-HSA-8878171,Transcriptional regulation by RUNX1,M1,1,0
19_GO:0050919,1,-2.5,GO:0050919,negative chemotaxis,M1,1,0
19_GO:0031345,1,-2.6,GO:0031345,negative regulation of cell projection organization,M1,1,0
19_GO:0045055,1,-3,GO:0045055,regulated exocytosis,M1,1,0
6_R-HSA-212165,1,-5.4,R-HSA-212165,Epigenetic regulation of gene expression,M1,1,0
19_GO:0071695,1,-2,GO:0071695,anatomical structure maturation,M1,1,0
6_R-HSA-73929,1,-8.1,R-HSA-73929,"Base-Excision Repair, AP Site Formation",M1,1,0
6_R-HSA-1963642,1,-2.4,R-HSA-1963642,PI3K events in ERBB2 signaling,M1,1,0
6_R-HSA-5083625,1,-4.7,R-HSA-5083625,Defective GALNT3 causes familial hyperphosphatemic tumoral calcinosis (HFTC),M1,1,0
6_R-HSA-3214847,1,-6.4,R-HSA-3214847,HATs acetylate histones,M1,1,0
6_R-HSA-3000178,1,-2.3,R-HSA-3000178,ECM proteoglycans,M1,1,0
19_GO:0001957,1,-3.7,GO:0001957,intramembranous ossification,M1,1,0
6_R-HSA-1474244,1,-5.6,R-HSA-1474244,Extracellular matrix organization,M1,1,0
6_R-HSA-381426,1,-4.8,R-HSA-381426,Regulation of Insulin-like Growth Factor (IGF) transport and uptake by Insulin-like Growth Factor Bi,M1,1,0
6_R-HSA-3247509,1,-4,R-HSA-3247509,Chromatin modifying enzymes,M1,1,0
6_R-HSA-2559586,1,-6.9,R-HSA-2559586,DNA Damage/Telomere Stress Induced Senescence,M1,1,0
19_GO:0030323,1,-2.3,GO:0030323,respiratory tube development,M1,1,0
19_GO:0060675,1,-3.3,GO:0060675,ureteric bud morphogenesis,M1,1,0
19_GO:0033273,1,-2.4,GO:0033273,response to vitamin,M1,1,0
19_GO:0048638,1,-2.5,GO:0048638,regulation of developmental growth,M1,1,0
19_GO:0061333,1,-3.6,GO:0061333,renal tubule morphogenesis,M1,1,0
6_R-HSA-936837,1,-2.1,R-HSA-936837,Ion transport by P-type ATPases,M1,1,0
19_GO:0048566,1,-3.1,GO:0048566,embryonic digestive tract development,M1,1,0
19_GO:0007169,1,-3.4,GO:0007169,transmembrane receptor protein tyrosine kinase signaling pathway,M1,1,0
6_R-HSA-73772,1,-8.1,R-HSA-73772,RNA Polymerase I Promoter Escape,M1,1,0
19_GO:0051129,1,-2.3,GO:0051129,negative regulation of cellular component organization,M1,1,0
19_GO:0010927,1,-2.5,GO:0010927,cellular component assembly involved in morphogenesis,M1,1,0
19_GO:0008015,1,-2.8,GO:0008015,blood circulation,M1,1,0
11_M5885,1,-11,M5885,NABA MATRISOME ASSOCIATED,M1,1,0
19_GO:0030099,1,-2.1,GO:0030099,myeloid cell differentiation,M1,1,0
6_R-HSA-1474165,1,-5.6,R-HSA-1474165,Reproduction,M1,1,0
19_GO:0048562,1,-2,GO:0048562,embryonic organ morphogenesis,M1,1,0
6_R-HSA-977225,1,-6.2,R-HSA-977225,Amyloid fiber formation,M1,1,0
24_hsa04151,1,-2.9,hsa04151,PI3K-Akt signaling pathway,M1,1,0
19_GO:0050830,1,-2.8,GO:0050830,defense response to Gram-positive bacterium,M1,1,0
6_R-HSA-73894,1,-4,R-HSA-73894,DNA Repair,M1,1,0
6_R-HSA-73928,1,-8.3,R-HSA-73928,Depyrimidination,M1,1,0
6_R-HSA-8953897,1,-2.3,R-HSA-8953897,Cellular responses to external stimuli,M1,1,0
19_GO:0072028,1,-3.6,GO:0072028,nephron morphogenesis,M1,1,0
6_R-HSA-5578749,1,-7.2,R-HSA-5578749,Transcriptional regulation by small RNAs,M1,1,0
6_R-HSA-212300,1,-8.4,R-HSA-212300,PRC2 methylates histones and DNA,M1,1,0
6_R-HSA-201722,1,-7.2,R-HSA-201722,Formation of the beta-catenin:TCF transactivating complex,M1,1,0
19_GO:0098581,1,-2.1,GO:0098581,detection of external biotic stimulus,M1,1,0
19_GO:0060047,1,-2.5,GO:0060047,heart contraction,M1,1,0
19_GO:0072171,1,-3.3,GO:0072171,mesonephric tubule morphogenesis,M1,1,0
6_R-HSA-157118,1,-3.8,R-HSA-157118,Signaling by NOTCH,M1,1,0
19_GO:0061138,1,-2.7,GO:0061138,morphogenesis of a branching epithelium,M1,1,0
19_GO:0010771,1,-2.3,GO:0010771,negative regulation of cell morphogenesis involved in differentiation,M1,1,0
19_GO:0043062,1,-3.9,GO:0043062,extracellular structure organization,M1,1,0
19_GO:0072073,1,-2.5,GO:0072073,kidney epithelium development,M1,1,0
19_GO:0032102,1,-2.3,GO:0032102,negative regulation of response to external stimulus,M1,1,0
6_R-HSA-1912408,1,-7.1,R-HSA-1912408,Pre-NOTCH Transcription and Translation,M1,1,0
19_GO:0001667,1,-2.3,GO:0001667,ameboidal-type cell migration,M1,1,0
6_R-HSA-2219530,1,-3,R-HSA-2219530,Constitutive Signaling by Aberrant PI3K in Cancer,M1,1,0
19_GO:0019730,1,-2.3,GO:0019730,antimicrobial humoral response,M1,1,0
19_GO:0060485,1,-4,GO:0060485,mesenchyme development,M1,1,0
19_GO:0072088,1,-3.7,GO:0072088,nephron epithelium morphogenesis,M1,1,0
6_R-HSA-193775,1,-2.5,R-HSA-193775,Synthesis of bile acids and bile salts via 24-hydroxycholesterol,M1,1,0
19_GO:0045596,1,-3.7,GO:0045596,negative regulation of cell differentiation,M1,1,0
19_GO:0060562,1,-2.4,GO:0060562,epithelial tube morphogenesis,M1,1,0
19_GO:0042445,1,-3.3,GO:0042445,hormone metabolic process,M1,1,0
19_GO:0060350,1,-2.3,GO:0060350,endochondral bone morphogenesis,M1,1,0
19_GO:0042330,1,-3.5,GO:0042330,taxis,M1,1,0
6_R-HSA-5689901,1,-3.9,R-HSA-5689901,Metalloprotease DUBs,M1,1,0
6_R-HSA-68886,1,-3.5,R-HSA-68886,M Phase,M1,1,0
19_GO:0000725,1,-2.1,GO:0000725,recombinational repair,M1,1,0
6_R-HSA-69473,1,-3.7,R-HSA-69473,G2/M DNA damage checkpoint,M1,1,0
19_GO:0048557,1,-2.2,GO:0048557,embryonic digestive tract morphogenesis,M1,1,0
19_GO:0048858,1,-2.3,GO:0048858,cell projection morphogenesis,M1,1,0
19_GO:0048863,1,-2,GO:0048863,stem cell differentiation,M1,1,0
19_GO:0048565,1,-2.1,GO:0048565,digestive tract development,M1,1,0
19_GO:0000724,1,-2.1,GO:0000724,double-strand break repair via homologous recombination,M1,1,0
19_GO:0033280,1,-2.1,GO:0033280,response to vitamin D,M1,1,0
19_GO:0006333,1,-3.6,GO:0006333,chromatin assembly or disassembly,M1,1,0
19_GO:0050921,1,-2.6,GO:0050921,positive regulation of chemotaxis,M1,1,0
19_GO:0001823,1,-2.8,GO:0001823,mesonephros development,M1,1,0
19_GO:0007411,1,-2.6,GO:0007411,axon guidance,M1,1,0
6_R-HSA-427413,1,-7.2,R-HSA-427413,NoRC negatively regulates rRNA expression,M1,1,0
6_R-HSA-8847993,1,-2.6,R-HSA-8847993,ERBB2 Activates PTK6 Signaling,M1,1,0
6_R-HSA-3214858,1,-6,R-HSA-3214858,RMTs methylate histone arginines,M1,1,0
19_GO:0060560,1,-2.3,GO:0060560,developmental growth involved in morphogenesis,M1,1,0
19_GO:0006334,1,-3.5,GO:0006334,nucleosome assembly,M1,1,0
19_GO:0050771,1,-2.5,GO:0050771,negative regulation of axonogenesis,M1,1,0
19_GO:0007156,1,-3.5,GO:0007156,homophilic cell adhesion via plasma membrane adhesion molecules,M1,1,0
19_GO:0048589,1,-2.3,GO:0048589,developmental growth,M1,1,0
19_GO:0048640,1,-2.5,GO:0048640,negative regulation of developmental growth,M1,1,0
6_R-HSA-190372,1,-3.9,R-HSA-190372,FGFR3c ligand binding and activation,M1,1,0
6_R-HSA-4420332,1,-2.1,R-HSA-4420332,Defective B3GALT6 causes EDSP2 and SEMDJL1,M1,1,0
19_GO:0043009,1,-2.3,GO:0043009,chordate embryonic development,M1,1,0
6_R-HSA-3560783,1,-2.1,R-HSA-3560783,"Defective B4GALT7 causes EDS, progeroid type",M1,1,0
6_R-HSA-195721,1,-3.1,R-HSA-195721,Signaling by WNT,M1,1,0
6_R-HSA-110329,1,-8.3,R-HSA-110329,Cleavage of the damaged pyrimidine ,M1,1,0
19_GO:0001958,1,-2.6,GO:0001958,endochondral ossification,M1,1,0
6_R-HSA-5625886,1,-8.9,R-HSA-5625886,Activated PKN1 stimulates transcription of AR (androgen receptor) regulated genes KLK2 and KLK3,M1,1,0
19_GO:0044706,1,-5.2,GO:0044706,multi-multicellular organism process,M1,1,0
6_R-HSA-73854,1,-7,R-HSA-73854,RNA Polymerase I Promoter Clearance,M1,1,0
19_GO:0060193,1,-2.4,GO:0060193,positive regulation of lipase activity,M1,1,0
24_hsa05034,1,-7.9,hsa05034,Alcoholism,M1,1,0
19_GO:0003015,1,-2.4,GO:0003015,heart process,M1,1,0
19_GO:0006302,1,-3,GO:0006302,double-strand break repair,M1,1,0
19_GO:0043114,1,-2.1,GO:0043114,regulation of vascular permeability,M1,1,0
11_M5880,1,-7.5,M5880,NABA ECM AFFILIATED,M1,1,0
19_GO:0006022,1,-2.4,GO:0006022,aminoglycan metabolic process,M1,1,0
19_GO:0061326,1,-3,GO:0061326,renal tubule development,M1,1,0
19_GO:0001657,1,-3,GO:0001657,ureteric bud development,M1,1,0
6_R-HSA-110330,1,-8.7,R-HSA-110330,Recognition and association of DNA glycosylase with site containing an affected purine,M1,1,0
19_GO:0048667,1,-2.4,GO:0048667,cell morphogenesis involved in neuron differentiation,M1,1,0
6_R-HSA-2033514,1,-2.7,R-HSA-2033514,FGFR3 mutant receptor activation,M1,1,0
6_R-HSA-1839130,1,-2.7,R-HSA-1839130,Signaling by activated point mutants of FGFR3,M1,1,0
19_GO:0003006,1,-2.8,GO:0003006,developmental process involved in reproduction,M1,1,0
6_R-HSA-73864,1,-6.9,R-HSA-73864,RNA Polymerase I Transcription,M1,1,0
19_GO:0016266,1,-3.5,GO:0016266,O-glycan processing,M1,1,0
6_R-HSA-1500620,1,-6.6,R-HSA-1500620,Meiosis,M1,1,0
19_GO:0007369,1,-2.7,GO:0007369,gastrulation,M1,1,0
19_GO:0007565,1,-6.1,GO:0007565,female pregnancy,M1,1,0
24_hsa04514,1,-2.4,hsa04514,Cell adhesion molecules (CAMs),M1,1,0
6_R-HSA-5693532,1,-3.6,R-HSA-5693532,DNA Double-Strand Break Repair,M1,1,0
19_GO:0008016,1,-2.1,GO:0008016,regulation of heart contraction,M1,1,0
6_R-HSA-2559580,1,-6.3,R-HSA-2559580,Oxidative Stress Induced Senescence,M1,1,0
6_R-HSA-5083632,1,-3.3,R-HSA-5083632,Defective C1GALT1C1 causes Tn polyagglutination syndrome (TNPS),M1,1,0
19_GO:0007409,1,-2.2,GO:0007409,axonogenesis,M1,1,0
19_GO:0002251,1,-2.9,GO:0002251,organ or tissue specific immune response,M1,1,0
19_GO:0051961,1,-2.9,GO:0051961,negative regulation of nervous system development,M1,1,0
19_GO:0002576,1,-2.8,GO:0002576,platelet degranulation,M1,1,0
19_GO:0010977,1,-2.7,GO:0010977,negative regulation of neuron projection development,M1,1,0
6_R-HSA-202733,1,-4.4,R-HSA-202733,Cell surface interactions at the vascular wall,M1,1,0
19_GO:0040017,1,-2,GO:0040017,positive regulation of locomotion,M1,1,0
19_GO:0031589,1,-2,GO:0031589,cell-substrate adhesion,M1,1,0
19_GO:1901136,1,-2,GO:1901136,carbohydrate derivative catabolic process,M1,1,0
19_GO:0048846,1,-3,GO:0048846,axon extension involved in axon guidance,M1,1,0
19_GO:0042476,1,-2.7,GO:0042476,odontogenesis,M1,1,0
19_GO:0048729,1,-2.9,GO:0048729,tissue morphogenesis,M1,1,0
19_GO:0050920,1,-4.7,GO:0050920,regulation of chemotaxis,M1,1,0
24_hsa04510,1,-2.4,hsa04510,Focal adhesion,M1,1,0
6_R-HSA-3000171,1,-2.1,R-HSA-3000171,Non-integrin membrane-ECM interactions,M1,1,0
11_M276,1,-3,M276,PID FGF PATHWAY,M1,1,0
19_GO:0001944,1,-2.7,GO:0001944,vasculature development,M1,1,0
6_R-HSA-5250941,1,-7,R-HSA-5250941,Negative epigenetic regulation of rRNA expression,M1,1,0
19_GO:0045926,1,-2.1,GO:0045926,negative regulation of growth,M1,1,0
6_R-HSA-427389,1,-8.1,R-HSA-427389,ERCC6 (CSB) and EHMT2 (G9a) positively regulate rRNA expression,M1,1,0
