,_MEMBER_hits,_LogP_hits,GO,Description,_PATTERN_,_RANK_,GiniIndex
19_GO:0042742,1,-2.9,GO:0042742,defense response to bacterium,M1,1,0
6_R-HSA-912526,1,-3.6,R-HSA-912526,Interleukin receptor SHC signaling,M1,1,0
19_GO:0042113,1,-2,GO:0042113,B cell activation,M1,1,0
19_GO:0050691,1,-2.9,GO:0050691,regulation of defense response to virus by host,M1,1,0
19_GO:0051048,1,-3.5,GO:0051048,negative regulation of secretion,M1,1,0
11_M3008,1,-3.4,M3008,NABA ECM GLYCOPROTEINS,M1,1,0
19_GO:0034764,1,-2.3,GO:0034764,positive regulation of transmembrane transport,M1,1,0
19_GO:0030217,1,-2.2,GO:0030217,T cell differentiation,M1,1,0
19_GO:2001236,1,-2.1,GO:2001236,regulation of extrinsic apoptotic signaling pathway,M1,1,0
19_GO:0031620,1,-3.3,GO:0031620,regulation of fever generation,M1,1,0
19_GO:0042136,1,-2.1,GO:0042136,neurotransmitter biosynthetic process,M1,1,0
19_GO:0032755,1,-3.6,GO:0032755,positive regulation of interleukin-6 production,M1,1,0
19_GO:0045807,1,-2.7,GO:0045807,positive regulation of endocytosis,M1,1,0
19_GO:0097192,1,-2.3,GO:0097192,extrinsic apoptotic signaling pathway in absence of ligand,M1,1,0
19_GO:0032653,1,-2.3,GO:0032653,regulation of interleukin-10 production,M1,1,0
11_M28,1,-2.5,M28,PID IL4 2PATHWAY,M1,1,0
19_GO:0034340,1,-2.8,GO:0034340,response to type I interferon,M1,1,0
19_GO:0050863,1,-8.7,GO:0050863,regulation of T cell activation,M1,1,0
24_hsa05020,1,-3,hsa05020,Prion diseases,M1,1,0
19_GO:1901342,1,-7.1,GO:1901342,regulation of vasculature development,M1,1,0
24_hsa04668,1,-14,hsa04668,TNF signaling pathway,M1,1,0
24_hsa05132,1,-5.5,hsa05132,Salmonella infection,M1,1,0
19_GO:1904951,1,-5,GO:1904951,positive regulation of establishment of protein localization,M1,1,0
6_R-HSA-449147,1,-14,R-HSA-449147,Signaling by Interleukins,M1,1,0
24_hsa04072,1,-2.3,hsa04072,Phospholipase D signaling pathway,M1,1,0
19_GO:0050710,1,-2.2,GO:0050710,negative regulation of cytokine secretion,M1,1,0
19_GO:0031667,1,-3.1,GO:0031667,response to nutrient levels,M1,1,0
19_GO:0051828,1,-3.7,GO:0051828,entry into other organism involved in symbiotic interaction,M1,1,0
19_GO:0016114,1,-2.3,GO:0016114,terpenoid biosynthetic process,M1,1,0
19_GO:0045932,1,-2.6,GO:0045932,negative regulation of muscle contraction,M1,1,0
19_GO:0050673,1,-3.8,GO:0050673,epithelial cell proliferation,M1,1,0
19_GO:0072593,1,-2.4,GO:0072593,reactive oxygen species metabolic process,M1,1,0
24_hsa04022,1,-2.5,hsa04022,cGMP-PKG signaling pathway,M1,1,0
6_R-HSA-1236394,1,-2.1,R-HSA-1236394,Signaling by ERBB4,M1,1,0
19_GO:0009410,1,-3.1,GO:0009410,response to xenobiotic stimulus,M1,1,0
19_GO:0002544,1,-3.2,GO:0002544,chronic inflammatory response,M1,1,0
19_GO:0042033,1,-4.7,GO:0042033,chemokine biosynthetic process,M1,1,0
6_R-HSA-380108,1,-5.1,R-HSA-380108,Chemokine receptors bind chemokines,M1,1,0
24_hsa05150,1,-3.7,hsa05150,Staphylococcus aureus infection,M1,1,0
19_GO:0002700,1,-4.2,GO:0002700,regulation of production of molecular mediator of immune response,M1,1,0
19_GO:0001101,1,-3.2,GO:0001101,response to acid chemical,M1,1,0
19_GO:0050870,1,-7.6,GO:0050870,positive regulation of T cell activation,M1,1,0
19_GO:0046717,1,-2.8,GO:0046717,acid secretion,M1,1,0
19_GO:0072503,1,-2.5,GO:0072503,cellular divalent inorganic cation homeostasis,M1,1,0
19_GO:0010951,1,-2.9,GO:0010951,negative regulation of endopeptidase activity,M1,1,0
19_GO:0071356,1,-6.9,GO:0071356,cellular response to tumor necrosis factor,M1,1,0
19_GO:0045619,1,-2.4,GO:0045619,regulation of lymphocyte differentiation,M1,1,0
19_GO:0001659,1,-3.9,GO:0001659,temperature homeostasis,M1,1,0
11_M5884,1,-5.5,M5884,NABA CORE MATRISOME,M1,1,0
19_GO:0022408,1,-2.6,GO:0022408,negative regulation of cell-cell adhesion,M1,1,0
19_GO:0021700,1,-2.4,GO:0021700,developmental maturation,M1,1,0
19_GO:0006979,1,-4.1,GO:0006979,response to oxidative stress,M1,1,0
19_GO:0047484,1,-2.6,GO:0047484,regulation of response to osmotic stress,M1,1,0
19_GO:1903531,1,-2.6,GO:1903531,negative regulation of secretion by cell,M1,1,0
19_GO:0010959,1,-2.9,GO:0010959,regulation of metal ion transport,M1,1,0
19_GO:0045080,1,-4,GO:0045080,positive regulation of chemokine biosynthetic process,M1,1,0
19_GO:0097190,1,-5.8,GO:0097190,apoptotic signaling pathway,M1,1,0
6_R-HSA-216083,1,-4,R-HSA-216083,Integrin cell surface interactions,M1,1,0
19_GO:0007610,1,-2.2,GO:0007610,behavior,M1,1,0
19_GO:0051937,1,-2.2,GO:0051937,catecholamine transport,M1,1,0
6_R-HSA-432040,1,-2.6,R-HSA-432040,Vasopressin regulates renal water homeostasis via Aquaporins,M1,1,0
19_GO:0071280,1,-4.5,GO:0071280,cellular response to copper ion,M1,1,0
19_GO:0098542,1,-5.4,GO:0098542,defense response to other organism,M1,1,0
19_GO:0050808,1,-2.7,GO:0050808,synapse organization,M1,1,0
19_GO:0032946,1,-6.7,GO:0032946,positive regulation of mononuclear cell proliferation,M1,1,0
19_GO:0072678,1,-3.3,GO:0072678,T cell migration,M1,1,0
19_GO:0042088,1,-2.6,GO:0042088,T-helper 1 type immune response,M1,1,0
19_GO:0014065,1,-4,GO:0014065,phosphatidylinositol 3-kinase signaling,M1,1,0
19_GO:0010039,1,-2.2,GO:0010039,response to iron ion,M1,1,0
19_GO:0003013,1,-7.6,GO:0003013,circulatory system process,M1,1,0
11_M9378,1,-2.6,M9378,ST INTERLEUKIN 4 PATHWAY,M1,1,0
19_GO:0044057,1,-6.5,GO:0044057,regulation of system process,M1,1,0
19_GO:0002269,1,-3.2,GO:0002269,leukocyte activation involved in inflammatory response,M1,1,0
19_GO:1903140,1,-2.5,GO:1903140,regulation of establishment of endothelial barrier,M1,1,0
19_GO:0098916,1,-3,GO:0098916,anterograde trans-synaptic signaling,M1,1,0
19_GO:0010001,1,-2.5,GO:0010001,glial cell differentiation,M1,1,0
19_GO:0071350,1,-2.6,GO:0071350,cellular response to interleukin-15,M1,1,0
19_GO:0061045,1,-2.2,GO:0061045,negative regulation of wound healing,M1,1,0
19_GO:0050663,1,-7,GO:0050663,cytokine secretion,M1,1,0
19_GO:0051051,1,-4.8,GO:0051051,negative regulation of transport,M1,1,0
19_GO:0002446,1,-3.5,GO:0002446,neutrophil mediated immunity,M1,1,0
19_GO:0051223,1,-5.6,GO:0051223,regulation of protein transport,M1,1,0
19_GO:0051047,1,-5,GO:0051047,positive regulation of secretion,M1,1,0
19_GO:0044409,1,-3.7,GO:0044409,entry into host,M1,1,0
6_R-HSA-977443,1,-2.9,R-HSA-977443,GABA receptor activation,M1,1,0
19_GO:0022407,1,-8.1,GO:0022407,regulation of cell-cell adhesion,M1,1,0
24_hsa05200,1,-3.3,hsa05200,Pathways in cancer,M1,1,0
19_GO:0001817,1,-12,GO:0001817,regulation of cytokine production,M1,1,0
19_GO:0045089,1,-3,GO:0045089,positive regulation of innate immune response,M1,1,0
19_GO:0048525,1,-3.5,GO:0048525,negative regulation of viral process,M1,1,0
24_hsa04380,1,-2.1,hsa04380,Osteoclast differentiation,M1,1,0
19_GO:0000904,1,-2.9,GO:0000904,cell morphogenesis involved in differentiation,M1,1,0
6_R-HSA-9018678,1,-3.2,R-HSA-9018678,Biosynthesis of specialized proresolving mediators (SPMs),M1,1,0
19_GO:0050766,1,-4.7,GO:0050766,positive regulation of phagocytosis,M1,1,0
19_GO:0043901,1,-2.3,GO:0043901,negative regulation of multi-organism process,M1,1,0
19_GO:0038128,1,-3.2,GO:0038128,ERBB2 signaling pathway,M1,1,0
19_GO:0051896,1,-4,GO:0051896,regulation of protein kinase B signaling,M1,1,0
19_GO:0050755,1,-4.7,GO:0050755,chemokine metabolic process,M1,1,0
19_GO:0046636,1,-3.8,GO:0046636,negative regulation of alpha-beta T cell activation,M1,1,0
19_GO:0043031,1,-2.3,GO:0043031,negative regulation of macrophage activation,M1,1,0
19_GO:0001568,1,-8.2,GO:0001568,blood vessel development,M1,1,0
24_hsa05140,1,-5.4,hsa05140,Leishmaniasis,M1,1,0
19_GO:0061900,1,-4.4,GO:0061900,glial cell activation,M1,1,0
19_GO:0034614,1,-2.9,GO:0034614,cellular response to reactive oxygen species,M1,1,0
19_GO:0002283,1,-3.3,GO:0002283,neutrophil activation involved in immune response,M1,1,0
19_GO:0001960,1,-2.2,GO:0001960,negative regulation of cytokine-mediated signaling pathway,M1,1,0
19_GO:0046916,1,-2,GO:0046916,cellular transition metal ion homeostasis,M1,1,0
24_hsa04725,1,-3.1,hsa04725,Cholinergic synapse,M1,1,0
19_GO:0002275,1,-4.1,GO:0002275,myeloid cell activation involved in immune response,M1,1,0
19_GO:0007599,1,-2,GO:0007599,hemostasis,M1,1,0
19_GO:0002703,1,-2.3,GO:0002703,regulation of leukocyte mediated immunity,M1,1,0
24_hsa05418,1,-2.9,hsa05418,Fluid shear stress and atherosclerosis,M1,1,0
11_M3005,1,-4.4,M3005,NABA COLLAGENS,M1,1,0
19_GO:0051057,1,-2.3,GO:0051057,positive regulation of small GTPase mediated signal transduction,M1,1,0
19_GO:0032637,1,-2.7,GO:0032637,interleukin-8 production,M1,1,0
19_GO:0002274,1,-7.7,GO:0002274,myeloid leukocyte activation,M1,1,0
19_GO:0007249,1,-4.5,GO:0007249,I-kappaB kinase/NF-kappaB signaling,M1,1,0
19_GO:0032640,1,-2.5,GO:0032640,tumor necrosis factor production,M1,1,0
19_GO:0043551,1,-2.2,GO:0043551,regulation of phosphatidylinositol 3-kinase activity,M1,1,0
19_GO:0061687,1,-2.2,GO:0061687,detoxification of inorganic compound,M1,1,0
19_GO:0051091,1,-2.3,GO:0051091,positive regulation of DNA-binding transcription factor activity,M1,1,0
19_GO:0032722,1,-4.4,GO:0032722,positive regulation of chemokine production,M1,1,0
6_R-HSA-5668541,1,-4.1,R-HSA-5668541,TNFR2 non-canonical NF-kB pathway,M1,1,0
6_R-HSA-8957275,1,-2.6,R-HSA-8957275,Post-translational protein phosphorylation,M1,1,0
19_GO:1901214,1,-2.8,GO:1901214,regulation of neuron death,M1,1,0
19_GO:0001836,1,-2,GO:0001836,release of cytochrome c from mitochondria,M1,1,0
19_GO:0031392,1,-2.7,GO:0031392,regulation of prostaglandin biosynthetic process,M1,1,0
6_R-HSA-400042,1,-2.5,R-HSA-400042,"Adrenaline,noradrenaline inhibits insulin secretion",M1,1,0
19_GO:0010634,1,-2.3,GO:0010634,positive regulation of epithelial cell migration,M1,1,0
19_GO:0002690,1,-3.2,GO:0002690,positive regulation of leukocyte chemotaxis,M1,1,0
19_GO:0031294,1,-3.6,GO:0031294,lymphocyte costimulation,M1,1,0
19_GO:0050868,1,-3.1,GO:0050868,negative regulation of T cell activation,M1,1,0
19_GO:0002237,1,-12,GO:0002237,response to molecule of bacterial origin,M1,1,0
19_GO:1900165,1,-2.7,GO:1900165,negative regulation of interleukin-6 secretion,M1,1,0
19_GO:0051897,1,-4.4,GO:0051897,positive regulation of protein kinase B signaling,M1,1,0
11_M54,1,-2.6,M54,PID IL12 2PATHWAY,M1,1,0
19_GO:0045073,1,-4.9,GO:0045073,regulation of chemokine biosynthetic process,M1,1,0
19_GO:1990266,1,-5.7,GO:1990266,neutrophil migration,M1,1,0
19_GO:0032594,1,-2.2,GO:0032594,protein transport within lipid bilayer,M1,1,0
6_R-HSA-168898,1,-2.1,R-HSA-168898,Toll-like Receptor Cascades,M1,1,0
19_GO:0042698,1,-3.1,GO:0042698,ovulation cycle,M1,1,0
19_GO:0099639,1,-2.8,GO:0099639,"neurotransmitter receptor transport, endosome to plasma membrane",M1,1,0
19_GO:0033209,1,-4.1,GO:0033209,tumor necrosis factor-mediated signaling pathway,M1,1,0
11_M198,1,-5.2,M198,PID SYNDECAN 1 PATHWAY,M1,1,0
19_GO:0032609,1,-5.9,GO:0032609,interferon-gamma production,M1,1,0
19_GO:0001525,1,-9.5,GO:0001525,angiogenesis,M1,1,0
19_GO:2000116,1,-4.1,GO:2000116,regulation of cysteine-type endopeptidase activity,M1,1,0
6_R-HSA-2219528,1,-2.2,R-HSA-2219528,PI3K/AKT Signaling in Cancer,M1,1,0
19_GO:0060252,1,-3.2,GO:0060252,positive regulation of glial cell proliferation,M1,1,0
24_hsa04610,1,-2.1,hsa04610,Complement and coagulation cascades,M1,1,0
6_R-HSA-3928664,1,-2.1,R-HSA-3928664,Ephrin signaling,M1,1,0
19_GO:0002696,1,-5.9,GO:0002696,positive regulation of leukocyte activation,M1,1,0
19_GO:0071363,1,-4,GO:0071363,cellular response to growth factor stimulus,M1,1,0
19_GO:0032481,1,-2.2,GO:0032481,positive regulation of type I interferon production,M1,1,0
19_GO:0002366,1,-3.6,GO:0002366,leukocyte activation involved in immune response,M1,1,0
19_GO:0071260,1,-2.1,GO:0071260,cellular response to mechanical stimulus,M1,1,0
19_GO:0030100,1,-3.7,GO:0030100,regulation of endocytosis,M1,1,0
19_GO:0033135,1,-3,GO:0033135,regulation of peptidyl-serine phosphorylation,M1,1,0
19_GO:1903725,1,-2.5,GO:1903725,regulation of phospholipid metabolic process,M1,1,0
19_GO:0001505,1,-3,GO:0001505,regulation of neurotransmitter levels,M1,1,0
19_GO:1904019,1,-3,GO:1904019,epithelial cell apoptotic process,M1,1,0
19_GO:0031394,1,-3.7,GO:0031394,positive regulation of prostaglandin biosynthetic process,M1,1,0
6_R-HSA-5669034,1,-4.5,R-HSA-5669034,TNFs bind their physiological receptors,M1,1,0
19_GO:0035690,1,-2.5,GO:0035690,cellular response to drug,M1,1,0
19_GO:0030260,1,-3.7,GO:0030260,entry into host cell,M1,1,0
19_GO:0070848,1,-3.6,GO:0070848,response to growth factor,M1,1,0
19_GO:0048660,1,-2.9,GO:0048660,regulation of smooth muscle cell proliferation,M1,1,0
19_GO:0071248,1,-2,GO:0071248,cellular response to metal ion,M1,1,0
19_GO:0022617,1,-4.1,GO:0022617,extracellular matrix disassembly,M1,1,0
19_GO:0002793,1,-5.7,GO:0002793,positive regulation of peptide secretion,M1,1,0
19_GO:0010743,1,-2.4,GO:0010743,regulation of macrophage derived foam cell differentiation,M1,1,0
24_hsa04064,1,-4.3,hsa04064,NF-kappa B signaling pathway,M1,1,0
19_GO:0090195,1,-2,GO:0090195,chemokine secretion,M1,1,0
19_GO:0071803,1,-2.7,GO:0071803,positive regulation of podosome assembly,M1,1,0
19_GO:0051962,1,-5,GO:0051962,positive regulation of nervous system development,M1,1,0
19_GO:0051346,1,-2.4,GO:0051346,negative regulation of hydrolase activity,M1,1,0
6_R-HSA-419037,1,-3.5,R-HSA-419037,NCAM1 interactions,M1,1,0
19_GO:0010575,1,-4.5,GO:0010575,positive regulation of vascular endothelial growth factor production,M1,1,0
19_GO:0060457,1,-2.1,GO:0060457,negative regulation of digestive system process,M1,1,0
19_GO:0002695,1,-3.3,GO:0002695,negative regulation of leukocyte activation,M1,1,0
19_GO:0007162,1,-4.1,GO:0007162,negative regulation of cell adhesion,M1,1,0
19_GO:0034765,1,-3.3,GO:0034765,regulation of ion transmembrane transport,M1,1,0
19_GO:0098801,1,-3,GO:0098801,regulation of renal system process,M1,1,0
19_GO:0048791,1,-2.3,GO:0048791,calcium ion-regulated exocytosis of neurotransmitter,M1,1,0
19_GO:0002831,1,-4.2,GO:0002831,regulation of response to biotic stimulus,M1,1,0
19_GO:0019369,1,-2.3,GO:0019369,arachidonic acid metabolic process,M1,1,0
19_GO:0002730,1,-2.8,GO:0002730,regulation of dendritic cell cytokine production,M1,1,0
19_GO:0051347,1,-3.2,GO:0051347,positive regulation of transferase activity,M1,1,0
19_GO:0048514,1,-7.7,GO:0048514,blood vessel morphogenesis,M1,1,0
19_GO:0045408,1,-3.5,GO:0045408,regulation of interleukin-6 biosynthetic process,M1,1,0
11_M18342,1,-3,M18342,ST G ALPHA I PATHWAY,M1,1,0
19_GO:0002577,1,-2,GO:0002577,regulation of antigen processing and presentation,M1,1,0
19_GO:0019915,1,-3.9,GO:0019915,lipid storage,M1,1,0
19_GO:0097191,1,-2.8,GO:0097191,extrinsic apoptotic signaling pathway,M1,1,0
19_GO:0050730,1,-6.6,GO:0050730,regulation of peptidyl-tyrosine phosphorylation,M1,1,0
19_GO:0032635,1,-5.5,GO:0032635,interleukin-6 production,M1,1,0
19_GO:0071222,1,-13,GO:0071222,cellular response to lipopolysaccharide,M1,1,0
11_M22,1,-2.1,M22,PID GMCSF PATHWAY,M1,1,0
19_GO:0099537,1,-2.9,GO:0099537,trans-synaptic signaling,M1,1,0
19_GO:0034762,1,-3.8,GO:0034762,regulation of transmembrane transport,M1,1,0
19_GO:0003416,1,-3.4,GO:0003416,endochondral bone growth,M1,1,0
19_GO:0032655,1,-2.9,GO:0032655,regulation of interleukin-12 production,M1,1,0
19_GO:0042102,1,-5.9,GO:0042102,positive regulation of T cell proliferation,M1,1,0
19_GO:0099638,1,-2.7,GO:0099638,endosome to plasma membrane protein transport,M1,1,0
24_hsa05162,1,-3.1,hsa05162,Measles,M1,1,0
19_GO:0050905,1,-2.6,GO:0050905,neuromuscular process,M1,1,0
6_R-HSA-1280218,1,-3.5,R-HSA-1280218,Adaptive Immune System,M1,1,0
19_GO:0060536,1,-3.4,GO:0060536,cartilage morphogenesis,M1,1,0
19_GO:2001242,1,-4.8,GO:2001242,regulation of intrinsic apoptotic signaling pathway,M1,1,0
19_GO:0048871,1,-3.7,GO:0048871,multicellular organismal homeostasis,M1,1,0
19_GO:1902285,1,-2.6,GO:1902285,semaphorin-plexin signaling pathway involved in neuron projection guidance,M1,1,0
19_GO:0052547,1,-5,GO:0052547,regulation of peptidase activity,M1,1,0
6_R-HSA-5683057,1,-3.5,R-HSA-5683057,MAPK family signaling cascades,M1,1,0
19_GO:0035296,1,-3.5,GO:0035296,regulation of tube diameter,M1,1,0
19_GO:0003429,1,-4.5,GO:0003429,growth plate cartilage chondrocyte morphogenesis,M1,1,0
6_R-HSA-1296065,1,-2.3,R-HSA-1296065,Inwardly rectifying K+ channels,M1,1,0
11_M159,1,-2.7,M159,PID AMB2 NEUTROPHILS PATHWAY,M1,1,0
19_GO:1903556,1,-2.3,GO:1903556,negative regulation of tumor necrosis factor superfamily cytokine production,M1,1,0
19_GO:1904018,1,-7.4,GO:1904018,positive regulation of vasculature development,M1,1,0
19_GO:0050900,1,-7.1,GO:0050900,leukocyte migration,M1,1,0
19_GO:0010883,1,-3.3,GO:0010883,regulation of lipid storage,M1,1,0
19_GO:0032148,1,-2.2,GO:0032148,activation of protein kinase B activity,M1,1,0
19_GO:0014002,1,-2.6,GO:0014002,astrocyte development,M1,1,0
19_GO:0002374,1,-3.1,GO:0002374,cytokine secretion involved in immune response,M1,1,0
19_GO:0010888,1,-2.1,GO:0010888,negative regulation of lipid storage,M1,1,0
19_GO:0070265,1,-2.6,GO:0070265,necrotic cell death,M1,1,0
19_GO:0070838,1,-2.3,GO:0070838,divalent metal ion transport,M1,1,0
19_GO:0009914,1,-3.5,GO:0009914,hormone transport,M1,1,0
19_GO:0043900,1,-3.1,GO:0043900,regulation of multi-organism process,M1,1,0
6_R-HSA-9020558,1,-2.7,R-HSA-9020558,Interleukin-2 signaling,M1,1,0
11_M110,1,-2.2,M110,PID IL1 PATHWAY,M1,1,0
19_GO:1903539,1,-2.2,GO:1903539,protein localization to postsynaptic membrane,M1,1,0
19_GO:0030072,1,-3.3,GO:0030072,peptide hormone secretion,M1,1,0
19_GO:0090287,1,-2.7,GO:0090287,regulation of cellular response to growth factor stimulus,M1,1,0
19_GO:0051701,1,-2.6,GO:0051701,interaction with host,M1,1,0
19_GO:0002371,1,-2.6,GO:0002371,dendritic cell cytokine production,M1,1,0
19_GO:0055076,1,-2.1,GO:0055076,transition metal ion homeostasis,M1,1,0
19_GO:0015812,1,-2.6,GO:0015812,gamma-aminobutyric acid transport,M1,1,0
19_GO:0043408,1,-3.6,GO:0043408,regulation of MAPK cascade,M1,1,0
6_R-HSA-1474228,1,-7.1,R-HSA-1474228,Degradation of the extracellular matrix,M1,1,0
19_GO:0070486,1,-2.7,GO:0070486,leukocyte aggregation,M1,1,0
19_GO:0006639,1,-2.7,GO:0006639,acylglycerol metabolic process,M1,1,0
19_GO:0021782,1,-2.4,GO:0021782,glial cell development,M1,1,0
19_GO:0002687,1,-5.3,GO:0002687,positive regulation of leukocyte migration,M1,1,0
19_GO:0009615,1,-7.1,GO:0009615,response to virus,M1,1,0
19_GO:0071347,1,-5,GO:0071347,cellular response to interleukin-1,M1,1,0
19_GO:0050927,1,-2.7,GO:0050927,positive regulation of positive chemotaxis,M1,1,0
19_GO:0070266,1,-2.6,GO:0070266,necroptotic process,M1,1,0
19_GO:0009617,1,-14,GO:0009617,response to bacterium,M1,1,0
19_GO:1903901,1,-2.6,GO:1903901,negative regulation of viral life cycle,M1,1,0
19_GO:0019373,1,-2,GO:0019373,epoxygenase P450 pathway,M1,1,0
19_GO:0050714,1,-5.1,GO:0050714,positive regulation of protein secretion,M1,1,0
19_GO:0003018,1,-4.5,GO:0003018,vascular process in circulatory system,M1,1,0
19_GO:0034612,1,-8.1,GO:0034612,response to tumor necrosis factor,M1,1,0
19_GO:0070672,1,-2.5,GO:0070672,response to interleukin-15,M1,1,0
11_M65,1,-2.1,M65,PID FRA PATHWAY,M1,1,0
19_GO:0050866,1,-5,GO:0050866,negative regulation of cell activation,M1,1,0
24_hsa04933,1,-5.7,hsa04933,AGE-RAGE signaling pathway in diabetic complications,M1,1,0
19_GO:0014015,1,-5.3,GO:0014015,positive regulation of gliogenesis,M1,1,0
19_GO:0046688,1,-4.4,GO:0046688,response to copper ion,M1,1,0
19_GO:0048469,1,-2.2,GO:0048469,cell maturation,M1,1,0
19_GO:0042509,1,-5.6,GO:0042509,regulation of tyrosine phosphorylation of STAT protein,M1,1,0
19_GO:0001959,1,-3.8,GO:0001959,regulation of cytokine-mediated signaling pathway,M1,1,0
6_R-HSA-375165,1,-4.2,R-HSA-375165,NCAM signaling for neurite out-growth,M1,1,0
19_GO:0034767,1,-2.1,GO:0034767,positive regulation of ion transmembrane transport,M1,1,0
19_GO:0030574,1,-4.2,GO:0030574,collagen catabolic process,M1,1,0
19_GO:0050731,1,-8,GO:0050731,positive regulation of peptidyl-tyrosine phosphorylation,M1,1,0
11_M5883,1,-16,M5883,NABA SECRETED FACTORS,M1,1,0
19_GO:0006882,1,-2.1,GO:0006882,cellular zinc ion homeostasis,M1,1,0
19_GO:0070555,1,-6.1,GO:0070555,response to interleukin-1,M1,1,0
19_GO:0002688,1,-3.7,GO:0002688,regulation of leukocyte chemotaxis,M1,1,0
19_GO:0038110,1,-2.7,GO:0038110,interleukin-2-mediated signaling pathway,M1,1,0
11_M19043,1,-2.1,M19043,ST ADRENERGIC,M1,1,0
19_GO:0045822,1,-3.4,GO:0045822,negative regulation of heart contraction,M1,1,0
19_GO:0006638,1,-2.6,GO:0006638,neutral lipid metabolic process,M1,1,0
19_GO:0120039,1,-2.8,GO:0120039,plasma membrane bounded cell projection morphogenesis,M1,1,0
6_R-HSA-198933,1,-2.1,R-HSA-198933,Immunoregulatory interactions between a Lymphoid and a non-Lymphoid cell,M1,1,0
19_GO:0051767,1,-2,GO:0051767,nitric-oxide synthase biosynthetic process,M1,1,0
19_GO:0002444,1,-4,GO:0002444,myeloid leukocyte mediated immunity,M1,1,0
19_GO:0045766,1,-7.6,GO:0045766,positive regulation of angiogenesis,M1,1,0
19_GO:0060351,1,-2.4,GO:0060351,cartilage development involved in endochondral bone morphogenesis,M1,1,0
6_R-HSA-1963640,1,-2.3,R-HSA-1963640,GRB2 events in ERBB2 signaling,M1,1,0
19_GO:0071241,1,-2.1,GO:0071241,cellular response to inorganic substance,M1,1,0
19_GO:0015748,1,-3.3,GO:0015748,organophosphate ester transport,M1,1,0
19_GO:0045071,1,-2.7,GO:0045071,negative regulation of viral genome replication,M1,1,0
19_GO:0019079,1,-3.4,GO:0019079,viral genome replication,M1,1,0
19_GO:0030851,1,-2.2,GO:0030851,granulocyte differentiation,M1,1,0
11_M118,1,-2.7,M118,PID INTEGRIN A9B1 PATHWAY,M1,1,0
19_GO:0002521,1,-6.8,GO:0002521,leukocyte differentiation,M1,1,0
19_GO:0045834,1,-3.4,GO:0045834,positive regulation of lipid metabolic process,M1,1,0
19_GO:0042310,1,-2.2,GO:0042310,vasoconstriction,M1,1,0
6_R-HSA-382551,1,-3.4,R-HSA-382551,Transport of small molecules,M1,1,0
19_GO:0046631,1,-3.6,GO:0046631,alpha-beta T cell activation,M1,1,0
19_GO:0098586,1,-2.1,GO:0098586,cellular response to virus,M1,1,0
19_GO:0043299,1,-3.8,GO:0043299,leukocyte degranulation,M1,1,0
19_GO:0001660,1,-4.4,GO:0001660,fever generation,M1,1,0
19_GO:0033138,1,-2.7,GO:0033138,positive regulation of peptidyl-serine phosphorylation,M1,1,0
19_GO:0032990,1,-2.6,GO:0032990,cell part morphogenesis,M1,1,0
19_GO:0006936,1,-2.2,GO:0006936,muscle contraction,M1,1,0
19_GO:0051607,1,-4.6,GO:0051607,defense response to virus,M1,1,0
19_GO:0071346,1,-7.7,GO:0071346,cellular response to interferon-gamma,M1,1,0
19_GO:0034599,1,-2.5,GO:0034599,cellular response to oxidative stress,M1,1,0
24_hsa05321,1,-4.1,hsa05321,Inflammatory bowel disease (IBD),M1,1,0
19_GO:0046007,1,-2.8,GO:0046007,negative regulation of activated T cell proliferation,M1,1,0
19_GO:0006873,1,-2.4,GO:0006873,cellular ion homeostasis,M1,1,0
19_GO:0048708,1,-2.1,GO:0048708,astrocyte differentiation,M1,1,0
19_GO:0042116,1,-5.9,GO:0042116,macrophage activation,M1,1,0
19_GO:0048002,1,-2,GO:0048002,antigen processing and presentation of peptide antigen,M1,1,0
19_GO:0034109,1,-2,GO:0034109,homotypic cell-cell adhesion,M1,1,0
19_GO:0003413,1,-3.3,GO:0003413,chondrocyte differentiation involved in endochondral bone morphogenesis,M1,1,0
19_GO:0001819,1,-8.4,GO:0001819,positive regulation of cytokine production,M1,1,0
24_hsa04723,1,-2.8,hsa04723,Retrograde endocannabinoid signaling,M1,1,0
19_GO:0045824,1,-2,GO:0045824,negative regulation of innate immune response,M1,1,0
19_GO:1903708,1,-2.5,GO:1903708,positive regulation of hemopoiesis,M1,1,0
19_GO:0008285,1,-4.4,GO:0008285,negative regulation of cell proliferation,M1,1,0
19_GO:1905517,1,-2.2,GO:1905517,macrophage migration,M1,1,0
19_GO:0090077,1,-2.1,GO:0090077,foam cell differentiation,M1,1,0
6_R-HSA-445717,1,-2.3,R-HSA-445717,Aquaporin-mediated transport,M1,1,0
19_GO:0030098,1,-3.9,GO:0030098,lymphocyte differentiation,M1,1,0
6_R-HSA-447115,1,-2.1,R-HSA-447115,Interleukin-12 family signaling,M1,1,0
6_R-HSA-1592389,1,-2.2,R-HSA-1592389,Activation of Matrix Metalloproteinases,M1,1,0
19_GO:0002347,1,-3.9,GO:0002347,response to tumor cell,M1,1,0
24_hsa04630,1,-4.4,hsa04630,Jak-STAT signaling pathway,M1,1,0
11_M15,1,-3.2,M15,PID LYSOPHOSPHOLIPID PATHWAY,M1,1,0
6_R-HSA-180292,1,-2.2,R-HSA-180292,GAB1 signalosome,M1,1,0
19_GO:0003091,1,-2.1,GO:0003091,renal water homeostasis,M1,1,0
11_M264,1,-3.7,M264,PID TOLL ENDOGENOUS PATHWAY,M1,1,0
19_GO:0090092,1,-2.1,GO:0090092,regulation of transmembrane receptor protein serine/threonine kinase signaling pathway,M1,1,0
19_GO:0030593,1,-6.3,GO:0030593,neutrophil chemotaxis,M1,1,0
11_M11736,1,-4.9,M11736,SA MMP CYTOKINE CONNECTION,M1,1,0
19_GO:0018108,1,-9.2,GO:0018108,peptidyl-tyrosine phosphorylation,M1,1,0
19_GO:2001280,1,-3.3,GO:2001280,positive regulation of unsaturated fatty acid biosynthetic process,M1,1,0
19_GO:0002250,1,-2.9,GO:0002250,adaptive immune response,M1,1,0
6_R-HSA-5660526,1,-3.7,R-HSA-5660526,Response to metal ions,M1,1,0
19_GO:0045410,1,-3.6,GO:0045410,positive regulation of interleukin-6 biosynthetic process,M1,1,0
19_GO:0060219,1,-2.1,GO:0060219,camera-type eye photoreceptor cell differentiation,M1,1,0
24_hsa05330,1,-2.9,hsa05330,Allograft rejection,M1,1,0
19_GO:0030029,1,-2.3,GO:0030029,actin filament-based process,M1,1,0
19_GO:0045861,1,-2.2,GO:0045861,negative regulation of proteolysis,M1,1,0
19_GO:0010742,1,-2.1,GO:0010742,macrophage derived foam cell differentiation,M1,1,0
19_GO:0097696,1,-4.7,GO:0097696,STAT cascade,M1,1,0
19_GO:0097237,1,-2.9,GO:0097237,cellular response to toxic substance,M1,1,0
11_M234,1,-2.4,M234,PID IL2 STAT5 PATHWAY,M1,1,0
19_GO:0050688,1,-3.7,GO:0050688,regulation of defense response to virus,M1,1,0
19_GO:0010876,1,-2.8,GO:0010876,lipid localization,M1,1,0
19_GO:0046879,1,-3.6,GO:0046879,hormone secretion,M1,1,0
19_GO:0045765,1,-7.5,GO:0045765,regulation of angiogenesis,M1,1,0
19_GO:0043270,1,-2.9,GO:0043270,positive regulation of ion transport,M1,1,0
19_GO:1990868,1,-4.3,GO:1990868,response to chemokine,M1,1,0
19_GO:2001237,1,-2.1,GO:2001237,negative regulation of extrinsic apoptotic signaling pathway,M1,1,0
19_GO:0043065,1,-3,GO:0043065,positive regulation of apoptotic process,M1,1,0
19_GO:0032479,1,-3.3,GO:0032479,regulation of type I interferon production,M1,1,0
19_GO:0060251,1,-2.2,GO:0060251,regulation of glial cell proliferation,M1,1,0
19_GO:0006957,1,-2.3,GO:0006957,"complement activation, alternative pathway",M1,1,0
19_GO:0007160,1,-3.3,GO:0007160,cell-matrix adhesion,M1,1,0
19_GO:0045785,1,-8.7,GO:0045785,positive regulation of cell adhesion,M1,1,0
24_hsa05143,1,-4,hsa05143,African trypanosomiasis,M1,1,0
6_R-HSA-6785631,1,-2.4,R-HSA-6785631,ERBB2 Regulates Cell Motility,M1,1,0
19_GO:0098771,1,-3,GO:0098771,inorganic ion homeostasis,M1,1,0
19_GO:0030855,1,-3.2,GO:0030855,epithelial cell differentiation,M1,1,0
19_GO:0030195,1,-2.2,GO:0030195,negative regulation of blood coagulation,M1,1,0
19_GO:0015850,1,-2.2,GO:0015850,organic hydroxy compound transport,M1,1,0
19_GO:0032963,1,-5.1,GO:0032963,collagen metabolic process,M1,1,0
6_R-HSA-909733,1,-4.7,R-HSA-909733,Interferon alpha/beta signaling,M1,1,0
19_GO:0045859,1,-3.7,GO:0045859,regulation of protein kinase activity,M1,1,0
6_R-HSA-5686938,1,-2.1,R-HSA-5686938,Regulation of TLR by endogenous ligand,M1,1,0
19_GO:0002221,1,-2.3,GO:0002221,pattern recognition receptor signaling pathway,M1,1,0
6_R-HSA-5676594,1,-3.3,R-HSA-5676594,TNF receptor superfamily (TNFSF) members mediating non-canonical NF-kB pathway,M1,1,0
24_hsa05146,1,-5.9,hsa05146,Amoebiasis,M1,1,0
19_GO:0010035,1,-6.9,GO:0010035,response to inorganic substance,M1,1,0
19_GO:0098969,1,-3.3,GO:0098969,neurotransmitter receptor transport to postsynaptic membrane,M1,1,0
19_GO:0045076,1,-2.1,GO:0045076,regulation of interleukin-2 biosynthetic process,M1,1,0
19_GO:0000302,1,-3.7,GO:0000302,response to reactive oxygen species,M1,1,0
19_GO:0002573,1,-3.7,GO:0002573,myeloid leukocyte differentiation,M1,1,0
11_M122,1,-2.2,M122,PID IL2 1PATHWAY,M1,1,0
19_GO:0052548,1,-4.6,GO:0052548,regulation of endopeptidase activity,M1,1,0
6_R-HSA-186797,1,-3.6,R-HSA-186797,Signaling by PDGF,M1,1,0
19_GO:1903540,1,-3.2,GO:1903540,establishment of protein localization to postsynaptic membrane,M1,1,0
19_GO:0019058,1,-3.4,GO:0019058,viral life cycle,M1,1,0
19_GO:1903706,1,-3,GO:1903706,regulation of hemopoiesis,M1,1,0
19_GO:0048305,1,-2.8,GO:0048305,immunoglobulin secretion,M1,1,0
19_GO:0032680,1,-2.5,GO:0032680,regulation of tumor necrosis factor production,M1,1,0
19_GO:0002683,1,-4,GO:0002683,negative regulation of immune system process,M1,1,0
19_GO:0050884,1,-3.4,GO:0050884,neuromuscular process controlling posture,M1,1,0
19_GO:0070201,1,-5.8,GO:0070201,regulation of establishment of protein localization,M1,1,0
19_GO:0048546,1,-2.4,GO:0048546,digestive tract morphogenesis,M1,1,0
24_hsa05202,1,-4.3,hsa05202,Transcriptional misregulation in cancer,M1,1,0
19_GO:0002694,1,-7.2,GO:0002694,regulation of leukocyte activation,M1,1,0
19_GO:0150078,1,-3.3,GO:0150078,positive regulation of neuroinflammatory response,M1,1,0
19_GO:0045923,1,-2.9,GO:0045923,positive regulation of fatty acid metabolic process,M1,1,0
19_GO:0048017,1,-3.6,GO:0048017,inositol lipid-mediated signaling,M1,1,0
19_GO:0006816,1,-2.8,GO:0006816,calcium ion transport,M1,1,0
19_GO:1990869,1,-4.3,GO:1990869,cellular response to chemokine,M1,1,0
19_GO:0010544,1,-2.1,GO:0010544,negative regulation of platelet activation,M1,1,0
19_GO:0061844,1,-3,GO:0061844,antimicrobial humoral immune response mediated by antimicrobial peptide,M1,1,0
19_GO:0030224,1,-2.1,GO:0030224,monocyte differentiation,M1,1,0
19_GO:0043524,1,-2.3,GO:0043524,negative regulation of neuron apoptotic process,M1,1,0
19_GO:0097193,1,-4.1,GO:0097193,intrinsic apoptotic signaling pathway,M1,1,0
19_GO:0035150,1,-3.5,GO:0035150,regulation of tube size,M1,1,0
19_GO:0031650,1,-3.9,GO:0031650,regulation of heat generation,M1,1,0
19_GO:0035456,1,-2.5,GO:0035456,response to interferon-beta,M1,1,0
19_GO:0003012,1,-2.5,GO:0003012,muscle system process,M1,1,0
19_GO:0031649,1,-4.6,GO:0031649,heat generation,M1,1,0
19_GO:0002367,1,-7.2,GO:0002367,cytokine production involved in immune response,M1,1,0
19_GO:0030258,1,-3.1,GO:0030258,lipid modification,M1,1,0
19_GO:0035020,1,-2.5,GO:0035020,regulation of Rac protein signal transduction,M1,1,0
19_GO:0050709,1,-2.4,GO:0050709,negative regulation of protein secretion,M1,1,0
19_GO:1903523,1,-2.9,GO:1903523,negative regulation of blood circulation,M1,1,0
19_GO:2001239,1,-2.4,GO:2001239,regulation of extrinsic apoptotic signaling pathway in absence of ligand,M1,1,0
19_GO:0032652,1,-2.1,GO:0032652,regulation of interleukin-1 production,M1,1,0
19_GO:0048143,1,-3.6,GO:0048143,astrocyte activation,M1,1,0
19_GO:0032729,1,-4.1,GO:0032729,positive regulation of interferon-gamma production,M1,1,0
11_M91,1,-2.6,M91,PID TCPTP PATHWAY,M1,1,0
19_GO:0046649,1,-7.2,GO:0046649,lymphocyte activation,M1,1,0
19_GO:0050878,1,-3.8,GO:0050878,regulation of body fluid levels,M1,1,0
19_GO:0032570,1,-2.5,GO:0032570,response to progesterone,M1,1,0
19_GO:0009636,1,-7.6,GO:0009636,response to toxic substance,M1,1,0
6_R-HSA-112315,1,-3,R-HSA-112315,Transmission across Chemical Synapses,M1,1,0
19_GO:2000401,1,-3.3,GO:2000401,regulation of lymphocyte migration,M1,1,0
19_GO:0016102,1,-2.9,GO:0016102,diterpenoid biosynthetic process,M1,1,0
11_M201,1,-2.4,M201,PID ERBB NETWORK PATHWAY,M1,1,0
11_M36,1,-4.8,M36,PID IL27 PATHWAY,M1,1,0
19_GO:0072507,1,-2.3,GO:0072507,divalent inorganic cation homeostasis,M1,1,0
19_GO:0043312,1,-3.3,GO:0043312,neutrophil degranulation,M1,1,0
19_GO:0032964,1,-2.2,GO:0032964,collagen biosynthetic process,M1,1,0
24_hsa05164,1,-4.5,hsa05164,Influenza A,M1,1,0
19_GO:1905954,1,-4.1,GO:1905954,positive regulation of lipid localization,M1,1,0
6_R-HSA-913531,1,-5.7,R-HSA-913531,Interferon Signaling,M1,1,0
19_GO:0010466,1,-3.1,GO:0010466,negative regulation of peptidase activity,M1,1,0
19_GO:0008627,1,-3.3,GO:0008627,intrinsic apoptotic signaling pathway in response to osmotic stress,M1,1,0
19_GO:0031346,1,-2.7,GO:0031346,positive regulation of cell projection organization,M1,1,0
19_GO:0031960,1,-3,GO:0031960,response to corticosteroid,M1,1,0
6_R-HSA-2022090,1,-7.1,R-HSA-2022090,Assembly of collagen fibrils and other multimeric structures,M1,1,0
19_GO:0043269,1,-4.1,GO:0043269,regulation of ion transport,M1,1,0
19_GO:0001818,1,-5,GO:0001818,negative regulation of cytokine production,M1,1,0
19_GO:0050715,1,-4.9,GO:0050715,positive regulation of cytokine secretion,M1,1,0
19_GO:0003414,1,-4.5,GO:0003414,chondrocyte morphogenesis involved in endochondral bone morphogenesis,M1,1,0
19_GO:0032414,1,-2.1,GO:0032414,positive regulation of ion transmembrane transporter activity,M1,1,0
19_GO:0048659,1,-2.8,GO:0048659,smooth muscle cell proliferation,M1,1,0
19_GO:0007620,1,-2,GO:0007620,copulation,M1,1,0
19_GO:0098887,1,-2.8,GO:0098887,"neurotransmitter receptor transport, endosome to postsynaptic membrane",M1,1,0
19_GO:2001240,1,-3,GO:2001240,negative regulation of extrinsic apoptotic signaling pathway in absence of ligand,M1,1,0
19_GO:0002922,1,-3.2,GO:0002922,positive regulation of humoral immune response,M1,1,0
19_GO:0045723,1,-2.9,GO:0045723,positive regulation of fatty acid biosynthetic process,M1,1,0
24_hsa04713,1,-2.3,hsa04713,Circadian entrainment,M1,1,0
19_GO:1904035,1,-3,GO:1904035,regulation of epithelial cell apoptotic process,M1,1,0
19_GO:0061082,1,-2.3,GO:0061082,myeloid leukocyte cytokine production,M1,1,0
19_GO:0001774,1,-3.2,GO:0001774,microglial cell activation,M1,1,0
19_GO:0032613,1,-2.2,GO:0032613,interleukin-10 production,M1,1,0
19_GO:0070286,1,-2.3,GO:0070286,axonemal dynein complex assembly,M1,1,0
19_GO:0008217,1,-4.9,GO:0008217,regulation of blood pressure,M1,1,0
19_GO:0042759,1,-2.4,GO:0042759,long-chain fatty acid biosynthetic process,M1,1,0
19_GO:0034341,1,-9.2,GO:0034341,response to interferon-gamma,M1,1,0
19_GO:0019221,1,-22,GO:0019221,cytokine-mediated signaling pathway,M1,1,0
19_GO:0010224,1,-3.4,GO:0010224,response to UV-B,M1,1,0
19_GO:0006909,1,-2.4,GO:0006909,phagocytosis,M1,1,0
19_GO:0099632,1,-2.6,GO:0099632,protein transport within plasma membrane,M1,1,0
19_GO:0050792,1,-2.6,GO:0050792,regulation of viral process,M1,1,0
19_GO:0036230,1,-3.4,GO:0036230,granulocyte activation,M1,1,0
19_GO:0051806,1,-3.7,GO:0051806,entry into cell of other organism involved in symbiotic interaction,M1,1,0
24_hsa05322,1,-2.6,hsa05322,Systemic lupus erythematosus,M1,1,0
19_GO:0042063,1,-3.6,GO:0042063,gliogenesis,M1,1,0
19_GO:0042531,1,-5.4,GO:0042531,positive regulation of tyrosine phosphorylation of STAT protein,M1,1,0
19_GO:0014009,1,-3.1,GO:0014009,glial cell proliferation,M1,1,0
19_GO:0010273,1,-2.4,GO:0010273,detoxification of copper ion,M1,1,0
19_GO:0071887,1,-2.1,GO:0071887,leukocyte apoptotic process,M1,1,0
6_R-HSA-5684996,1,-4.3,R-HSA-5684996,MAPK1/MAPK3 signaling,M1,1,0
6_R-HSA-8983432,1,-2.5,R-HSA-8983432,Interleukin-15 signaling,M1,1,0
19_GO:0033559,1,-2.5,GO:0033559,unsaturated fatty acid metabolic process,M1,1,0
19_GO:0042089,1,-4.1,GO:0042089,cytokine biosynthetic process,M1,1,0
24_hsa04512,1,-2.7,hsa04512,ECM-receptor interaction,M1,1,0
19_GO:0061098,1,-2.9,GO:0061098,positive regulation of protein tyrosine kinase activity,M1,1,0
19_GO:0033273,1,-2.4,GO:0033273,response to vitamin,M1,1,0
19_GO:0097484,1,-2.2,GO:0097484,dendrite extension,M1,1,0
19_GO:0030225,1,-3.4,GO:0030225,macrophage differentiation,M1,1,0
19_GO:0032412,1,-2.3,GO:0032412,regulation of ion transmembrane transporter activity,M1,1,0
19_GO:0032642,1,-4.1,GO:0032642,regulation of chemokine production,M1,1,0
19_GO:1902105,1,-2.5,GO:1902105,regulation of leukocyte differentiation,M1,1,0
19_GO:0030157,1,-2.7,GO:0030157,pancreatic juice secretion,M1,1,0
19_GO:0033604,1,-2.4,GO:0033604,negative regulation of catecholamine secretion,M1,1,0
6_R-HSA-381426,1,-2.2,R-HSA-381426,Regulation of Insulin-like Growth Factor (IGF) transport and uptake by Insulin-like Growth Factor Bi,M1,1,0
24_hsa04727,1,-2.5,hsa04727,GABAergic synapse,M1,1,0
19_GO:0046634,1,-3,GO:0046634,regulation of alpha-beta T cell activation,M1,1,0
11_M196,1,-4.9,M196,PID IL23 PATHWAY,M1,1,0
19_GO:0006875,1,-2.9,GO:0006875,cellular metal ion homeostasis,M1,1,0
19_GO:0050671,1,-6,GO:0050671,positive regulation of lymphocyte proliferation,M1,1,0
24_hsa05142,1,-4.1,hsa05142,Chagas disease (American trypanosomiasis),M1,1,0
19_GO:0042226,1,-3.4,GO:0042226,interleukin-6 biosynthetic process,M1,1,0
19_GO:0033002,1,-3.1,GO:0033002,muscle cell proliferation,M1,1,0
19_GO:0045655,1,-2,GO:0045655,regulation of monocyte differentiation,M1,1,0
19_GO:0050769,1,-4.3,GO:0050769,positive regulation of neurogenesis,M1,1,0
24_hsa04145,1,-2.2,hsa04145,Phagosome,M1,1,0
19_GO:0099637,1,-2.6,GO:0099637,neurotransmitter receptor transport,M1,1,0
19_GO:0034375,1,-2.2,GO:0034375,high-density lipoprotein particle remodeling,M1,1,0
19_GO:0002440,1,-3.6,GO:0002440,production of molecular mediator of immune response,M1,1,0
24_hsa04940,1,-5.4,hsa04940,Type I diabetes mellitus,M1,1,0
11_M160,1,-4.4,M160,PID AVB3 INTEGRIN PATHWAY,M1,1,0
19_GO:0032649,1,-5.7,GO:0032649,regulation of interferon-gamma production,M1,1,0
19_GO:0060760,1,-2.8,GO:0060760,positive regulation of response to cytokine stimulus,M1,1,0
19_GO:0097300,1,-2.4,GO:0097300,programmed necrotic cell death,M1,1,0
19_GO:0018212,1,-9.1,GO:0018212,peptidyl-tyrosine modification,M1,1,0
19_GO:0072531,1,-2.9,GO:0072531,pyrimidine-containing compound transmembrane transport,M1,1,0
19_GO:0050708,1,-7.6,GO:0050708,regulation of protein secretion,M1,1,0
19_GO:1902932,1,-2.5,GO:1902932,positive regulation of alcohol biosynthetic process,M1,1,0
19_GO:0046006,1,-3.8,GO:0046006,regulation of activated T cell proliferation,M1,1,0
19_GO:0071276,1,-2.1,GO:0071276,cellular response to cadmium ion,M1,1,0
19_GO:0055118,1,-3.3,GO:0055118,negative regulation of cardiac muscle contraction,M1,1,0
19_GO:0002685,1,-5.7,GO:0002685,regulation of leukocyte migration,M1,1,0
19_GO:1903793,1,-2.3,GO:1903793,positive regulation of anion transport,M1,1,0
19_GO:0050728,1,-2.4,GO:0050728,negative regulation of inflammatory response,M1,1,0
24_hsa04620,1,-2.7,hsa04620,Toll-like receptor signaling pathway,M1,1,0
19_GO:0040008,1,-3.6,GO:0040008,regulation of growth,M1,1,0
19_GO:0045988,1,-2.9,GO:0045988,negative regulation of striated muscle contraction,M1,1,0
19_GO:0035723,1,-2.6,GO:0035723,interleukin-15-mediated signaling pathway,M1,1,0
19_GO:0006766,1,-3.1,GO:0006766,vitamin metabolic process,M1,1,0
19_GO:0002526,1,-4.5,GO:0002526,acute inflammatory response,M1,1,0
19_GO:0072511,1,-2.2,GO:0072511,divalent inorganic cation transport,M1,1,0
19_GO:1900047,1,-2.2,GO:1900047,negative regulation of hemostasis,M1,1,0
19_GO:0036363,1,-3.1,GO:0036363,transforming growth factor beta activation,M1,1,0
19_GO:2001259,1,-2.4,GO:2001259,positive regulation of cation channel activity,M1,1,0
19_GO:1904064,1,-2.3,GO:1904064,positive regulation of cation transmembrane transport,M1,1,0
24_hsa05323,1,-11,hsa05323,Rheumatoid arthritis,M1,1,0
19_GO:0042129,1,-6.4,GO:0042129,regulation of T cell proliferation,M1,1,0
19_GO:0006935,1,-9.9,GO:0006935,chemotaxis,M1,1,0
19_GO:0090171,1,-4.5,GO:0090171,chondrocyte morphogenesis,M1,1,0
6_R-HSA-1296041,1,-2.7,R-HSA-1296041,Activation of G protein gated Potassium channels,M1,1,0
19_GO:1902219,1,-4,GO:1902219,negative regulation of intrinsic apoptotic signaling pathway in response to osmotic stress,M1,1,0
19_GO:0032677,1,-2.9,GO:0032677,regulation of interleukin-8 production,M1,1,0
19_GO:0070372,1,-3.4,GO:0070372,regulation of ERK1 and ERK2 cascade,M1,1,0
19_GO:0051235,1,-3,GO:0051235,maintenance of location,M1,1,0
19_GO:0098868,1,-3.3,GO:0098868,bone growth,M1,1,0
19_GO:0008016,1,-2.4,GO:0008016,regulation of heart contraction,M1,1,0
19_GO:0002699,1,-2.9,GO:0002699,positive regulation of immune effector process,M1,1,0
19_GO:0051957,1,-2.2,GO:0051957,positive regulation of amino acid transport,M1,1,0
19_GO:0003417,1,-3,GO:0003417,growth plate cartilage development,M1,1,0
19_GO:0045055,1,-5.9,GO:0045055,regulated exocytosis,M1,1,0
19_GO:0014068,1,-5.5,GO:0014068,positive regulation of phosphatidylinositol 3-kinase signaling,M1,1,0
19_GO:0032612,1,-3.6,GO:0032612,interleukin-1 production,M1,1,0
19_GO:0062013,1,-2.2,GO:0062013,positive regulation of small molecule metabolic process,M1,1,0
6_R-HSA-373076,1,-4.9,R-HSA-373076,Class A/1 (Rhodopsin-like receptors),M1,1,0
19_GO:0097529,1,-5.3,GO:0097529,myeloid leukocyte migration,M1,1,0
19_GO:0048246,1,-2.9,GO:0048246,macrophage chemotaxis,M1,1,0
19_GO:0002720,1,-2.2,GO:0002720,positive regulation of cytokine production involved in immune response,M1,1,0
6_R-HSA-451927,1,-3.4,R-HSA-451927,Interleukin-2 family signaling,M1,1,0
19_GO:0002718,1,-5.6,GO:0002718,regulation of cytokine production involved in immune response,M1,1,0
19_GO:0031652,1,-4.2,GO:0031652,positive regulation of heat generation,M1,1,0
19_GO:0046651,1,-6.7,GO:0046651,lymphocyte proliferation,M1,1,0
19_GO:2000351,1,-2.6,GO:2000351,regulation of endothelial cell apoptotic process,M1,1,0
24_hsa04514,1,-5.4,hsa04514,Cell adhesion molecules (CAMs),M1,1,0
24_hsa04062,1,-4.3,hsa04062,Chemokine signaling pathway,M1,1,0
11_M124,1,-2.7,M124,PID CXCR4 PATHWAY,M1,1,0
11_M3468,1,-6.5,M3468,NABA ECM REGULATORS,M1,1,0
19_GO:0002792,1,-3.3,GO:0002792,negative regulation of peptide secretion,M1,1,0
19_GO:2001233,1,-4.4,GO:2001233,regulation of apoptotic signaling pathway,M1,1,0
19_GO:0090196,1,-2.2,GO:0090196,regulation of chemokine secretion,M1,1,0
19_GO:0032689,1,-2.2,GO:0032689,negative regulation of interferon-gamma production,M1,1,0
19_GO:2000106,1,-2,GO:2000106,regulation of leukocyte apoptotic process,M1,1,0
24_hsa05414,1,-3.1,hsa05414,Dilated cardiomyopathy,M1,1,0
19_GO:0071695,1,-3,GO:0071695,anatomical structure maturation,M1,1,0
19_GO:0150077,1,-6.7,GO:0150077,regulation of neuroinflammatory response,M1,1,0
19_GO:1903039,1,-8.5,GO:1903039,positive regulation of leukocyte cell-cell adhesion,M1,1,0
6_R-HSA-1963642,1,-2.3,R-HSA-1963642,PI3K events in ERBB2 signaling,M1,1,0
19_GO:0006836,1,-2.1,GO:0006836,neurotransmitter transport,M1,1,0
6_R-HSA-1650814,1,-3.2,R-HSA-1650814,Collagen biosynthesis and modifying enzymes,M1,1,0
19_GO:0050806,1,-2.4,GO:0050806,positive regulation of synaptic transmission,M1,1,0
19_GO:1902218,1,-3.7,GO:1902218,regulation of intrinsic apoptotic signaling pathway in response to osmotic stress,M1,1,0
19_GO:0060644,1,-2.2,GO:0060644,mammary gland epithelial cell differentiation,M1,1,0
19_GO:0032757,1,-4,GO:0032757,positive regulation of interleukin-8 production,M1,1,0
19_GO:0010817,1,-3.9,GO:0010817,regulation of hormone levels,M1,1,0
6_R-HSA-1474244,1,-7.8,R-HSA-1474244,Extracellular matrix organization,M1,1,0
19_GO:0002263,1,-3.6,GO:0002263,cell activation involved in immune response,M1,1,0
19_GO:0070482,1,-2.2,GO:0070482,response to oxygen levels,M1,1,0
24_hsa04060,1,-15,hsa04060,Cytokine-cytokine receptor interaction,M1,1,0
6_R-HSA-6783783,1,-13,R-HSA-6783783,Interleukin-10 signaling,M1,1,0
19_GO:0070661,1,-7.9,GO:0070661,leukocyte proliferation,M1,1,0
19_GO:0038034,1,-2.3,GO:0038034,signal transduction in absence of ligand,M1,1,0
19_GO:1902287,1,-2.7,GO:1902287,semaphorin-plexin signaling pathway involved in axon guidance,M1,1,0
19_GO:0090100,1,-2.1,GO:0090100,positive regulation of transmembrane receptor protein serine/threonine kinase signaling pathway,M1,1,0
19_GO:0030595,1,-7.5,GO:0030595,leukocyte chemotaxis,M1,1,0
19_GO:0060337,1,-2.9,GO:0060337,type I interferon signaling pathway,M1,1,0
6_R-HSA-375276,1,-6,R-HSA-375276,Peptide ligand-binding receptors,M1,1,0
6_R-HSA-3000178,1,-3.6,R-HSA-3000178,ECM proteoglycans,M1,1,0
19_GO:0048545,1,-3,GO:0048545,response to steroid hormone,M1,1,0
19_GO:0043903,1,-2.4,GO:0043903,"regulation of symbiosis, encompassing mutualism through parasitism",M1,1,0
24_hsa05219,1,-2.7,hsa05219,Bladder cancer,M1,1,0
24_hsa04020,1,-2.6,hsa04020,Calcium signaling pathway,M1,1,0
6_R-HSA-8863795,1,-2.5,R-HSA-8863795,Downregulation of ERBB2 signaling,M1,1,0
19_GO:0002460,1,-3.8,GO:0002460,adaptive immune response based on somatic recombination of immune receptors built from immunoglobuli,M1,1,0
6_R-HSA-1442490,1,-9,R-HSA-1442490,Collagen degradation,M1,1,0
19_GO:1904468,1,-2.8,GO:1904468,negative regulation of tumor necrosis factor secretion,M1,1,0
19_GO:0002821,1,-4,GO:0002821,positive regulation of adaptive immune response,M1,1,0
19_GO:0031622,1,-3.5,GO:0031622,positive regulation of fever generation,M1,1,0
19_GO:0010720,1,-3.6,GO:0010720,positive regulation of cell development,M1,1,0
19_GO:0032370,1,-3.4,GO:0032370,positive regulation of lipid transport,M1,1,0
19_GO:0071216,1,-13,GO:0071216,cellular response to biotic stimulus,M1,1,0
19_GO:0060047,1,-2.4,GO:0060047,heart contraction,M1,1,0
19_GO:0046677,1,-4.9,GO:0046677,response to antibiotic,M1,1,0
6_R-HSA-622312,1,-3.1,R-HSA-622312,Inflammasomes,M1,1,0
19_GO:0032602,1,-5.4,GO:0032602,chemokine production,M1,1,0
19_GO:0030073,1,-2.7,GO:0030073,insulin secretion,M1,1,0
6_R-HSA-174577,1,-3.3,R-HSA-174577,Activation of C3 and C5,M1,1,0
6_R-HSA-9006934,1,-2.1,R-HSA-9006934,Signaling by Receptor Tyrosine Kinases,M1,1,0
19_GO:0016322,1,-2.6,GO:0016322,neuron remodeling,M1,1,0
19_GO:0032715,1,-3.8,GO:0032715,negative regulation of interleukin-6 production,M1,1,0
11_M267,1,-3.4,M267,PID ANTHRAX PATHWAY,M1,1,0
19_GO:0002697,1,-4.9,GO:0002697,regulation of immune effector process,M1,1,0
19_GO:2001234,1,-5.4,GO:2001234,negative regulation of apoptotic signaling pathway,M1,1,0
19_GO:0060627,1,-4.2,GO:0060627,regulation of vesicle-mediated transport,M1,1,0
19_GO:0051769,1,-2,GO:0051769,regulation of nitric-oxide synthase biosynthetic process,M1,1,0
19_GO:0045596,1,-2,GO:0045596,negative regulation of cell differentiation,M1,1,0
11_M9174,1,-2.8,M9174,ST STAT3 PATHWAY,M1,1,0
19_GO:0050918,1,-4.8,GO:0050918,positive chemotaxis,M1,1,0
19_GO:0034199,1,-2.2,GO:0034199,activation of protein kinase A activity,M1,1,0
19_GO:1904892,1,-4,GO:1904892,regulation of STAT cascade,M1,1,0
24_hsa04974,1,-3.1,hsa04974,Protein digestion and absorption,M1,1,0
19_GO:1903530,1,-6.9,GO:1903530,regulation of secretion by cell,M1,1,0
19_GO:0046883,1,-3,GO:0046883,regulation of hormone secretion,M1,1,0
19_GO:0019216,1,-4.4,GO:0019216,regulation of lipid metabolic process,M1,1,0
19_GO:0071800,1,-2,GO:0071800,podosome assembly,M1,1,0
19_GO:0007268,1,-3,GO:0007268,chemical synaptic transmission,M1,1,0
19_GO:0042108,1,-4.8,GO:0042108,positive regulation of cytokine biosynthetic process,M1,1,0
19_GO:0032103,1,-7.2,GO:0032103,positive regulation of response to external stimulus,M1,1,0
19_GO:0043491,1,-5.1,GO:0043491,protein kinase B signaling,M1,1,0
19_GO:0042107,1,-4,GO:0042107,cytokine metabolic process,M1,1,0
19_GO:0050819,1,-2.1,GO:0050819,negative regulation of coagulation,M1,1,0
19_GO:0003085,1,-2.1,GO:0003085,negative regulation of systemic arterial blood pressure,M1,1,0
19_GO:0032615,1,-2.9,GO:0032615,interleukin-12 production,M1,1,0
19_GO:0002708,1,-2.1,GO:0002708,positive regulation of lymphocyte mediated immunity,M1,1,0
6_R-HSA-1227986,1,-2.3,R-HSA-1227986,Signaling by ERBB2,M1,1,0
19_GO:0070669,1,-2.5,GO:0070669,response to interleukin-2,M1,1,0
19_GO:0046427,1,-5.4,GO:0046427,positive regulation of JAK-STAT cascade,M1,1,0
19_GO:0050796,1,-2.7,GO:0050796,regulation of insulin secretion,M1,1,0
19_GO:0098754,1,-3.2,GO:0098754,detoxification,M1,1,0
24_hsa04659,1,-2,hsa04659,Th17 cell differentiation,M1,1,0
19_GO:0070663,1,-8.3,GO:0070663,regulation of leukocyte proliferation,M1,1,0
19_GO:0050830,1,-4,GO:0050830,defense response to Gram-positive bacterium,M1,1,0
19_GO:0006775,1,-2.6,GO:0006775,fat-soluble vitamin metabolic process,M1,1,0
19_GO:0036293,1,-2.1,GO:0036293,response to decreased oxygen levels,M1,1,0
19_GO:0035924,1,-3.1,GO:0035924,cellular response to vascular endothelial growth factor stimulus,M1,1,0
19_GO:0071621,1,-6.3,GO:0071621,granulocyte chemotaxis,M1,1,0
19_GO:0097501,1,-2.2,GO:0097501,stress response to metal ion,M1,1,0
19_GO:0045862,1,-2.2,GO:0045862,positive regulation of proteolysis,M1,1,0
19_GO:0045444,1,-2.4,GO:0045444,fat cell differentiation,M1,1,0
19_GO:0030099,1,-3,GO:0030099,myeloid cell differentiation,M1,1,0
11_M5885,1,-21,M5885,NABA MATRISOME ASSOCIATED,M1,1,0
19_GO:0008015,1,-7.8,GO:0008015,blood circulation,M1,1,0
19_GO:0023061,1,-3.6,GO:0023061,signal release,M1,1,0
24_hsa04015,1,-2.2,hsa04015,Rap1 signaling pathway,M1,1,0
19_GO:0045806,1,-2.4,GO:0045806,negative regulation of endocytosis,M1,1,0
19_GO:1904062,1,-2.8,GO:1904062,regulation of cation transmembrane transport,M1,1,0
19_GO:1903522,1,-3.5,GO:1903522,regulation of blood circulation,M1,1,0
19_GO:0045088,1,-3.3,GO:0045088,regulation of innate immune response,M1,1,0
19_GO:0048566,1,-3.1,GO:0048566,embryonic digestive tract development,M1,1,0
19_GO:0070098,1,-3.9,GO:0070098,chemokine-mediated signaling pathway,M1,1,0
19_GO:0090087,1,-6.4,GO:0090087,regulation of peptide transport,M1,1,0
19_GO:0098814,1,-2.8,GO:0098814,spontaneous synaptic transmission,M1,1,0
19_GO:0032611,1,-2.7,GO:0032611,interleukin-1 beta production,M1,1,0
19_GO:0001936,1,-2.1,GO:0001936,regulation of endothelial cell proliferation,M1,1,0
19_GO:0002791,1,-8.7,GO:0002791,regulation of peptide secretion,M1,1,0
19_GO:0032944,1,-8.1,GO:0032944,regulation of mononuclear cell proliferation,M1,1,0
19_GO:0098877,1,-3.3,GO:0098877,neurotransmitter receptor transport to plasma membrane,M1,1,0
19_GO:0030198,1,-12,GO:0030198,extracellular matrix organization,M1,1,0
19_GO:0055080,1,-3.1,GO:0055080,cation homeostasis,M1,1,0
19_GO:0051222,1,-4.7,GO:0051222,positive regulation of protein transport,M1,1,0
24_hsa05144,1,-6,hsa05144,Malaria,M1,1,0
19_GO:0071706,1,-2.9,GO:0071706,tumor necrosis factor superfamily cytokine production,M1,1,0
19_GO:0097746,1,-3.5,GO:0097746,regulation of blood vessel diameter,M1,1,0
19_GO:0050926,1,-2.6,GO:0050926,regulation of positive chemotaxis,M1,1,0
24_hsa05410,1,-2.6,hsa05410,Hypertrophic cardiomyopathy (HCM),M1,1,0
19_GO:0097530,1,-5.5,GO:0097530,granulocyte migration,M1,1,0
19_GO:0002673,1,-2,GO:0002673,regulation of acute inflammatory response,M1,1,0
19_GO:0072577,1,-2.5,GO:0072577,endothelial cell apoptotic process,M1,1,0
19_GO:1903037,1,-7.7,GO:1903037,regulation of leukocyte cell-cell adhesion,M1,1,0
6_R-HSA-9607240,1,-4,R-HSA-9607240,FLT3 Signaling,M1,1,0
19_GO:0043123,1,-3.1,GO:0043123,positive regulation of I-kappaB kinase/NF-kappaB signaling,M1,1,0
19_GO:0051590,1,-2,GO:0051590,positive regulation of neurotransmitter transport,M1,1,0
19_GO:0007169,1,-3.5,GO:0007169,transmembrane receptor protein tyrosine kinase signaling pathway,M1,1,0
19_GO:0042119,1,-3.5,GO:0042119,neutrophil activation,M1,1,0
24_hsa05166,1,-4.8,hsa05166,HTLV-I infection,M1,1,0
19_GO:0007159,1,-8.1,GO:0007159,leukocyte cell-cell adhesion,M1,1,0
19_GO:0032695,1,-2.3,GO:0032695,negative regulation of interleukin-12 production,M1,1,0
6_R-HSA-5661231,1,-2.8,R-HSA-5661231,Metallothioneins bind metals,M1,1,0
19_GO:0019730,1,-2.8,GO:0019730,antimicrobial humoral response,M1,1,0
19_GO:0099536,1,-2.9,GO:0099536,synaptic signaling,M1,1,0
19_GO:0010043,1,-2.2,GO:0010043,response to zinc ion,M1,1,0
6_R-HSA-2219530,1,-2.2,R-HSA-2219530,Constitutive Signaling by Aberrant PI3K in Cancer,M1,1,0
6_R-HSA-6785807,1,-12,R-HSA-6785807,Interleukin-4 and Interleukin-13 signaling,M1,1,0
19_GO:0043030,1,-2.9,GO:0043030,regulation of macrophage activation,M1,1,0
19_GO:0046209,1,-2,GO:0046209,nitric oxide metabolic process,M1,1,0
19_GO:0032102,1,-3.7,GO:0032102,negative regulation of response to external stimulus,M1,1,0
19_GO:0031348,1,-3.1,GO:0031348,negative regulation of defense response,M1,1,0
19_GO:0043062,1,-13,GO:0043062,extracellular structure organization,M1,1,0
19_GO:0051272,1,-7,GO:0051272,positive regulation of cellular component movement,M1,1,0
19_GO:0002824,1,-3.4,GO:0002824,positive regulation of adaptive immune response based on somatic recombination of immune receptors b,M1,1,0
19_GO:0051770,1,-2.4,GO:0051770,positive regulation of nitric-oxide synthase biosynthetic process,M1,1,0
6_R-HSA-997272,1,-2.7,R-HSA-997272,Inhibition  of voltage gated Ca2+ channels via Gbeta/gamma subunits,M1,1,0
19_GO:0015711,1,-3.3,GO:0015711,organic anion transport,M1,1,0
6_R-HSA-449836,1,-5.1,R-HSA-449836,Other interleukin signaling,M1,1,0
19_GO:1905952,1,-5,GO:1905952,regulation of lipid localization,M1,1,0
19_GO:0045776,1,-3.3,GO:0045776,negative regulation of blood pressure,M1,1,0
19_GO:1903555,1,-3,GO:1903555,regulation of tumor necrosis factor superfamily cytokine production,M1,1,0
6_R-HSA-9009391,1,-2.8,R-HSA-9009391,Extra-nuclear estrogen signaling,M1,1,0
19_GO:1903131,1,-2.1,GO:1903131,mononuclear cell differentiation,M1,1,0
19_GO:0050880,1,-3.5,GO:0050880,regulation of blood vessel size,M1,1,0
24_hsa04151,1,-6.2,hsa04151,PI3K-Akt signaling pathway,M1,1,0
19_GO:0003422,1,-4.3,GO:0003422,growth plate cartilage morphogenesis,M1,1,0
19_GO:0008630,1,-2.7,GO:0008630,intrinsic apoptotic signaling pathway in response to DNA damage,M1,1,0
24_hsa05152,1,-5,hsa05152,Tuberculosis,M1,1,0
11_M13,1,-2,M13,PID ERBB4 PATHWAY,M1,1,0
19_GO:2000147,1,-7.3,GO:2000147,positive regulation of cell motility,M1,1,0
19_GO:0003433,1,-3.8,GO:0003433,chondrocyte development involved in endochondral bone morphogenesis,M1,1,0
19_GO:0010976,1,-2.4,GO:0010976,positive regulation of neuron projection development,M1,1,0
19_GO:0090276,1,-3.1,GO:0090276,regulation of peptide hormone secretion,M1,1,0
19_GO:0032606,1,-3.3,GO:0032606,type I interferon production,M1,1,0
19_GO:0003015,1,-2.7,GO:0003015,heart process,M1,1,0
19_GO:0071466,1,-2.2,GO:0071466,cellular response to xenobiotic stimulus,M1,1,0
19_GO:0071496,1,-2.1,GO:0071496,cellular response to external stimulus,M1,1,0
19_GO:0032675,1,-5.9,GO:0032675,regulation of interleukin-6 production,M1,1,0
6_R-HSA-1250342,1,-2.9,R-HSA-1250342,PI3K events in ERBB4 signaling,M1,1,0
19_GO:0051249,1,-6.9,GO:0051249,regulation of lymphocyte activation,M1,1,0
19_GO:0015893,1,-2.5,GO:0015893,drug transport,M1,1,0
19_GO:1903038,1,-2.7,GO:1903038,negative regulation of leukocyte cell-cell adhesion,M1,1,0
19_GO:0006805,1,-3.4,GO:0006805,xenobiotic metabolic process,M1,1,0
19_GO:0051251,1,-5.8,GO:0051251,positive regulation of lymphocyte activation,M1,1,0
19_GO:0022898,1,-2.2,GO:0022898,regulation of transmembrane transporter activity,M1,1,0
19_GO:0061041,1,-2.3,GO:0061041,regulation of wound healing,M1,1,0
6_R-HSA-500792,1,-5,R-HSA-500792,GPCR ligand binding,M1,1,0
19_GO:0030168,1,-2.2,GO:0030168,platelet activation,M1,1,0
19_GO:0014013,1,-4,GO:0014013,regulation of gliogenesis,M1,1,0
19_GO:0006690,1,-2.4,GO:0006690,icosanoid metabolic process,M1,1,0
19_GO:0050777,1,-3.3,GO:0050777,negative regulation of immune response,M1,1,0
19_GO:0009635,1,-2.6,GO:0009635,response to herbicide,M1,1,0
19_GO:0051043,1,-2.8,GO:0051043,regulation of membrane protein ectodomain proteolysis,M1,1,0
19_GO:1990169,1,-2.4,GO:1990169,stress response to copper ion,M1,1,0
19_GO:0002224,1,-2.2,GO:0002224,toll-like receptor signaling pathway,M1,1,0
19_GO:0050727,1,-5.8,GO:0050727,regulation of inflammatory response,M1,1,0
19_GO:0071357,1,-2.9,GO:0071357,cellular response to type I interferon,M1,1,0
19_GO:0050670,1,-7.4,GO:0050670,regulation of lymphocyte proliferation,M1,1,0
11_M233,1,-2.2,M233,PID EPO PATHWAY,M1,1,0
19_GO:0150076,1,-7.1,GO:0150076,neuroinflammatory response,M1,1,0
19_GO:0050729,1,-5.1,GO:0050729,positive regulation of inflammatory response,M1,1,0
19_GO:0042110,1,-6.8,GO:0042110,T cell activation,M1,1,0
19_GO:0010574,1,-4.1,GO:0010574,regulation of vascular endothelial growth factor production,M1,1,0
19_GO:0046839,1,-2.1,GO:0046839,phospholipid dephosphorylation,M1,1,0
19_GO:0070293,1,-2.3,GO:0070293,renal absorption,M1,1,0
24_hsa05332,1,-5.6,hsa05332,Graft-versus-host disease,M1,1,0
19_GO:0050701,1,-2.6,GO:0050701,interleukin-1 secretion,M1,1,0
19_GO:0007259,1,-5,GO:0007259,JAK-STAT cascade,M1,1,0
19_GO:0048565,1,-3.7,GO:0048565,digestive tract development,M1,1,0
24_hsa04640,1,-7.6,hsa04640,Hematopoietic cell lineage,M1,1,0
19_GO:0050707,1,-7.3,GO:0050707,regulation of cytokine secretion,M1,1,0
6_R-HSA-512988,1,-3.2,R-HSA-512988,"Interleukin-3, Interleukin-5 and GM-CSF signaling",M1,1,0
19_GO:0002719,1,-2.7,GO:0002719,negative regulation of cytokine production involved in immune response,M1,1,0
19_GO:1902107,1,-2.3,GO:1902107,positive regulation of leukocyte differentiation,M1,1,0
19_GO:0071396,1,-7,GO:0071396,cellular response to lipid,M1,1,0
19_GO:0032943,1,-7.3,GO:0032943,mononuclear cell proliferation,M1,1,0
19_GO:0030183,1,-2.1,GO:0030183,B cell differentiation,M1,1,0
19_GO:0003073,1,-2.4,GO:0003073,regulation of systemic arterial blood pressure,M1,1,0
19_GO:0043410,1,-4.4,GO:0043410,positive regulation of MAPK cascade,M1,1,0
19_GO:0048247,1,-3.3,GO:0048247,lymphocyte chemotaxis,M1,1,0
19_GO:0048858,1,-2.7,GO:0048858,cell projection morphogenesis,M1,1,0
19_GO:0070371,1,-3.1,GO:0070371,ERK1 and ERK2 cascade,M1,1,0
19_GO:0048661,1,-2.8,GO:0048661,positive regulation of smooth muscle cell proliferation,M1,1,0
19_GO:0071352,1,-2.6,GO:0071352,cellular response to interleukin-2,M1,1,0
19_GO:0010934,1,-2.3,GO:0010934,macrophage cytokine production,M1,1,0
19_GO:0009611,1,-3.2,GO:0009611,response to wounding,M1,1,0
19_GO:0014066,1,-4.7,GO:0014066,regulation of phosphatidylinositol 3-kinase signaling,M1,1,0
19_GO:0032693,1,-2.2,GO:0032693,negative regulation of interleukin-10 production,M1,1,0
19_GO:0031295,1,-3.7,GO:0031295,T cell costimulation,M1,1,0
19_GO:0009991,1,-2.8,GO:0009991,response to extracellular stimulus,M1,1,0
19_GO:0031663,1,-2.8,GO:0031663,lipopolysaccharide-mediated signaling pathway,M1,1,0
19_GO:1901550,1,-2.5,GO:1901550,regulation of endothelial cell development,M1,1,0
19_GO:0022602,1,-3.3,GO:0022602,ovulation cycle process,M1,1,0
19_GO:0070665,1,-7.1,GO:0070665,positive regulation of leukocyte proliferation,M1,1,0
19_GO:0042178,1,-2.6,GO:0042178,xenobiotic catabolic process,M1,1,0
19_GO:0048145,1,-2,GO:0048145,regulation of fibroblast proliferation,M1,1,0
19_GO:0001666,1,-2.2,GO:0001666,response to hypoxia,M1,1,0
19_GO:0050865,1,-8.4,GO:0050865,regulation of cell activation,M1,1,0
19_GO:0055123,1,-3.4,GO:0055123,digestive system development,M1,1,0
19_GO:0060761,1,-2.1,GO:0060761,negative regulation of response to cytokine stimulus,M1,1,0
19_GO:0033674,1,-4.1,GO:0033674,positive regulation of kinase activity,M1,1,0
19_GO:0050804,1,-3.5,GO:0050804,modulation of chemical synaptic transmission,M1,1,0
19_GO:0014051,1,-3.1,GO:0014051,gamma-aminobutyric acid secretion,M1,1,0
6_R-HSA-6811558,1,-2.1,R-HSA-6811558,"PI5P, PP2A and IER3 Regulate PI3K/AKT Signaling",M1,1,0
19_GO:0002819,1,-4.9,GO:0002819,regulation of adaptive immune response,M1,1,0
6_R-HSA-448706,1,-3.3,R-HSA-448706,Interleukin-1 processing,M1,1,0
19_GO:0072604,1,-3.2,GO:0072604,interleukin-6 secretion,M1,1,0
19_GO:0050930,1,-2.5,GO:0050930,induction of positive chemotaxis,M1,1,0
19_GO:0048015,1,-3.7,GO:0048015,phosphatidylinositol-mediated signaling,M1,1,0
19_GO:0070374,1,-4,GO:0070374,positive regulation of ERK1 and ERK2 cascade,M1,1,0
24_hsa04657,1,-11,hsa04657,IL-17 signaling pathway,M1,1,0
19_GO:0002138,1,-3.1,GO:0002138,retinoic acid biosynthetic process,M1,1,0
19_GO:2000484,1,-2.4,GO:2000484,positive regulation of interleukin-8 secretion,M1,1,0
19_GO:0071229,1,-2.2,GO:0071229,cellular response to acid chemical,M1,1,0
19_GO:0055069,1,-2,GO:0055069,zinc ion homeostasis,M1,1,0
19_GO:0003418,1,-3.8,GO:0003418,growth plate cartilage chondrocyte differentiation,M1,1,0
19_GO:0051044,1,-3.6,GO:0051044,positive regulation of membrane protein ectodomain proteolysis,M1,1,0
19_GO:0048146,1,-2.3,GO:0048146,positive regulation of fibroblast proliferation,M1,1,0
19_GO:0007584,1,-2.5,GO:0007584,response to nutrient,M1,1,0
6_R-HSA-977444,1,-3.7,R-HSA-977444,GABA B receptor activation,M1,1,0
19_GO:0046887,1,-2.1,GO:0046887,positive regulation of hormone secretion,M1,1,0
6_R-HSA-418594,1,-4.9,R-HSA-418594,G alpha (i) signalling events,M1,1,0
19_GO:0090066,1,-2.1,GO:0090066,regulation of anatomical structure size,M1,1,0
19_GO:0090197,1,-2.4,GO:0090197,positive regulation of chemokine secretion,M1,1,0
19_GO:0006641,1,-2.7,GO:0006641,triglyceride metabolic process,M1,1,0
19_GO:0048589,1,-2.7,GO:0048589,developmental growth,M1,1,0
19_GO:0042304,1,-2.2,GO:0042304,regulation of fatty acid biosynthetic process,M1,1,0
19_GO:0042330,1,-9.9,GO:0042330,taxis,M1,1,0
19_GO:0050995,1,-3.9,GO:0050995,negative regulation of lipid catabolic process,M1,1,0
19_GO:0060326,1,-12,GO:0060326,cell chemotaxis,M1,1,0
19_GO:0030335,1,-7.8,GO:0030335,positive regulation of cell migration,M1,1,0
19_GO:0045069,1,-2.9,GO:0045069,regulation of viral genome replication,M1,1,0
19_GO:0099177,1,-3.5,GO:0099177,regulation of trans-synaptic signaling,M1,1,0
19_GO:0061448,1,-2.5,GO:0061448,connective tissue development,M1,1,0
19_GO:0030155,1,-9.5,GO:0030155,regulation of cell adhesion,M1,1,0
19_GO:2000403,1,-2.1,GO:2000403,positive regulation of lymphocyte migration,M1,1,0
19_GO:0010975,1,-2.1,GO:0010975,regulation of neuron projection development,M1,1,0
19_GO:0035747,1,-2.8,GO:0035747,natural killer cell chemotaxis,M1,1,0
19_GO:0048812,1,-2.9,GO:0048812,neuron projection morphogenesis,M1,1,0
19_GO:0097755,1,-2,GO:0097755,positive regulation of blood vessel diameter,M1,1,0
19_GO:0071801,1,-2.3,GO:0071801,regulation of podosome assembly,M1,1,0
19_GO:0032368,1,-2.7,GO:0032368,regulation of lipid transport,M1,1,0
19_GO:0060333,1,-5.3,GO:0060333,interferon-gamma-mediated signaling pathway,M1,1,0
24_hsa04621,1,-5.9,hsa04621,NOD-like receptor signaling pathway,M1,1,0
19_GO:0071634,1,-2.1,GO:0071634,regulation of transforming growth factor beta production,M1,1,0
19_GO:1903019,1,-2.2,GO:1903019,negative regulation of glycoprotein metabolic process,M1,1,0
24_hsa05133,1,-8,hsa05133,Pertussis,M1,1,0
19_GO:0071493,1,-3.3,GO:0071493,cellular response to UV-B,M1,1,0
19_GO:0010038,1,-4.2,GO:0010038,response to metal ion,M1,1,0
6_R-HSA-844456,1,-3.6,R-HSA-844456,The NLRP3 inflammasome,M1,1,0
19_GO:0002863,1,-2.7,GO:0002863,positive regulation of inflammatory response to antigenic stimulus,M1,1,0
6_R-HSA-1251985,1,-3.2,R-HSA-1251985,Nuclear signaling by ERBB4,M1,1,0
19_GO:0051924,1,-3.3,GO:0051924,regulation of calcium ion transport,M1,1,0
6_R-HSA-1474290,1,-6.2,R-HSA-1474290,Collagen formation,M1,1,0
19_GO:0001944,1,-8.1,GO:0001944,vasculature development,M1,1,0
6_R-HSA-2243919,1,-2.2,R-HSA-2243919,Crosslinking of collagen fibrils,M1,1,0
19_GO:0042035,1,-4.4,GO:0042035,regulation of cytokine biosynthetic process,M1,1,0
24_hsa05161,1,-3.5,hsa05161,Hepatitis B,M1,1,0
19_GO:0010573,1,-3.9,GO:0010573,vascular endothelial growth factor production,M1,1,0
19_GO:0051092,1,-2.2,GO:0051092,positive regulation of NF-kappaB transcription factor activity,M1,1,0
19_GO:0050921,1,-3.7,GO:0050921,positive regulation of chemotaxis,M1,1,0
19_GO:0071219,1,-13,GO:0071219,cellular response to molecule of bacterial origin,M1,1,0
19_GO:0009306,1,-8.3,GO:0009306,protein secretion,M1,1,0
19_GO:0032496,1,-12,GO:0032496,response to lipopolysaccharide,M1,1,0
19_GO:0072676,1,-4.5,GO:0072676,lymphocyte migration,M1,1,0
19_GO:0070997,1,-2.7,GO:0070997,neuron death,M1,1,0
19_GO:0017156,1,-2.2,GO:0017156,calcium ion regulated exocytosis,M1,1,0
19_GO:1903978,1,-2,GO:1903978,regulation of microglial cell activation,M1,1,0
19_GO:0050994,1,-2.2,GO:0050994,regulation of lipid catabolic process,M1,1,0
19_GO:0046718,1,-2.8,GO:0046718,viral entry into host cell,M1,1,0
24_hsa04510,1,-2.8,hsa04510,Focal adhesion,M1,1,0
24_hsa00770,1,-2.2,hsa00770,Pantothenate and CoA biosynthesis,M1,1,0
19_GO:0050920,1,-4,GO:0050920,regulation of chemotaxis,M1,1,0
24_hsa04915,1,-3.5,hsa04915,Estrogen signaling pathway,M1,1,0
19_GO:0050678,1,-3,GO:0050678,regulation of epithelial cell proliferation,M1,1,0
19_GO:0043122,1,-3.6,GO:0043122,regulation of I-kappaB kinase/NF-kappaB signaling,M1,1,0
19_GO:0050679,1,-2.7,GO:0050679,positive regulation of epithelial cell proliferation,M1,1,0
19_GO:0045639,1,-2.4,GO:0045639,positive regulation of myeloid cell differentiation,M1,1,0
19_GO:0007260,1,-6.4,GO:0007260,tyrosine phosphorylation of STAT protein,M1,1,0
19_GO:0021955,1,-2.2,GO:0021955,central nervous system neuron axonogenesis,M1,1,0
19_GO:2001243,1,-5,GO:2001243,negative regulation of intrinsic apoptotic signaling pathway,M1,1,0
19_GO:0035710,1,-2.4,GO:0035710,"CD4-positive, alpha-beta T cell activation",M1,1,0
19_GO:0001816,1,-14,GO:0001816,cytokine production,M1,1,0
19_GO:0051250,1,-2.8,GO:0051250,negative regulation of lymphocyte activation,M1,1,0
19_GO:0055065,1,-3.5,GO:0055065,metal ion homeostasis,M1,1,0
24_hsa04810,1,-2.1,hsa04810,Regulation of actin cytoskeleton,M1,1,0
19_GO:0060080,1,-2.2,GO:0060080,inhibitory postsynaptic potential,M1,1,0
19_GO:0050798,1,-3.4,GO:0050798,activated T cell proliferation,M1,1,0
19_GO:0042133,1,-2.2,GO:0042133,neurotransmitter metabolic process,M1,1,0
19_GO:0002675,1,-4.3,GO:0002675,positive regulation of acute inflammatory response,M1,1,0
19_GO:0001961,1,-2.3,GO:0001961,positive regulation of cytokine-mediated signaling pathway,M1,1,0
6_R-HSA-1296059,1,-2.7,R-HSA-1296059,G protein gated Potassium channels,M1,1,0
19_GO:0043281,1,-3,GO:0043281,regulation of cysteine-type endopeptidase activity involved in apoptotic process,M1,1,0
19_GO:0048667,1,-2.3,GO:0048667,cell morphogenesis involved in neuron differentiation,M1,1,0
19_GO:0007252,1,-2.2,GO:0007252,I-kappaB phosphorylation,M1,1,0
19_GO:1902532,1,-2.1,GO:1902532,negative regulation of intracellular signal transduction,M1,1,0
24_hsa05168,1,-6.8,hsa05168,Herpes simplex infection,M1,1,0
6_R-HSA-8948216,1,-4.4,R-HSA-8948216,Collagen chain trimerization,M1,1,0
19_GO:1903900,1,-2.8,GO:1903900,regulation of viral life cycle,M1,1,0
19_GO:0017158,1,-2.5,GO:0017158,regulation of calcium ion-dependent exocytosis,M1,1,0
19_GO:1903169,1,-2.2,GO:1903169,regulation of calcium ion transmembrane transport,M1,1,0
19_GO:0051384,1,-2.8,GO:0051384,response to glucocorticoid,M1,1,0
19_GO:0032892,1,-2.2,GO:0032892,positive regulation of organic acid transport,M1,1,0
19_GO:0006959,1,-4.8,GO:0006959,humoral immune response,M1,1,0
24_hsa04921,1,-3.3,hsa04921,Oxytocin signaling pathway,M1,1,0
19_GO:0050867,1,-5.6,GO:0050867,positive regulation of cell activation,M1,1,0
19_GO:0022409,1,-8.6,GO:0022409,positive regulation of cell-cell adhesion,M1,1,0
19_GO:0050764,1,-4.9,GO:0050764,regulation of phagocytosis,M1,1,0
19_GO:0043114,1,-4.9,GO:0043114,regulation of vascular permeability,M1,1,0
19_GO:0045860,1,-4.2,GO:0045860,positive regulation of protein kinase activity,M1,1,0
6_R-HSA-5673001,1,-3.9,R-HSA-5673001,RAF/MAP kinase cascade,M1,1,0
6_R-HSA-112314,1,-3.2,R-HSA-112314,Neurotransmitter receptors and postsynaptic signal transmission,M1,1,0
19_GO:0010942,1,-3.1,GO:0010942,positive regulation of cell death,M1,1,0
19_GO:0106049,1,-2.9,GO:0106049,regulation of cellular response to osmotic stress,M1,1,0
19_GO:0042362,1,-2.4,GO:0042362,fat-soluble vitamin biosynthetic process,M1,1,0
19_GO:0099003,1,-2.2,GO:0099003,vesicle-mediated transport in synapse,M1,1,0
6_R-HSA-8847993,1,-2.6,R-HSA-8847993,ERBB2 Activates PTK6 Signaling,M1,1,0
19_GO:0033189,1,-2.1,GO:0033189,response to vitamin A,M1,1,0
19_GO:0006953,1,-6.1,GO:0006953,acute-phase response,M1,1,0
24_hsa05134,1,-9.8,hsa05134,Legionellosis,M1,1,0
6_R-HSA-6798695,1,-3.8,R-HSA-6798695,Neutrophil degranulation,M1,1,0
19_GO:1901099,1,-3,GO:1901099,negative regulation of signal transduction in absence of ligand,M1,1,0
19_GO:0042060,1,-3.1,GO:0042060,wound healing,M1,1,0
6_R-HSA-877300,1,-6.1,R-HSA-877300,Interferon gamma signaling,M1,1,0
19_GO:1903532,1,-5,GO:1903532,positive regulation of secretion by cell,M1,1,0
19_GO:0060759,1,-4.1,GO:0060759,regulation of response to cytokine stimulus,M1,1,0
6_R-HSA-1250347,1,-2.5,R-HSA-1250347,SHC1 events in ERBB4 signaling,M1,1,0
19_GO:2001279,1,-2.5,GO:2001279,regulation of unsaturated fatty acid biosynthetic process,M1,1,0
19_GO:0042098,1,-6.1,GO:0042098,T cell proliferation,M1,1,0
19_GO:0045740,1,-2.1,GO:0045740,positive regulation of DNA replication,M1,1,0
19_GO:0002063,1,-3.2,GO:0002063,chondrocyte development,M1,1,0
19_GO:1901215,1,-3.7,GO:1901215,negative regulation of neuron death,M1,1,0
19_GO:0050704,1,-2.2,GO:0050704,regulation of interleukin-1 secretion,M1,1,0
24_hsa04012,1,-2.5,hsa04012,ErbB signaling pathway,M1,1,0
19_GO:0003014,1,-4.2,GO:0003014,renal system process,M1,1,0
19_GO:0002790,1,-9.2,GO:0002790,peptide secretion,M1,1,0
19_GO:0048729,1,-3,GO:0048729,tissue morphogenesis,M1,1,0
6_R-HSA-9018677,1,-3.4,R-HSA-9018677,Biosynthesis of DHA-derived SPMs,M1,1,0
24_hsa04612,1,-2.8,hsa04612,Antigen processing and presentation,M1,1,0
19_GO:2000404,1,-2.6,GO:2000404,regulation of T cell migration,M1,1,0
19_GO:0030003,1,-2.6,GO:0030003,cellular cation homeostasis,M1,1,0
19_GO:0045940,1,-2.4,GO:0045940,positive regulation of steroid metabolic process,M1,1,0
19_GO:0071711,1,-2.6,GO:0071711,basement membrane organization,M1,1,0
19_GO:0031349,1,-5.7,GO:0031349,positive regulation of defense response,M1,1,0
19_GO:0043068,1,-3.2,GO:0043068,positive regulation of programmed cell death,M1,1,0
19_GO:0046425,1,-4.3,GO:0046425,regulation of JAK-STAT cascade,M1,1,0
19_GO:0032147,1,-2.9,GO:0032147,activation of protein kinase activity,M1,1,0
19_GO:0031589,1,-3.4,GO:0031589,cell-substrate adhesion,M1,1,0
6_R-HSA-1236975,1,-2.2,R-HSA-1236975,Antigen processing-Cross presentation,M1,1,0
19_GO:0021952,1,-2.7,GO:0021952,central nervous system projection neuron axonogenesis,M1,1,0
19_GO:1904894,1,-5.2,GO:1904894,positive regulation of STAT cascade,M1,1,0
19_GO:0045123,1,-2.6,GO:0045123,cellular extravasation,M1,1,0
19_GO:0002739,1,-2.3,GO:0002739,regulation of cytokine secretion involved in immune response,M1,1,0
19_GO:0006820,1,-2.2,GO:0006820,anion transport,M1,1,0
19_GO:2001257,1,-2.2,GO:2001257,regulation of cation channel activity,M1,1,0
19_GO:0050772,1,-2.6,GO:0050772,positive regulation of axonogenesis,M1,1,0
6_R-HSA-991365,1,-3.7,R-HSA-991365,Activation of GABAB receptors,M1,1,0
19_GO:0040017,1,-7.7,GO:0040017,positive regulation of locomotion,M1,1,0
19_GO:0071604,1,-2.9,GO:0071604,transforming growth factor beta production,M1,1,0
19_GO:0002701,1,-2.2,GO:0002701,negative regulation of production of molecular mediator of immune response,M1,1,0
19_GO:0002822,1,-4.1,GO:0002822,regulation of adaptive immune response based on somatic recombination of immune receptors built from,M1,1,0
